0.0|2801|2801|0||2801|-1|2183810|Modus Group|501-1000|false|Investment Banking & Asset Management|200053|3227100331||Biogas Project Development Manager|Warsaw|3094484|CITY|0000016e56d0b5f2b16c3aea720c55ae|true|1573414548978|-5662085852901386834|Finance|10010|||||||14295|GENERAL|0|false|/partner/jobListing.htm?pos=101&ao=14295&tgt=APPLY_START&s=58&guid=0000016e56d0b65094960376e5c90e5e&src=GD_JOB_VIEW&vt=w&aa=1&ea=1&cs=1_8fcc8de6&cb=1573414549072&jobListingId=3227100331|true|/static/img/banners/default-ei-banner.jpg|true|2183810|Modus Group|false|-1|false|Biogas Project Development Manager|3094484|Warsaw|C|https://media.glassdoor.com/sqls/2183810/modus-group-lithuania-squarelogo-1549282338178.png|https://media.glassdoor.com/sqlm/2183810/modus-group-lithuania-squarelogo-1549282338178.png|true|/Overview/Working-at-Modus-Group-EI_IE2183810.11,22.htm|Oct 24, 2019|-0.1|false|0|0|false|false|API||||||||||||||"We are the drivers of the future who offer a great variety of global business and investment opportunities. We mainly focus on renewable energy (Modus Energy, Green Genius), mobility services (CityBee), smart parking solutions (&ldquo;City Parking Group&ldquo;), and auto business. Today we unify 18 automobile brands, including Porsche, Bentley, BMW, Fiat, Maserati and other big names of car industry. The fields that we invest in follow the same key guidelines: they are all about investing into the future, working smart and trusting green!
<br/><br/>
Renewable energy with Modus Energy and Green Genius brands at the forefront is one of the fastest growing Modus Group business areas. We were pioneers of sustainable solar and biogas projects in Lithuania and today we are accelerating our business across Europe &ndash; investing &gt;50mEUR in renewable energy projects in Spain, Poland and Belarus in 2018 alone. Thinking green is not only our business, but an important part of our work routine and mindset of #ModusGroupTrustsGreen.
<br/><br/>
We are looking for you - <strong>Biogas Project Development Manager</strong> you will be responsible for the Modus group strategy implementation in Polish biogas market. Team management, communication with local partners and project developers, state institutions will be your daily tasks.
<br/><br/>
Moreover, you will ensure smooth developmental processes and pass on the projects for Construction team. The role will be based in Warsaw, however, would involve multiple business trips around Poland. Would you like to build a greener future too?
<br/><br/>
<strong>Requirements</strong>
<br/><br/>
To be our perfect fit we expect you to:
<ul>
 <li>Have up to 5 years of experience in the development of energy business, managing business in international company/ technical fields or biogas market</li> <li>Be more than interested in renewable energy sector and have a techno-economic thinking;</li> <li>Have experience in team management;</li> <li>Always see a big picture and be able to find solutions even to the most complex issues;</li> <li>Have great negotiation and communication skills;</li> <li>Be highly self-disciplined, attentive to details and goal oriented;</li> <li>Knowledge about waste market will be the great advantage</li> <li>Be fluent in English;</li> <li>Driving license is a must;</li> 
</ul>
<strong>Benefits</strong>
<br/><br/>
Here is what to expect from the day you join our team onwards:
<ul>
 <li>How about working from a cafe or your own living room? Here at Modus Group you can work from anywhere (as long as it is compatible with our customers and your direct manager is informed);</li> <li>Competitive pay and great, unique variety of benefits;</li> <li>Highest quality training and development programs - all designed to suit your pace and time. Porsche or Bentley way of working, Accor hotel standards or business development strategies from the world trend conferences, all is on the menu;</li> <li>A network for sharing knowledge and best practices among colleagues and experts from different sectors and countries;</li> <li>Career opportunities within the businesses of the Group &ndash; no country is too far, no business is unfamiliar, no position is too high;</li> <li>A modern and lively office, with attentively designed areas for every moment of your work day whether it is a productive work, relaxation, collaboration or a chit-chat;</li> <li>And most important - freedom to think outside the box, create and realize your ideas.</li>
</ul>"|2019-10-24T04:52:23|-2041513|75613|4101124270||WorkableHR.com|-1|3227100331||Poland|Modus Group|52.25|21.0|Warsaw|||/Benefits/Modus-Group-UK-Benefits-EI_IE2183810.0,11_IL.12,14_IN2.htm|/Photos/Modus-Group-Office-Photos-E2183810.htm|/Reviews/Modus-Group-Reviews-E2183810.htm|/Salary/Modus-Group-Salaries-E2183810.htm|1993|Vilnius, Lithuania|Investment Banking & Asset Management|200053|Unknown / Non-Applicable|Finance|10010|501 to 1000 employees||Company - Private|"We are the drivers of the future who offer a great variety of global business and investment opportunities. We mainly focus on renewable energy (Modus Energy , Green Genius), mobility services ( CityBee ), smart parking solutions (City Parking Group), and auto business. Today we unify 18 automobile brands, including Porsche, Bentley, BMW, Fiat, Maserati and other big names of the car industry.
The fields that we invest in follow the same key guidelines: they are all about investing into the future, working smart and trusting green!"||www.modus.group||||1687|Liudas Liutkevičius|||0|-0.1|-0.1|-0.1|2801|||||||||||||||||||||||||||||||||||||||||||2483|
4.0|2802|2802|3||2802|-1|10416|Boehringer Ingelheim|10000--1|false|Biotech & Pharmaceuticals|200021|3406582322||Quality Manager - Boehringer Ingelheim Healthcare Portugal||3183562|CITY|0000016e56d0b5cfa19a4b2ba225a2ee|true|1573414548943|-6802041636413660434|Biotech & Pharmaceuticals|10005|||||||43297|GENERAL|0|false|/partner/jobListing.htm?pos=101&ao=43297&s=58&guid=0000016e56d0b64598a932b59de14c05&src=GD_JOB_VIEW&vt=w&cs=1_08cd3d59&cb=1573414549061&jobListingId=3406582322|true|/static/img/banners/default-ei-banner.jpg|false|10416|Boehringer Ingelheim|false|-1|false|Quality Manager - Boehringer Ingelheim Healthcare Portugal|3183562|Porto|C|https://media.glassdoor.com/sqls/10416/boehringer-ingelheim-squarelogo-1445391974408.png|https://media.glassdoor.com/sqlm/10416/boehringer-ingelheim-squarelogo-1445391974408.png|true|/Overview/Working-at-Boehringer-Ingelheim-EI_IE10416.11,31.htm|Nov 4, 2019|3.8|false|0|0|false|false|||||||||||||||"<strong></strong>
<br/><br/>
<strong></strong>
<br/><br/>
<strong><u>Description:</u></strong>
<br/><br/>
<strong></strong>
<br/><br/>
Join Boehringer Ingelheim and be part of a legacy where your growth is just as important as ours. As a global, research-driven pharmaceutical company, we are one of the world&rsquo;s top 20 leading companies in our industry. As a leading company, Boehringer Ingelheim thrives on passion, innovation and independence, and offers fulfilling work and growing opportunities to highly dedicated people.
<br/><br/>
In Portugal, we are one of the top growing companies in the industry and are just launching a new business endeavour<strong>, Consanas</strong>, in the <strong>Neurological Rehabilitation</strong> field. This project, part of our newly company <strong>Boehringer Ingelheim Healthcare</strong> Portugal, is an important contribution towards fulfilling Boehringer Ingelheim strategy of offering solutions beyond medicines to allow us to extend our contributions to the management of chronic diseases.
<br/><br/>
As a <strong>Quality Manager</strong> of <strong>Boehringer Ingelheim Healthcare Portugal</strong>, the successful candidate will be responsible for establishing, maintaining and further developing a broad and effective <strong>Quality Management (QM)</strong> system encompassing the four activity groups in the Rehabilitation centre: administration, nurses, physicians and therapists.
<br/><br/>
The ultimate goal of the QM system is to render the most effective and efficient rehabilitation treatment to our patients keeping in mind the needed business performance of the rehabilitation centre.
<br/><br/>
<strong><u>Duties &amp; Responsibilities:</u></strong>
<br/><br/>
Quality Planning:
<ul>

<li>Establish, maintain and further develop the QM system, its instruments and processes;</li>
<li>Prepare and accompany certification as well as monitoring audits;</li>

</ul>
Quality Assurance
<ul>

<li>Develop and implement QM instruments that integrate and allow the seamless interplay of all four activity groups: administration, nurses, physicians and therapists;</li>
<li>Monitor implementation and adherence of QM instruments;</li>

</ul>
Quality Improvement
<ul>

<li>Conceive and carry out QM training sessions;</li>
<li>Prepare and conduct internal audits as well as prepare and coordinate external, certification audits;</li>
<li>Develop improvement measures based on audits&rsquo; results;</li>

</ul>
Quality Compliance
<ul>

<li>Manage relationship to authorities;</li>
<li>Produce all required QM related documents for authorities;</li>
<li>Gather all relevant local laws and regulations, industry codes, BI global and local compliance policies and procedures for rehabilitation centre operations;</li>

</ul>
Risk Management
<ul>

<li>Implement risk management protocols in all four activity groups.</li>

</ul>
<strong><u>Requirements:</u></strong>
<ul>
<li>Technical or University degree with a focus on <strong>Medical, nursing or rehabilitation background;</strong></li><li>Minimum <strong>5 years of related experience</strong> working at leading hospitals or healthcare providers;</li> <li>Excellent command of the <strong>Portuguese and English</strong> language (spoken and written);</li><li>Appropriate certification in <strong>QM systems</strong>: Quality Assurance and Quality Control in health and social work facilities;</li><li>Profound knowledge of QM systems: conception, implementation and improvement;</li><li>Attention to detail; analytical and improvement oriented;</li><li>Self-motivation, pro-activity and determination;</li><li>Commitment to results;</li><li>Strong communication and relationship-building;</li><li>Change and adaptability;</li><li>Profound knowledge of the <strong>Portugal healthcare market and regulatory environment.</strong></li>
</ul>
If you have any questions related to the recruitment process, please do not hesitate to contact Talent Acquisition MIDI:
<br/><br/>
TalentAcquisitionMIDI.EU@boehringer-ingelheim.com
<br/><br/>
<strong><u>Who we are</u></strong>:<br/>
<div>At Boehringer Ingelheim we create value through innovation with one clear goal: to improve the lives of patients. We develop breakthrough therapies and innovative healthcare solutions in areas of unmet medical need for both humans and animals. As a family owned company, we focus on long-term performance. We are powered by 50.000 employees globally who nurture a diverse, collaborative and inclusive culture. Learning and development for all employees is key, because your growth is our growth. Want to learn more? Visit www.boehringer-ingelheim.com and join us in our effort to make more health.</div> <div>ROPU MIDI is a Regional Operating Unit consisting of 8 mid-sized European countries; Belgium, Denmark, Finland, Greece, Norway, Portugal, Sweden and The Netherlands. MIDI is a multicultural and diverse work environment. More than 1.800 employees are striving to work together to improve lives for patients and animals in our region.</div> <div> <div>We offer new and exciting development opportunities for ambitious people with potential for more. For more information about Boehringer Ingelheim please visit www.boehringer-ingelheim.com.</div> <div><strong><u>Screening:</u></strong></div>  <div>In order to comply with applicable export control laws, Boehringer Ingelheim periodically screens business relations (including job applicants) against sanctioned party lists (&ldquo;SPL&rdquo;). These checks may be performed by Boehringer Ingelheim or by any of its Affiliates. You acknowledge that Boehringer Ingelheim and/or its Affiliates will screen you against SPL and that for this purpose your personal data may be processed in relevant databases, including databases of third-party vendors that perform SPL screening for or on behalf of Boehringer Ingelheim or its Affiliates which may be located or accessible outside the EU. Boehringer Ingelheim is committed to ensuring an adequate level of protection of your personal data.</div> </div>"|2019-11-04T03:59:14|320139505|91874|4202175076||taleo|-1|3406582322|||Boehringer Ingelheim|41.15|-8.6167|Porto|||/Benefits/Boehringer-Ingelheim-UK-Benefits-EI_IE10416.0,20_IL.21,23_IN2.htm|/Photos/Boehringer-Ingelheim-Office-Photos-E10416.htm|/Reviews/Boehringer-Ingelheim-Reviews-E10416.htm|/Salary/Boehringer-Ingelheim-Salaries-E10416.htm|1885|Ingelheim am Rhein, Germany|Biotech & Pharmaceuticals|200021|£5 to £10 billion (GBP)|Biotech & Pharmaceuticals|10005|10000+ employees||Company - Private|||www.boehringer-ingelheim.com||||1688|Hubertus von Baumbach |||123|0.8|0.76|3.8|2802|GBR|GB|EU|Europe|4|false|UK|GBP|2|United Kingdom Pound (GBP)|2|United Kingdom Pound|$(#)|false|$#|&pound;|GBP|en_UK|United Kingdom|United Kingdom|true|2|United Kingdom|true|United Kingdom|false|60363602|UK|.uk|N|United Kingdom|United Kingdom|GBP|2|United Kingdom Pound (GBP)|2|United Kingdom Pound|$(#)|false|$#|&pound;|2019-10-14T06:05:58|2484|
0.0|2803|2803|0||2803|-1|1043373|Immobiliare.it |201-500|false||0|3230738442||Senior Software Engineer (PHP, Elixir, Python)|Milano|2802090|CITY|0000016e56d0b5c58f39733898e10986|true|1573414548933|-8126337365693101690||0|||||||437149|GENERAL|0|false|/partner/jobListing.htm?pos=101&ao=437149&s=58&guid=0000016e56d0b63d9df63b198a968ec2&src=GD_JOB_VIEW&vt=w&cs=1_c8d3b2cc&cb=1573414549053&jobListingId=3230738442|true|/static/img/banners/default-ei-banner.jpg|false|1043373|Immobiliare.it|false|-1|false|Senior Software Engineer (PHP, Elixir, Python)|2802090|Milan|C|https://media.glassdoor.com/sqls/1043373/immobiliare-it-squarelogo-1545292363695.png|https://media.glassdoor.com/sqlm/1043373/immobiliare-it-squarelogo-1545292363695.png|true|/Overview/Working-at-Immobiliare-it-EI_IE1043373.11,25.htm|Oct 28, 2019|2.4|false|0|0|false|false|||||||||||||||"Dottori.it &egrave; il motore di ricerca che ti aiuta a trovare medici, specialisti, centri di diagnosi e strutture sanitarie nella tua citt&agrave;, e a prenotare una visita in modo facile e veloce.
<br/><br/>
Stiamo cercando un Senior Software Engineer che entri a far parte del team Digital di Dottori.it. Avrai la responsabilit&agrave; di realizzare microservizi in vari linguaggi di programmazione e definire le architetture dei software che realizzerai.
<br/><br/>
Ci piacerebbe incontrare profili con una pregressa esperienza nello sviluppo di API Rest, con soluzioni altamente scalabili: stateless api, soluzioni per la gestione delle code, di cache condivise, ecc. Collaborerai con il team di sviluppo Frontend, Core e Product Owner per l&rsquo;analisi e definizione delle feature in fase di grooming.
<br/><br/>
Ci aspettiamo che tu abbia una consolidata esperienza nello sviluppo di codice elegante, testabile, che tu conosca bene le strutture dati (array, liste, alberi binari, heap, grafi), algoritmi di ricerca e ordinamento, design patterns (factory, singleton, dependency injection, ecc) e che tu abbia maturato un&rsquo;ottima dimestichezza nel versionamento del codice, nel code-review e nelle varie soluzioni di testing (unit, functional, end-to-end).
<br/><br/>
<strong>Requisiti:</strong>
<br/>
Almeno 3 anni di sviluppo
<br/>
Conoscenza delle strutture dati, architetture web (Rest API) e algoritmiche, volte alla buona scalabilit&agrave; del software
<br/>
Abilit&agrave; di code-review, testing, ci
<br/>
Propensione alla creazione di soluzioni gestibili nel lungo termine; dovrai valutare gli impatti a livello di sistema che assicurano che il prodotto si evolva nel modo corretto
<br/>
Curiosit&agrave; e passione per imparare costantemente cose nuove; il nostro stack cambia velocemente e abbiamo bisogno che le persone siano in grado di cambiare e imparare velocemente
<br/>
Capacit&agrave; di stabilire ottimi rapporti con altri team e soprattutto a livello dirigenziale
<br/>
Esperienza nella programmazione funzionale &egrave; un plus
<br/><br/>
<strong>Benefit:</strong>
<br/>
Possibilit&agrave; di partecipare a corsi e conferenze
<br/>
Orario flessibile
<br/>
Palestra in ufficio
<br/>
Possibilit&agrave; di collaborare in progetti OpenSource
<br/>
Il presente annuncio &egrave; rivolto ad entrambi i sessi, ai sensi delle leggi 903/77 e 125/91, e a persone di tutte le et&agrave; e tutte le nazionalit&agrave;, ai sensi dei decreti legislativi 215/03 e 216/03."|2019-10-28T12:48:55|-1836661938|252306|4069122447||Indeed XML Feed Employer|-1|3230738442||Italy|Immobiliare.it |45.4667|9.2|Milan|||/Benefits/Immobiliare-it-UK-Benefits-EI_IE1043373.0,14_IL.15,17_IN2.htm|/Photos/Immobiliare-it-Office-Photos-E1043373.htm|/Reviews/Immobiliare-it-Reviews-E1043373.htm|/Salary/Immobiliare-it-Salaries-E1043373.htm|0|MILANO, Italy||0|£25 to £50 million (GBP)||0|201 to 500 employees||Company - Private|||||||||||0|-1.0|0.47|2.4|2803|||||||||||||||||||||||||||||||||||||||||||2485|
0.0|2804|2804|0||2804|-1|2226886|Codup|1-50|false||0|3406676842||Senior SQA Engineer|Karachi|3212296|CITY|0000016e56d0b5bca1733da6de4f4098|true|1573414548924|-6813034024377827176||0|||||||389273|JOB_BOARD|0|false|/partner/jobListing.htm?pos=101&ao=389273&s=58&guid=0000016e56d0b681b1922464b1592ed6&src=GD_JOB_VIEW&vt=w&cs=1_93805db3&cb=1573414549121&jobListingId=3406676842|true|/static/img/banners/default-ei-banner.jpg|false|2226886|Codup|false|-1|false|Senior SQA Engineer|3212296|Karāchi|C|||false|/Overview/Working-at-Codup-EI_IE2226886.11,16.htm|Nov 4, 2019|1.5|false|0|0|false|false|||||||||||||||"Codup is looking for a Senior SQA Engineer for its Karachi office.
<br/><br/>
Niche: IT/Software development
<br/><br/>
<strong>RESPONSIBILITIES</strong>:


<ul>
<li>Understanding and discussing the scope of web development projects in coordination with the development team and Project Manager, business team and possibly, client.</li>
<li>Defining test cases to be tested against after for each module/sprint of development, completing those tests and reporting back to project manager and development team with bug reports.</li>
<li>Developing, documenting and maintaining functional test cases and other test artifacts.</li>
<li>Training the testing team with best and efficient workflow processes.
<br/><br/>
<strong>REQUIREMENTS:</strong> </li>
<li>5-6 years relevant industry experience.</li>
<li>At least graduation in computer sciences or equivalent.</li>
<li>Ability to understand project scope and create test cases and unit tests.</li>
<li>Experience of using testing tools for test plans and test cases management.</li>
<li>Ability to manage a testing team and experience of defining Quality Assurance &amp; Agile Testing processes.
<br/><br/>
Job Type: Full-time
<br/><br/>
Salary: Rs100,000.00 to Rs120,000.00 /month
<br/><br/>
Experience:</li>

</ul>


<ul>
<li>Quality Assurance: 5 years (Required)</li>
</ul>"|2019-11-04T07:00:20|776027520|277822|4202319566||Indeed XML Feed Dradis|35043|3406676842||PK|Codup|24.8667|67.05|Karāchi|||/Benefits/Codup-UK-Benefits-EI_IE2226886.0,5_IL.6,8_IN2.htm|/Photos/Codup-Office-Photos-E2226886.htm|/Reviews/Codup-Reviews-E2226886.htm|/Salary/Codup-Salaries-E2226886.htm|0|Karachi, Pakistan||0|Unknown / Non-Applicable||0|1 to 50 employees||Company - Private|||||||||||0|-1.0|0.0|1.5|2804|||||||||||||||||||||||||||||||||||||||||||2486|
0.0|2805|2805|0||2805|-1|851555|Markelytics Solutions|201-500|false|Consulting|200028|3201515974||Research Manager|Bengaluru|2940587|CITY|0000016e56d0b5ba9a6c4efc3844657c|true|1573414548922|-7319388449201166980|Business Services|10006|||||||437149|GENERAL|0|false|/partner/jobListing.htm?pos=101&ao=437149&s=58&guid=0000016e56d0b63cb0b909bab2fc28e4&src=GD_JOB_VIEW&vt=w&cs=1_8e898acc&cb=1573414549052&jobListingId=3201515974|true|/static/img/banners/default-ei-banner.jpg|false|851555|MARKELYTICS SOLUTIONS INDIA|false|-1|false|Research Manager|2940587|Bengaluru|C|https://media.glassdoor.com/sqls/851555/markelytics-solutions-squarelogo-1524132130494.png|https://media.glassdoor.com/sqlm/851555/markelytics-solutions-squarelogo-1524132130494.png|true|/Overview/Working-at-MARKELYTICS-SOLUTIONS-INDIA-EI_IE851555.11,38.htm|Nov 1, 2019|3.5|false|0|0|false|false|||||||||||||||"<strong>Department:</strong> Research &amp; Operations
<br/><br/>
<strong>Vacancies:</strong> 3
<br/><br/>
<strong>Experience:</strong> 5 to 7 yrs
<br/><br/>
<strong>Work Timing:</strong> 9am to 6pm / 10am to 7pm
<br/><br/>
<strong>Working days/Week:</strong> 6 (Saturdays are usually half day working &amp; 1 Saturday is off in a month)
<br/><br/>
<strong>Job Location:</strong> Vijayanagar, Bangalore
<br/><br/>
Short Job Description
<br/><br/>
The Market Research Manager is responsible for selecting the appropriate research methodology and supporting techniques to meet a defined business objective. Depending upon the selected methods, the Research Manager develops or assists in the development of the research instrument. The Research Manager works closely with vendors or Market Research Project Directors ensuring the successful execution of the fieldwork. Upon completion, the Market Research Manager reviews the collected data, authors reports and makes business-oriented recommendations to the sponsoring client.
<br/><br/>
<strong>Responsibilities</strong>
<br/><br/>
Communicating with clients to understand and document the business objectives
<br/>
Selecting the most appropriate research methodology and techniques
<br/>
Designing qualitative and quantitative research plans for products in all stages of the Product Life Cycle
<br/>
Designing research questionnaires and moderator guides
<br/>
Working with Project Directors to oversee the fieldwork initiative
<br/>
Interpreting data, writing reports, and making actionable recommendations
<br/>
Desired Candidates
<br/><br/>
A minimum of 5 to 7 years within the custom Market Research industry
<br/>
1 to 3 years of industry/sector experience
<br/>
Academic and practical experience with a wide array of new product, brand, advertising and customer satisfaction research methodologies
<br/>
Exceptional written and oral communication abilities
<br/>
Strong analytic skills with experience in statistical modeling and analysis
<br/>
Proficient with Excel, PowerPoint, and SPSS/SAS
<br/>
Bachelors or advanced degree in business, mathematics, or the sciences
<br/>
<strong>Education</strong>
<br/><br/>
Bachelor&rsquo;s degree in economics, marketing, mathematics, or social science
<br/>
MBA, Master&rsquo;s of Market Research, or Advanced Degree in Social Science preferred"|2019-11-01T13:40:48|928824553|252303|4042579082||Indeed XML Feed Employer|33240|3201515974||IN|Markelytics Solutions|12.967|77.5873|Bengaluru|||/Benefits/Markelytics-Solutions-UK-Benefits-EI_IE851555.0,21_IL.22,24_IN2.htm|/Photos/Markelytics-Solutions-Office-Photos-E851555.htm|/Reviews/Markelytics-Solutions-Reviews-E851555.htm|/Salary/Markelytics-Solutions-Salaries-E851555.htm|2003|Bangalore, India|Consulting|200028|Unknown / Non-Applicable|Business Services|10006|201 to 500 employees||Company - Private|||||||||||0|-1.0|0.67|3.5|2805|||||||||||||||||||||||||||||||||||||||||||2487|
3.0|2806|2806|20||2806|-1|4212|NCR|10000--1|false|Computer Hardware & Software|200060|3390891131||PS Technical Consultant||-1|CITY|0000016e56d0b62591ebe92fd72038dd|true|1573414549029|-7931989927001048867|Information Technology|10013|||||||242900|GENERAL|0|false|/partner/jobListing.htm?pos=101&ao=242900&s=58&guid=0000016e56d0b6a18d24585085c6992b&src=GD_JOB_VIEW&vt=w&cs=1_910b3c11&cb=1573414549153&jobListingId=3390891131|true|/static/img/banners/default-ei-banner.jpg|false|4212|NCR|false|-1|false|PS Technical Consultant|54|Colombia|N|https://media.glassdoor.com/sqls/4212/ncr-squarelogo-1504876861442.png|https://media.glassdoor.com/sqlm/4212/ncr-squarelogo-1504876861442.png|true|/Overview/Working-at-NCR-EI_IE4212.11,14.htm|Oct 18, 2019|3.3|false|0|0|false|false|||||||||||||||"<strong>About NCR</strong>
<br/><br/>
NCR Corporation (NYSE: NCR) is a leading software- and services-led enterprise provider in the financial, retail, hospitality, telecom and technology industries. NCR is headquartered in Atlanta, Ga., with 34,000 employees and does business in 180 countries. NCR is a trademark of NCR Corporation in the United States and other countries.
<br/><br/>
POSITION SUMMARY &amp; KEY AREAS OF RESPONSIBILITY:
<br/><br/>
&middot; Position responsible for software effort scoping, design, implementation, testing, and systems integration testing of software components
<br/><br/>
&middot; Responsible for the implementation of a solution or parts of a solution to meet the stated specifications and architecture; Performs software design, programming, testing, support and documentation of their software to the agreed standards and quality guidelines and in accordance with the relevant processes
<br/><br/>
&middot; Write documentation to describe program development, logic, coding, and corrections; Validates software design and solution to the project requirements
<br/><br/>
&middot; Focuses on activities such as evaluating, designing, constructing, integrating, unit testing, trouble-shooting and supporting software solutions based on business and operational requirements in a variety of customer-facing and internal business scenarios
<br/><br/>
&middot; Conducting unit tests, tracking problems, and implementing changes to ensure adherence to test plan and functional requirements; Responsible for diagnosing, isolating, and implementing remedies for system failures caused by errors in software code, using knowledge of system characteristics and utilizing software based system maintenance and tracking tools
<br/><br/>
&middot; Perform functional analysis of requirements to determine estimates of resources (people and equipment), size of the software products, efforts, schedules and critical computer resources
<br/><br/>
&middot; Establish acceptance criteria and quality goals; Provides estimates, goals, standards, constraints and dependencies as input to the SOW and the software development plan
<br/><br/>
&middot; Responsibilities include efficient troubleshooting of system setups to quickly identify root cause, determine best possible solution, and ultimately resolve installation/configuration related issues
<br/><br/>
&middot; Responsible for providing feedback to NCR&rsquo;s development team on new features and functions or new methods of executing existing features and functions in an effort to improve the overall effectiveness and performance of our systems; This includes documenting detailed requirements and participating in design related activities to ensure new development activities meet or exceed customer expectations
<br/><br/>
&middot; Researches and writes sections of proposals
<br/><br/>
&middot; Contributes to project recommendations
<br/><br/>
&middot; Helps to prepare client transition plans
<br/><br/>
&middot; Works with Business partners to identify, gather, prioritize and incorporate business requirements into the solution
<br/><br/>
&middot; Maintain, administer and support tools used in deploying the solution
<br/><br/>
&middot; Assists the project manager in implementing innovative industry and horizontal solutions to the client
<br/><br/>
BASIC QUALIFICATIONS:
<br/><br/>
Bachelor&rsquo;s Degree in a related field
<br/><br/>
1-2 years of related experience
<br/><br/>
Excellent communication skills - written and verbal
<br/><br/>
Experience working with Microsoft operating system technology - specifically Windows 2000 or Windows XP Pro; Experience developing with Microsoft-s .NET Framework; Experience working with Microsoft Visual Studio development tools
<br/><br/>
Event-based programming understanding and knowledge
<br/><br/>
Experience building and supporting 7x24 resilient or mission critical systems
<br/><br/>
Experience creating and leading group presentations, hosting web seminars and public speaking
<br/><br/>
Working knowledge of Software Product Lines
<br/><br/>
PREFERRED QUALIFICATIONS:
<br/><br/>
C#, AngularJS, Java, etc
<br/><br/>
English
<br/><br/>
<strong>EEO Statement</strong>
<br/>
Integrated into our shared values is NCR&rsquo;s commitment to diversity. NCR is committed to being a globally inclusive company where all people are treated fairly, recognized for their individuality, promoted based on performance and encouraged to strive to reach their full potential. We believe in understanding and respecting differences among all people. NCR does not discriminate in employment based on sex, age, race, color, creed, religion, national origin, disability, sexual orientation, veteran status, military service, genetic information, or any other characteristic or conduct protected by law. Every individual at NCR has an ongoing responsibility to respect and support a globally diverse environment.
<br/><br/>
<strong>Statement to Third Party Agencies</strong>
<br/>
To ALL recruitment agencies: NCR only accepts resumes from agencies on the NCR preferred supplier list. Please do not forward resumes to our applicant tracking system, NCR employees, or any NCR facility. NCR is not responsible for any fees or charges associated with unsolicited resumes."|2019-10-18T02:10:48|-952566748|121969|4179282688||workDay|817511|3390891131|||NCR|0.0|0.0|Colombia|||/Benefits/NCR-UK-Benefits-EI_IE4212.0,3_IL.4,6_IN2.htm|/Photos/NCR-Office-Photos-E4212.htm|/Reviews/NCR-Reviews-E4212.htm|/Salary/NCR-Salaries-E4212.htm|1884|Atlanta, GA|Computer Hardware & Software|200060|£5 to £10 billion (GBP)|Information Technology|10013|10000+ employees|NCR|Company - Public|NCR Corporation (NYSE: NCR) is a leader in banking and commerce solutions, powering incredible experiences that make life easier. With its software, hardware, and portfolio of services, NCR enables 760 million transactions daily across financial, retail, hospitality, travel, telecom and technology industries. NCR is headquartered in Atlanta, Ga., with 34,000 employees and does business in 180 countries. NCR is a trademark of NCR Corporation in the United States and other countries.|Partner with our customers to lead the next generation of consumer experience innovation and productivity gains.|www.ncr.com||||1689|Michael Hayford|https://media.glassdoor.com/people/sql/4212/ncr-ceo1541455591894.png|https://media.glassdoor.com/people/sqll/4212/ncr-ceo1541455591894.png|246|0.72|0.6|3.3|2806|GBR|GB|EU|Europe|4|false|UK|GBP|2|United Kingdom Pound (GBP)|2|United Kingdom Pound|$(#)|false|$#|&pound;|GBP|en_UK|United Kingdom|United Kingdom|true|2|United Kingdom|true|United Kingdom|false|60363602|UK|.uk|N|United Kingdom|United Kingdom|GBP|2|United Kingdom Pound (GBP)|2|United Kingdom Pound|$(#)|false|$#|&pound;|2019-10-12T11:57:27|2488|
0.0|2807|2807|0||2807|-1|556626|Nisha Group|51-200|false|Staffing & Outsourcing|200032|3200067749||B2B Product Manager||-1|CITY|0000016e56d0b5c1ae9faad8d730a05c|true|1573414548929|-5863780341513150372|Business Services|10006|||||||437149|GENERAL|0|false|/partner/jobListing.htm?pos=101&ao=437149&s=58&guid=0000016e56d0b731bb5ed3a75d7987ab&src=GD_JOB_VIEW&vt=w&cs=1_09b189d6&cb=1573414549297&jobListingId=3200067749|true|/static/img/banners/default-ei-banner.jpg|false|556626|Nisha|false|-1|false|B2B Product Manager|5075|Central|S|https://media.glassdoor.com/sqls/556626/nisha-group-squarelogo-1442469477016.png|https://media.glassdoor.com/sqlm/556626/nisha-group-squarelogo-1442469477016.png|true|/Overview/Working-at-Nisha-EI_IE556626.11,16.htm|Nov 1, 2019|3.5|false|0|0|false|false|||||||||||||||"<b>&#1514;&#1497;&#1488;&#1493;&#1512; &#1492;&#1502;&#1513;&#1512;&#1492;:</b><br/>
&#1500;&#1495;&#1489;&#1512;&#1514; &#1492;&#1497;&#1497;&#1496;&#1511; &#1489;&#1497;&#1504;&#1500;&#1488;&#1493;&#1502;&#1497;&#1514; &#1513;&#1508;&#1497;&#1514;&#1495;&#1492; &#1488;&#1514; &#1492;&#1508;&#1500;&#1496;&#1508;&#1493;&#1512;&#1502;&#1492; &#1492;&#1502;&#1493;&#1489;&#1497;&#1500;&#1492; &#1499;&#1497;&#1493;&#1501; &#1500;&#1504;&#1497;&#1492;&#1493;&#1500; &#1502;&#1506;&#1512;&#1499;&#1497; &#1500;&#1493;&#1490;&#1497;&#1505;&#1496;&#1497;&#1511;&#1492; &#1502;&#1493;&#1512;&#1499;&#1489;&#1497;&#1501; &#1513;&#1500; &#1495;&#1489;&#1512;&#1493;&#1514; &#1490;&#1491;&#1493;&#1500;&#1493;&#1514;, &#1491;&#1512;&#1493;&#1513;/&#1492; B2B Product Manager.
<br/>&#1492;&#1502;&#1493;&#1510;&#1512; &#1513;&#1500;&#1492; &#1502;&#1488;&#1508;&#1513;&#1512; &#1500;&#1506;&#1505;&#1511;&#1497;&#1501; &#1500;&#1506;&#1511;&#1493;&#1489; &#1489;&#1488;&#1493;&#1508;&#1503; &#1502;&#1491;&#1493;&#1497;&#1497;&#1511; &#1497;&#1493;&#1514;&#1512; &#1488;&#1495;&#1512; &#1502;&#1513;&#1500;&#1493;&#1495;&#1497;&#1501; &#1493;&#1500;&#1505;&#1508;&#1511; &#1500;&#1500;&#1511;&#1493;&#1495;&#1493;&#1514; &#1491;&#1497;&#1493;&#1493;&#1495; &#1489;&#1494;&#1502;&#1503; &#1488;&#1502;&#1514; &#1506;&#1500; &#1502;&#1497;&#1511;&#1493;&#1501; &#1492;&#1502;&#1513;&#1500;&#1493;&#1495; &#1489;&#1488;&#1502;&#1510;&#1506;&#1493;&#1514; &#1492;&#1505;&#1502;&#1488;&#1512;&#1496;&#1508;&#1493;&#1503;.
<br/><br/>
<b>&#1491;&#1512;&#1497;&#1513;&#1493;&#1514; &#1492;&#1514;&#1508;&#1511;&#1497;&#1491;:</b><br/>
5+&#1513;&quot;&#1504; &#1499;&#1502;&#1504;&#1492;&#1500;/&#1514; &#1502;&#1493;&#1510;&#1512;
<br/><br/>
&#1495;&#1493;&#1489;&#1492;- &#1504;&#1497;&#1505;&#1497;&#1493;&#1503; &#1506;&#1489;&#1493;&#1491;&#1492; &#1502;&#1493;&#1500; &#1500;&#1511;&#1493;&#1495;&#1493;&#1514; &#1490;&#1491;&#1493;&#1500;&#1497;&#1501;, &#1489;&#1514;&#1495;&#1493;&#1501; &#1492; Enterprise &#1493;&#1502;&#1495;&#1489;&#1512;&#1493;&#1514; SU &#1493;&#1513;&#1502;&#1489;&#1497;&#1503;/&#1492; &#1488;&#1514; &#1492;&#1491;&#1497;&#1504;&#1488;&#1502;&#1497;&#1493;&#1514; &#1493;&#1492;&#1493;&#1493;&#1497;&#1497;&#1489; &#1489;&#1495;&#1489;&#1512;&#1492; &#1511;&#1496;&#1504;&#1492;.
<br/><br/>
&#1504;&#1497;&#1505;&#1497;&#1493;&#1503; &#1502;&#1493;&#1499;&#1495; &#1489; customer facing -&#1495;&#1493;&#1489;&#1492;
<br/><br/>
&#1504;&#1497;&#1505;&#1497;&#1493;&#1503; &#1489;&#1506;&#1489;&#1493;&#1491;&#1492; &#1489;&#1510;&#1502;&#1493;&#1491; &#1500;&#1510;&#1493;&#1493;&#1514;&#1497; R&amp;D
<br/><br/>
&#1506;&#1501; &#1497;&#1499;&#1493;&#1500;&#1493;&#1514; &#1504;&#1497;&#1492;&#1493;&#1500; &#1508;&#1512;&#1493;&#1497;&#1497;&#1511;&#1496;&#1497;&#1501;, &#1493;&#1492;&#1499;&#1512;&#1493;&#1514; &#1506;&#1501; &#1513;&#1497;&#1496;&#1493;&#1514; AGILE
<br/><br/>
&#1504;&#1497;&#1505;&#1497;&#1493;&#1503; &#1489;UX design-&#1497;&#1514;&#1512;&#1493;&#1503;"|2019-11-01T13:03:40|967186403|240832|4124592589||Indeed XML Feed Employer|941269|3200067749||IL|Nisha Group|0.0|0.0|Central|||/Benefits/Nisha-Group-UK-Benefits-EI_IE556626.0,11_IL.12,14_IN2.htm|/Photos/Nisha-Group-Office-Photos-E556626.htm|/Reviews/Nisha-Group-Reviews-E556626.htm|/Salary/Nisha-Group-Salaries-E556626.htm|0|Tel Aviv, Israel|Staffing & Outsourcing|200032|Unknown / Non-Applicable|Business Services|10006|51 to 200 employees||Company - Private|||||||1690|Paule Tzuker|||0|-1.0|0.57|3.5|2807|||||||||||||||||||||||||||||||||||||||||||2489|
0.0|2808|2808|0||2808|0|130664|Inria|1001-5000|false|Internet|200063|3377970250||Post-Doctoral Research Visit F/M Microscopic description of physical phenomena: mathematical aspects and numerics|Villeneuve-d'Ascq|4338378|CITY|0000016e56d0b8bd9723afa8a8463e86|true|1573414549693|-7556002610885017978|Information Technology|10013|||||||437149|GENERAL|0|false|/partner/jobListing.htm?pos=101&ao=437149&s=58&guid=0000016e56d0b9159f480ee50de5ee80&src=GD_JOB_VIEW&vt=w&cs=1_345222fe&cb=1573414549781&jobListingId=3377970250|true|/static/img/banners/default-ei-banner.jpg|false|130664|Inria|false|0|false|Post-Doctoral Research Visit F/M Microscopic description of physical phenomena: mathematical aspects and numerics|4338378|Villeneuve-d'Ascq|C|https://media.glassdoor.com/sqls/130664/inria-squarelogo-1538678854646.png|https://media.glassdoor.com/sqlm/130664/inria-squarelogo-1538678854646.png|true|/Overview/Working-at-Inria-EI_IE130664.11,16.htm|Nov 4, 2019|4.0|false|0|0|false|false|||||||||||||||"Le descriptif de l&rsquo;offre ci-dessous est en Anglais
<br/>
<strong>Type de contrat :</strong> CDD
<br/><br/>
<strong>Contrat renouvelable :</strong> Oui
<br/><br/>
<strong>Niveau de dipl&ocirc;me exig&eacute; :</strong> Th&egrave;se ou &eacute;quivalent
<br/><br/>
<strong>Fonction :</strong> Post-Doctorant
<br/><br/>
A propos du centre ou de la direction fonctionnelle
<br/>
The Inria Lille - Nord Europe Research Centre was founded in 2008 and employs a staff of 360, including 300 scientists working in sixteen research teams. Recognised for its outstanding contribution to the socio-economic development of the Hauts-De-France r&eacute;gion, the Inria Lille - Nord Europe Research Centre undertakes research in the field of computer science in collaboration with a range of academic, institutional and industrial partners.
<br/><br/>
The strategy of the Centre is to develop an internationally renowned centre of excellence with a significant impact on the City of Lille and its surrounding area. It works to achieve this by pursuing a range of ambitious research projects in such fields of computer science as the intelligence of data and adaptive software systems. Building on the synergies between research and industry, Inria is a major contributor to skills and technology transfer in the field of computer science.
<br/><br/>
Contexte et atouts du poste
<br/>
The postdoc position is offered within the MEPHYSTO team at INRIA Lille. The team gathers internationally recognized mathematicians who aim at providing a better understanding of physical phenomena through their microscopic description. The main focuses are on model derivation, study of stationary states and asymptotic behaviours, links between different levels of description (micro/macro models) and numerical methods to simulate such models.
<br/><br/>
The postdoc student will benefit from the interaction with the team members and will be able to participate in several activities hold at the Mathematics Department (Laboratoire Paul Painlev&eacute;) at the University of Lille.
<br/><br/>
Mission confi&eacute;e
<br/>
The post-doctoral work will concentrate on the theoretical study of microscopic models and their consistency with the physical phenomena under consideration. The numerical simulation of such models will also be of high interest in order to check their accuracy. This work will be supervised by Marielle Simon.
<br/><br/>
Principales activit&eacute;s
<br/>
The postdoctoral fellow will conduct her/his research within the MEPHYSTO team, at INRIA Lille. She/he will write research articles and present her/his work at international conferences. She/he will also attend working groups and other local activities related to the project at Universit&eacute; de Lille.
<br/><br/>
Comp&eacute;tences
<br/>
Candidates are required to have good knowledge of probability theory and experience in the mathematical derivation of microscopic models. Competences in numerical simulations are highly appreciated.
<br/><br/>
Avantages
<br/>
Subsidized meals
<br/>
Partial reimbursement of public transport costs
<br/>
<strong>Leave:</strong> 7 weeks of annual leave + 10 extra days off due to RTT (statutory reduction in working hours) + possibility of exceptional leave (sick children, moving home, etc.)
<br/>
Possibility of teleworking (after 6 months of employment) and flexible organization of working hours
<br/>
Professional equipment available (videoconferencing, loan of computer equipment, etc.)
<br/>
Social, cultural and sports events and activities
<br/>
Access to vocational training
<br/>
Social security coverage
<br/>
R&eacute;mun&eacute;ration
<br/>
<strong>Gross salary :</strong> 2653 &euro; per month"|2019-11-04T12:46:42|130760710|204682|4184179629||Indeed XML Feed Employer|-1|3377970250||FR|Inria|50.6167|3.1666|Villeneuve-d'Ascq|||/Benefits/Inria-UK-Benefits-EI_IE130664.0,5_IL.6,8_IN2.htm|/Photos/Inria-Office-Photos-E130664.htm|/Reviews/Inria-Reviews-E130664.htm|/Salary/Inria-Salaries-E130664.htm|1967|Rocquencourt, France|Internet|200063|Unknown / Non-Applicable|Information Technology|10013|1001 to 5000 employees||College / University|Established in 1967, Inria is the only only public research body fully dedicated to computational sciences which combines computer sciences with mathematics.Inria has 3,449 researchers which integrate basic research with applied research and invent digital technologies of the future.||www.inria.fr||||1691|Bruno Sportisse|https://media.glassdoor.com/people/sql/130664/inria-ceo1538678540689.png|https://media.glassdoor.com/people/sqll/130664/inria-ceo1538678540689.png|6|0.92|0.85|4.0|2808|||||||||||||||||||||||||||||||||||||||||||2490|
0.0|2809|2809|0||2809|-1|722741|Mitra Integrasi Informatika|501-1000|false|Accounting|200001|3296800559||Technical Consultant for Microsoft Infrastructure Solution|Jakarta|2709872|CITY|0000016e56d0b8f2906e0190a37a4e65|true|1573414549746|-8039486564080136603|Accounting & Legal|10001|||||||437149|GENERAL|0|false|/partner/jobListing.htm?pos=101&ao=437149&s=58&guid=0000016e56d0b945acb9f283beddd3f3&src=GD_JOB_VIEW&vt=w&cs=1_09135841&cb=1573414549829&jobListingId=3296800559|true|/static/img/banners/default-ei-banner.jpg|false|722741|Mitra Integrasi Informatika|false|-1|false|Technical Consultant for Microsoft Infrastructure Solution|2709872|Jakarta|C|https://media.glassdoor.com/sqls/722741/mitra-integrasi-informatika-squarelogo-1428500211815.png|https://media.glassdoor.com/sqlm/722741/mitra-integrasi-informatika-squarelogo-1428500211815.png|true|/Overview/Working-at-Mitra-Integrasi-Informatika-EI_IE722741.11,38.htm|Nov 5, 2019|3.5|false|0|0|false|false|||||||||||||||"Technical Consultant will handle solution delivery for Microsoft Infrastructure Solution
<br/><br/>
<strong>Job Description :</strong>
<br/>
Review and Delivering Solution to Customer
<br/>
Doing research and development
<br/><br/>
<strong>Job Qualification :</strong>
<br/>
Having a Good attitude.
<br/>
Bachelor degree in Information System or Information Technology.
<br/>
Have more than 3 years professional work experience in Microsoft Infrastructure Solution.
<br/>
Passion for the technology and innovation.
<br/>
Good understanding of the relationship between technology and business.
<br/>
Good analytic, communication, negotiation and presentation skills.
<br/>
Have technical certification in microsoft technology (MCSA or MCSE).
<br/>
Willing to Hard work and fast learning.
<br/>
Last job is preferable from IT Soltion company."|2019-11-05T04:45:03|1741628558|252299|4042874086||Indeed XML Feed Employer|-1|3296800559||ID|Mitra Integrasi Informatika|-6.1744|106.8294|Jakarta|||/Benefits/Mitra-Integrasi-Informatika-UK-Benefits-EI_IE722741.0,27_IL.28,30_IN2.htm|/Photos/Mitra-Integrasi-Informatika-Office-Photos-E722741.htm|/Reviews/Mitra-Integrasi-Informatika-Reviews-E722741.htm|/Salary/Mitra-Integrasi-Informatika-Salaries-E722741.htm|0|Jakarta, Indonesia|Accounting|200001|Unknown / Non-Applicable|Accounting & Legal|10001|501 to 1000 employees||Subsidiary or Business Segment|||||||1692||||0|-1.0|0.79|3.5|2809|||||||||||||||||||||||||||||||||||||||||||2491|
0.0|2810|2810|0||2810|-1|0|||false||0|3395642976||ETL/Database Developer|Islamabad|3139539|CITY|0000016e56d0b96392202798c868f4be|true|1573414549859|-7917284607766498114||0|||||||437149|GENERAL|0|false|/partner/jobListing.htm?pos=101&ao=437149&s=58&guid=0000016e56d0b9adb8e0f9bfc6eaf7b3&src=GD_JOB_VIEW&vt=w&cs=1_4e971a2c&cb=1573414549933&jobListingId=3395642976|true|/static/img/banners/default-ei-banner.jpg|false|0|Adlab Solutions|false|-1|false|ETL/Database Developer|3139539|Islamabad|C|||true|/Overview/Working-at-Adlab-Solutions-EI_IE0.11,26.htm|Oct 24, 2019|0.0|false|0|0|false|false|||||||||||||||"ADLAB Solutions is looking for skillful candidates for an offshore data warehouse / Teradata project. The candidates with 2-4 years of experience in IT are preferred, but fresh graduates with strong database/data warehousing skills are also encouraged to apply.
<br/><br/>
<strong>Department:</strong> Enterprise Data Warehosue
<br/>
<strong>Project Location(s):</strong> Islamabad, Pakistan
<br/>
<strong>Compensation:</strong> Market Competetive
<br/>
Position Requirements
<br/>
BS/MS degree in computer science or related
<br/>
2-4 years of experience in IT, preferably in data warehousing
<br/>
Strong knowledge of databases, such as Oracle, SQL Server and SQL skills
<br/>
Strong analytical and problem-solving skills
<br/>
Knowledge of C/C++, Java, and other programming and scripting languages
<br/>
Strong work ethic with a commitment to client service excellence
<br/>
Effective oral and written communication skills
<br/>
Preferred Qualifications
<br/>
Experience in Enterprise Data warehouse tools and technologies such as, Teradata, DB2, Hadoop etc
<br/>
ETL Development and SQL Optimization
<br/>
Experience in Mobile application development
<br/>
<strong>Competencies</strong>
<br/>
Quick-learner / Self-starter who gets results with minimal support
<br/>
Works well with others; builds trust and maintains credibility
<br/>
How to Apply
<br/>
Please send us resume at saad.khalid@adlabsolutions.com / info@adlabsolutions.com."|2019-10-24T01:10:00|167537555|240843|4187118483||Indeed XML Feed Employer|579825|3395642976||PK||33.7|73.1667|Islamabad|||||||0|||0|||0||||||||||||||||||2810||||||||||||||||||||||||||||||||||||||||||||
4.0|2811|2811|1||2811|-1|2482936|HSBC Global Technology (HSBC GLT)|-1-0|false|Banks & Credit Unions|200048|3388450352||Digital Product Manager, Digital Customer Onboarding - Retail Banking and Wealth Management||2308631|CITY|0000016e56d0b93bac2678ecd4fd82b0|true|1573414549819|-6042008891489942864|Finance|10010|||||||437149|GENERAL|0|false|/partner/jobListing.htm?pos=101&ao=437149&s=58&guid=0000016e56d0b997887896fc6e21a5b0&src=GD_JOB_VIEW&vt=w&cs=1_a9b6cd4d&cb=1573414549911&jobListingId=3388450352|true|/static/img/banners/default-ei-banner.jpg|false|2482936|HSBC|false|-1|false|Digital Product Manager, Digital Customer Onboarding - Retail Banking and Wealth Management|2308631|Hong Kong|C|https://media.glassdoor.com/sqls/2482936/hsbc-global-technology-hsbc-glt-squarelogo-1551746320615.png|https://media.glassdoor.com/sqlm/2482936/hsbc-global-technology-hsbc-glt-squarelogo-1551746320615.png|true|/Overview/Working-at-HSBC-EI_IE2482936.11,15.htm|Oct 16, 2019|3.8|false|0|0|false|false|||||||||||||||"Some careers grow faster than others.
<br/><br/>
If you&rsquo;re looking for a career that will give you plenty of opportunities to develop, join HSBC and your future will be rich with potential.
<br/><br/>
Retail Banking and Wealth Management serves millions of customers worldwide with a complete range of banking and wealth management services to enable them to manage their finances and protect and build their financial futures. It is a global business that brings together management responsibility for Retail Banking, Wealth Management, Insurance and Asset Management with a focus on customer-centric propositions and innovative and efficient distribution channels.
<br/><br/>
We are currently seeking a high caliber professional to join our team as Digital Product Manager, Digital Customer Onboarding .
<br/><br/>
Principal responsibilities
<br/><br/>
Provide market leading, compelling Digital product experiences that can leverage the global scale and distribution network.
<br/><br/>
Have a clear understanding of customer needs, market trends, business value and mobile first technologies and defines a digital strategy that takes these into consideration
<br/><br/>
Create sustainable cost savings and operational efficiencies by standardizing systems, removing redundant processes and automating others, driving out waste and duplication, and streamline processes taking out paper where we can, to ensure we deliver the best possible customer experience.
<br/><br/>
Facilitate migration to a single, globally consistent platform while managing legacy infrastructure.
<br/><br/>
Account for the end to end customer experience of the Digital products within the role holders portfolio.
<br/><br/>
Define and develop improvement opportunities across customer experience and digitally native capabilities.
<br/><br/>
Define, analyse, and communicate product roadmap collectively with HDS and local stakeholders, ensuring they are aligned to global delivery roadmaps as well.
<br/><br/>
Ride on usability testing and interviews with customers to determine the issues they face, test product ideas and receive valuable feedback on our development efforts
<br/><br/>
Integrate usability studies, research and market analysis into product requirements to ensure products satisfy customer needs
<br/><br/>
Construct a business case or provide inputs to a value model to inform roadmap prioritization decisions
<br/><br/>
Works in a facilitative manner to build capability in progressing objectives, but does not lose sight of the profitability and productivity outcomes
<br/><br/>
Define functional and deployment requirements, in conjunction with Software Delivery, Change Delivery, Marketing and other stakeholders to facilitate improved customer engagement.
<br/><br/>
Refine customer experience for new capabilities in partnership with Group Marketing, Proposition, Multichannel, and other key stakeholders.
<br/><br/>
Assess competitive landscape, research new technologies and services, assess competitors and new entrants, review regulations for Digital requirements
<br/><br/>
<strong>Qualifications</strong>
<br/><br/>
<strong>Requirements</strong>
<br/><br/>
Customer focused, results based approach, able to deliver to deadlines.
<br/><br/>
Asia experience, preferable Hong Kong.
<br/><br/>
Fluent in Mandarin or Cantonese, one is required or both is preferred
<br/><br/>
Extensive experience with the range of product development and deployment activities including identifying opportunities and developing business cases, defining product or service requirements, engaging a wide range of functional experts to agree deployment approach, project execution, launch, and post launch performance measurement and management.
<br/><br/>
Working experience with different Agile methodologies and tools
<br/><br/>
Consumer financial services industry experience and strong understanding of Digital business, while experience with travel, lifestyle, or other consumer product development is a strong advantage.
<br/><br/>
Experience in a global or regional roles, working effectively to deliver targets across diverse cultures.
<br/><br/>
Comfort with technology including ability to translate business and customer need to product requirements, customer journey mapping, technical assessments, organisational buy in, launch, and ongoing management.
<br/><br/>
Exposure to projects that touch a range of technical platforms like digital, mainframe, server based etc.
<br/><br/>
Strong communication skills for navigating through business or product requirements, differences of opinion on approach.
<br/><br/>
Experience in developing and executing customer facing and staff facing communications an advantage.
<br/><br/>
Strong competency with professional project planning, and other project management skills. Functional Design experience to map customer processes an advantage.
<br/><br/>
Demonstrates flexibly when addressing shifting or competing priorities.
<br/><br/>
Proven ability to build strong relationships across stakeholder groups.
<br/><br/>
Proven ability to influence large teams without direct leadership authority.
<br/><br/>
Proven ability to manage third party partners both in partnership development when required, and ongoing partner management.
<br/><br/>
Able to share responsibility for key decision making with a team, while accepting responsibility to drive internal decision making processes. Ability to effectively influence and communicate across various business lines and units.
<br/><br/>
Bachelors degree or equivalent preferable.
<br/><br/>
Strong Analytical and Presentation skills.
<br/><br/>
Energetic, positive attitude and team player.
<br/><br/>
Excellent organisational and planning skills.
<br/><br/>
A flexible approach to work and working hours.
<br/><br/>
You&rsquo;ll achieve more when you join HSBC.
<br/><br/>
HSBC is committed to building a culture where all employees are valued, respected and opinions count. We take pride in providing a workplace that fosters continuous professional development, flexible working and opportunities to grow within an inclusive and diverse environment. Personal data held by the Bank relating to employment applications will be used in accordance with our Privacy Statement, which is available on our website.
<br/><br/>
<strong>#LI-MH1</strong>"|2019-10-16T08:30:14|1188080076|193157|4176359209||Indeed XML Feed Employer|-1|3388450352||HK|HSBC Global Technology (HSBC GLT)|22.2833|114.15|Hong Kong|||/Benefits/HSBC-Global-Technology-HSBC-GLT-UK-Benefits-EI_IE2482936.0,31_IL.32,34_IN2.htm|/Photos/HSBC-Global-Technology-HSBC-GLT-Office-Photos-E2482936.htm|/Reviews/HSBC-Global-Technology-HSBC-GLT-Reviews-E2482936.htm|/Salary/HSBC-Global-Technology-HSBC-GLT-Salaries-E2482936.htm|0|London, United Kingdom|Banks & Building Societies|200048|Unknown / Non-Applicable|Finance|10010|Unknown||Company - Private|||www.hsbcglt.com.br||||||||0|-1.0|0.83|3.8|2811|GBR|GB|EU|Europe|4|false|UK|GBP|2|United Kingdom Pound (GBP)|2|United Kingdom Pound|$(#)|false|$#|&pound;|GBP|en_UK|United Kingdom|United Kingdom|true|2|United Kingdom|true|United Kingdom|false|60363602|UK|.uk|N|United Kingdom|United Kingdom|GBP|2|United Kingdom Pound (GBP)|2|United Kingdom Pound|$(#)|false|$#|&pound;|2019-11-01T05:05:31|2492|
0.0|2812|2812|0||2812|10108|1395721|Auris Health|201-500|false|Health Care Products Manufacturing|200072|3328173696||Program Manager|Redwood City|1147394|CITY|0000016e56d0b91c94a12db296d1fe29|true|1573414549788|-7736852439788028375|Manufacturing|10015|pajiiksw|8572148|4381563||||806644|EMPLOYER|0|false|/partner/jobListing.htm?pos=101&ao=806644&tgt=APPLY_START&s=58&guid=0000016e56d0b955a9d6f3add19fec8c&src=GD_JOB_VIEW&vt=w&aa=1&ea=1&cs=1_586f80aa&cb=1573414549845&jobListingId=3328173696|false|https://media.glassdoor.com/banner/bh/1395721/auris-health-banner-1529024944651.jpg|true|1395721|Auris Health, Inc.|false|100155|false|Program Manager|1147394|Redwood City, CA|C|https://media.glassdoor.com/sqls/1395721/auris-health-squarelogo-1523989116249.png|https://media.glassdoor.com/sqlm/1395721/auris-health-squarelogo-1523989116249.png|false|/Overview/Working-at-Auris-Health-Inc-EI_IE1395721.11,27.htm|Oct 14, 2019|3.9|false|0|0|false|false|API||program manager||||||||||||"<strong>Overview:</strong>
<br/><br/>
As the Installed Base Program Manager, this individual will be responsible for organizing the development efforts and strategies that best support our internal and external customers. Data driven, he or she will ensure that business objectives are met and work closely with the marketing and clinical team to evaluate the expansion of our market presence and ensure a smooth operational support. This position reports to the VP, Engineering.
<br/><br/>
<strong>Core Job Responsibilities:</strong>

<ul>
<li>Owns execution of all aspect of the installed base.</li>
<li>Manages day to day program activities, overall resource and program budget spending.</li>
<li>Participate to customer escalations as engineering representative, manages field issues, field communication.</li>
<li>Work with international team to define next market opportunities and drive international program requirements.</li>
<li>Organizes and participate to validation labs with designing and validation physicians.</li>
<li>Works closely with the supply chain team and organizes transfer activities.</li>
<li>Define metric based system to drive resource allocation and project prioritization.</li>
<li>Drives closure of complaint and CAPA implementation with the quality team.</li>
<li>Works with Data team to implement automation and process optimization.</li>
<li>Ensure that program activities comply with Auris quality systems.</li>
<li>Report out on Program status to executive team.</li>
<li>Participate actively to product roadmap definition.</li>
<li>Drive lessons learned into future product roadmap.</li>
<li>Helps Auris improve Design control section of the quality system.</li>
</ul>
<strong> Required Knowledge/Skills, Education, And Experience:</strong>

<ul>
<li>Master's degree in Engineering with a minimum of 5+ years technical experience in the design of complex systems</li>
<li>2+ years of program management or project leadership experience</li>
<li>Excellent knowledge in Quality system, QSIT and FDA guidelines</li>
<li>Excellent communication, reporting and documentation skills</li>
<li>Must maintain credentials to attend cadaver labs</li>
<li>Six Sigma experience is a plus</li>
</ul>"|2019-10-14T16:29:03|-1702305607|96318|4092748818||greenhouse|61502|3328173696||US|Auris Health|37.4853|-122.2353|Redwood City, CA|150 Shoreline Drive|94065|/Benefits/Auris-Health-UK-Benefits-EI_IE1395721.0,12_IL.13,15_IN2.htm|/Photos/Auris-Health-Office-Photos-E1395721.htm|/Reviews/Auris-Health-Reviews-E1395721.htm|/Salary/Auris-Health-Salaries-E1395721.htm|2007|Redwood City, CA|Healthcare Product Manufacturing|200072|£5 to £10 million (GBP)|Manufacturing|10015|201 to 500 employees||Company - Private|"Based in Silicon Valley, Auris Health is committed to transforming medical intervention by integrating robotics, micro-instrumentation, endoscope design, sensing, and data science into one platform. Every element of our technology is driven by patient-specific design, aimed at maintaining the integrity of the human body. The first disease in our sight is lung cancer. Our first product, the Monarch Platform, is intended for diagnostic and therapeutic bronchoscopic procedures.

Auris Health is formerly known as Auris Surgical Robotics."|We believe in a world where patient care is no longer pre-determined by the limitations of current tools. We create platforms that enhance physician capabilities, evolve minimally invasive techniques, and create new categories of care that redefine optimal patient outcomes.|www.aurishealth.com||||1693|Frederic Moll|||26|0.81|0.75|3.9|2812|||||||||||||||||||||||||||||||||||||||||||2493|
0.0|2813|2813|0||2813|-1|1867315|FastTrack Solutions (India)|1-50|false||0|3400021713||Key Account Manager - Private Hospitals|Dubai|2204498|CITY|0000016e56d0b86d98d6968991dcb96d|true|1573414549613|-7433588617326577299||0|||||||389273|JOB_BOARD|0|false|/partner/jobListing.htm?pos=101&ao=389273&s=58&guid=0000016e56d0b94ca21e13ef402e8206&src=GD_JOB_VIEW&vt=w&cs=1_5f755f8e&cb=1573414549836&jobListingId=3400021713|true|/static/img/banners/default-ei-banner.jpg|false|1867315|Fasttrack Solutions|false|-1|false|Key Account Manager - Private Hospitals|2204498|Dubai|C|https://media.glassdoor.com/sqls/1867315/fasttrack-solutions-india-squarelogo-1559299626154.png|https://media.glassdoor.com/sqlm/1867315/fasttrack-solutions-india-squarelogo-1559299626154.png|false|/Overview/Working-at-Fasttrack-Solutions-EI_IE1867315.11,30.htm|Oct 29, 2019|4.6|false|0|0|false|false|||||||||||||||"Hiring Key Accounts Manager for an For a private Pharmaceutical Company with activities in the Gulf region and promoting products in the category of Cancer care &amp; support, emergency treatment, critical-care, specialized nutrition, auto-immune diseases, and various other serious ailments.
<br/><br/>
***Candidate must have an experience working with local Hospitals in the UAE in the role of Medical rep / Sales officer.
<br/><br/>
***Bachelor&rsquo;s degree in life science or (bio) medical/pharmaceutical sciences. Additional qualification in Business Management desired.
<br/><br/>
***Fluency in spoken English is a must. Arabic is desired.
<br/><br/>
***Residency &amp; valid driving license in UAE is a must.
<br/><br/>
***Will be reporting to Head of Business unit.
<br/><br/>
***Compensation is not a constraint for the right candidate.
<br/><br/>
<strong>Accountability</strong>
<br/>
&#61623; Maximizes sales of company products in assigned territory
<br/>
&#61623; Achieves/exceeds sales targets
<br/>
&#61623; Delivers and articulates key messages
<br/>
&#61623; Implements agreed on P.O.A inline with marketing strategy
<br/>
&#61623; Builds&amp; maintains high-quality customer relationships &amp; internal cross-collaboration
<br/>
&#61623; Knows in-depth knowledge of the product(s), market, stakeholders and competitors
<br/><br/>
<strong>Responsibilities:</strong> 
<br/>
&#61623; Collaborates with manager to develop and implement territory P.O.A and key account plans
<br/>
&#61623; Evaluates progress vs. plan monthly and agrees to course corrections with manager
<br/>
&#61623; Contributes to agree on key account plan objectives/responsibilities
<br/>
&#61623; Engages with peers and Division manager to learn best practices
<br/>
&#61623; Identify and gather competitive information
<br/>
&#61623; Follows through on customer commitments and requests in a timely fashion
<br/>
&#61623; Reports customer activity in the CRM system and ensures customer profiles are kept up to date
<br/>
&#61623; Operates within the agreed expense budget aligned with P.O.A priorities
<br/>
&#61623; Continuously improves product knowledge, selling skills through self-learning, active participation in training programs
<br/><br/>
Note : Apply with subject line as KAM.
<br/><br/>
Only the application with above mentioned criteria will be contacted. Interested professionals may share in your updated profiles to cv @ fasttracksolutions.ae immediately.
<br/><br/>
Job Type: Full-time
<br/><br/>
Experience:
<ul>
<li>Key Account Management: 5 years (Required)</li><li>Hospitality Management Pharmacy: 5 years (Required)</li>
</ul>"|2019-10-29T01:00:31|2104024515|277805|4193487979||Indeed XML Feed Dradis|-1|3400021713||AE|FastTrack Solutions (India)|25.2522|55.28|Dubai|||/Benefits/FastTrack-Solutions-India-UK-Benefits-EI_IE1867315.0,25_IL.26,28_IN2.htm|/Photos/FastTrack-Solutions-India-Office-Photos-E1867315.htm|/Reviews/FastTrack-Solutions-India-Reviews-E1867315.htm|/Salary/FastTrack-Solutions-India-Salaries-E1867315.htm|0|Nagpur, India||0|Unknown / Non-Applicable||0|1 to 50 employees||Company - Private|||||||||||0|-1.0|1.0|4.6|2813|||||||||||||||||||||||||||||||||||||||||||2494|
