"""https://github.com/zhangyuanwei/node-images/issues/123"""|can't load the addon. issue to: https://github.com/zhangyuanwei/node-images/issues error: /lib64/libc.so.6: version glibc_2.14' not found required by /usr/local/app/taf/fileserver.fileserver/bin/src/node_modules/images/bindings/linux/x64/8.0.0/binding.node|can't load the addon. issue to: https://github.com/zhangyuanwei/node-images/issues error: /lib64/libc.so.6: version glibc_2.14' not found required by /usr/local/app/taf/fileserver.fileserver/bin/src/node_modules/images/bindings/linux/x64/8.0.0/binding.node 有低点的版本，不需要glibc_2.14的吗
"""https://github.com/Microsoft/pxt/issues/2543"""|hcl accessibility a11yblocking a11ymas mas4.2.10 hcl-makecode win10-edge -title screen reader-help-javascript-call a function narrator focus does not moving to expand side a documentation button after pressing enter on collapse side a documentation button.|user experience: user who depends on screen reader will get confused if narrator focus does not retain on expand side a documentation button after pressing enter on collapse side a documentation button test environment os: rs2 version 1703 os build 15063.483 platform: edge. screen reader: narrator repro steps 1-navigate to https://makecode.microbit.org/acc 2-navigate to the micro bit section element and select code control given on it. 3-navigate to the help control lying in the header section on the page and select it. 4-navigate to 'javascript' control and select it. 5-navigate to various controls lying on the pane opened. 6-navigate to the pane opened and select any link listed under it. 7-verify narrator focus moving or not on expand side a documentation button after pressing enter on collapse side a documentation button. actual result narrator focus does not retain on expand side a documentation button after pressing enter on collapse side a documentation button. after pressing enter on collapse side a documentation button narrator focus visible on same place not moving to expand button. expected result narrator focus should be shift to expand side a documentation button after pressing enter on collapse side a documentation button. mas reference https://microsoft.sharepoint.com/teams/msenable/_layouts/15/wopiframe.aspx?sourcedoc={b24201d1-2276-4471-8183-e1e5353031ad} please refer attachment for more details: mas2.4.7_call a function_ visual focus indicator is not visible on side a documentation button.zip https://github.com/microsoft/pxt/files/1179553/mas2.4.7_call.a.function_visual.focus.indicator.is.not.visible.on.siade.a.documentation.button.zip
"""https://github.com/MatisiekPL/Czekolada/issues/1268"""|issue 1265: issue 1264: issue 1261: issue 1260: issue 1257: issue 1256: issue 1253: issue 1252: issue 1250: issue 1247: issue 1246: issue 1243: issue 1242: issue 1239: issue 1237: issue 1236: issue 1233: issue 1231: issue 1230: issue 1227: issue 1226: issu|┆attachments: <a href= https:& x2f;& x2f;github.com& x2f;matisiekpl& x2f;czekolada& x2f;issues& x2f;1265 >https:& x2f;& x2f;github.com& x2f;matisiekpl& x2f;czekolada& x2f;issues& x2f;1265</a>
"""https://github.com/MatisiekPL/Czekolada/issues/1267"""|issue 1266: issue 1263: issue 1262: issue 1259: issue 1258: issue 1255: issue 1254: issue 1251: issue 1249: issue 1248: issue 1245: issue 1244: issue 1241: issue 1240: issue 1238: issue 1235: issue 1234: issue 1232: issue 1229: issue 1228: issue 1225: issu|"gitlo = github x trello
---
this board is now linked with https://github.com/matisiekpl/czekolada , any update on the issue tracker will be sync to this board. -------
via trello, you can: --- __✍ create github issues__ - add a card in the corresponding column, an issue will be created in github ! add an issue http://i.imgur.com/yewicu8.gif ------- __✐ comment on github issues__ - just comment as you always do in a card ! comment on an issue http://i.imgur.com/jdnjscf.gif ------- __➦ close opened issues__ - move issue cards to close list - of course you can reopen them by dragging them out of close list ! close an issue http://i.imgur.com/opaazo8.gif ------- __✕ close pull requests__ - move pr cards to close list - important: you can not merge a pr via trello ! close pr http://i.imgur.com/nras2dg.gif __✚__ add any custom columns you need - the column will be sync to github as a label ------- default columns
---
we've set up default columns for you - please help keeping them in place ; you can also add your custom columns to enhance your work flow. ! add a column http://i.imgur.com/1rxnqcv.gif ------- dashboard & settings
---
for the owner of the project, just visit http://gitlo.co to update the settings. ------- want more?
---
let us know at http://smarturl.it/gitlo-feedback or mail us at gitlo@oursky.com ┆attachments: <a href= https:& x2f;& x2f;github.com& x2f;matisiekpl& x2f;czekolada& x2f;issues& x2f;1266 >https:& x2f;& x2f;github.com& x2f;matisiekpl& x2f;czekolada& x2f;issues& x2f;1266</a>"
"""https://github.com/MatisiekPL/Czekolada/issues/1289"""|issue 1288: issue 1285: issue 1284: issue 1281: issue 1280: issue 1277: issue 1276: issue 1273: issue 1272: issue 1269: issue 1268: issue 1265: issue 1264: issue 1261: issue 1260: issue 1257: issue 1256: issue 1253: issue 1252: issue 1250: issue 1247: issu|┆attachments: <a href= https:& x2f;& x2f;github.com& x2f;matisiekpl& x2f;czekolada& x2f;issues& x2f;1288 >https:& x2f;& x2f;github.com& x2f;matisiekpl& x2f;czekolada& x2f;issues& x2f;1288</a>
"""https://github.com/MatisiekPL/Czekolada/issues/1300"""|issue 1297: issue 1296: issue 1293: issue 1292: issue 1289: issue 1288: issue 1285: issue 1284: issue 1281: issue 1280: issue 1277: issue 1276: issue 1273: issue 1272: issue 1269: issue 1268: issue 1265: issue 1264: issue 1261: issue 1260: issue 1257: issu|┆attachments: <a href= https:& x2f;& x2f;github.com& x2f;matisiekpl& x2f;czekolada& x2f;issues& x2f;1297 >https:& x2f;& x2f;github.com& x2f;matisiekpl& x2f;czekolada& x2f;issues& x2f;1297</a>
"""https://github.com/MatisiekPL/Czekolada/issues/1331"""|issue 1330: issue 1327: issue 1326: issue 1324: issue 1321: issue 1320: issue 1317: issue 1316: issue 1313: issue 1312: issue 1310: issue 1307: issue 1306: issue 1303: issue 1302: issue 1300: issue 1297: issue 1296: issue 1293: issue 1292: issue 1289: issu|┆attachments: <a href= https:& x2f;& x2f;github.com& x2f;matisiekpl& x2f;czekolada& x2f;issues& x2f;1330 >https:& x2f;& x2f;github.com& x2f;matisiekpl& x2f;czekolada& x2f;issues& x2f;1330</a>
"""https://github.com/MatisiekPL/Czekolada/issues/1366"""|issue 1363: issue 1362: issue 1359: issue 1358: issue 1355: issue 1354: issue 1351: issue 1350: issue 1347: issue 1346: issue 1343: issue 1342: issue 1339: issue 1338: issue 1335: issue 1333: issue 1332: issue 1329: issue 1328: issue 1325: issue 1323: issu|"gitlo = github x trello
---
this board is now linked with https://github.com/matisiekpl/czekolada , any update on the issue tracker will be sync to this board. -------
via trello, you can: --- __✍ create github issues__ - add a card in the corresponding column, an issue will be created in github ! add an issue http://i.imgur.com/yewicu8.gif ------- __✐ comment on github issues__ - just comment as you always do in a card ! comment on an issue http://i.imgur.com/jdnjscf.gif ------- __➦ close opened issues__ - move issue cards to close list - of course you can reopen them by dragging them out of close list ! close an issue http://i.imgur.com/opaazo8.gif ------- __✕ close pull requests__ - move pr cards to close list - important: you can not merge a pr via trello ! close pr http://i.imgur.com/nras2dg.gif __✚__ add any custom columns you need - the column will be sync to github as a label ------- default columns
---
we've set up default columns for you - please help keeping them in place ; you can also add your custom columns to enhance your work flow. ! add a column http://i.imgur.com/1rxnqcv.gif ------- dashboard & settings
---
for the owner of the project, just visit http://gitlo.co to update the settings. ------- want more?
---
let us know at http://smarturl.it/gitlo-feedback or mail us at gitlo@oursky.com ┆attachments: <a href= https:& x2f;& x2f;github.com& x2f;matisiekpl& x2f;czekolada& x2f;issues& x2f;1363 >https:& x2f;& x2f;github.com& x2f;matisiekpl& x2f;czekolada& x2f;issues& x2f;1363</a>"
"""https://github.com/MatisiekPL/Czekolada/issues/1382"""|issue 1379: issue 1378: issue 1375: issue 1374: issue 1371: issue 1370: issue 1367: issue 1366: issue 1363: issue 1362: issue 1359: issue 1358: issue 1355: issue 1354: issue 1351: issue 1350: issue 1347: issue 1346: issue 1343: issue 1342: issue 1339: issu|"gitlo = github x trello
---
this board is now linked with https://github.com/matisiekpl/czekolada , any update on the issue tracker will be sync to this board. -------
via trello, you can: --- __✍ create github issues__ - add a card in the corresponding column, an issue will be created in github ! add an issue http://i.imgur.com/yewicu8.gif ------- __✐ comment on github issues__ - just comment as you always do in a card ! comment on an issue http://i.imgur.com/jdnjscf.gif ------- __➦ close opened issues__ - move issue cards to close list - of course you can reopen them by dragging them out of close list ! close an issue http://i.imgur.com/opaazo8.gif ------- __✕ close pull requests__ - move pr cards to close list - important: you can not merge a pr via trello ! close pr http://i.imgur.com/nras2dg.gif __✚__ add any custom columns you need - the column will be sync to github as a label ------- default columns
---
we've set up default columns for you - please help keeping them in place ; you can also add your custom columns to enhance your work flow. ! add a column http://i.imgur.com/1rxnqcv.gif ------- dashboard & settings
---
for the owner of the project, just visit http://gitlo.co to update the settings. ------- want more?
---
let us know at http://smarturl.it/gitlo-feedback or mail us at gitlo@oursky.com ┆attachments: <a href= https:& x2f;& x2f;github.com& x2f;matisiekpl& x2f;czekolada& x2f;issues& x2f;1379 >https:& x2f;& x2f;github.com& x2f;matisiekpl& x2f;czekolada& x2f;issues& x2f;1379</a>"
"""https://github.com/MatisiekPL/Czekolada/issues/1395"""|issue 1392: issue 1391: issue 1388: issue 1386: issue 1383: issue 1382: issue 1379: issue 1378: issue 1375: issue 1374: issue 1371: issue 1370: issue 1367: issue 1366: issue 1363: issue 1362: issue 1359: issue 1358: issue 1355: issue 1354: issue 1351: issu|"gitlo = github x trello
---
this board is now linked with https://github.com/matisiekpl/czekolada , any update on the issue tracker will be sync to this board. -------
via trello, you can: --- __✍ create github issues__ - add a card in the corresponding column, an issue will be created in github ! add an issue http://i.imgur.com/yewicu8.gif ------- __✐ comment on github issues__ - just comment as you always do in a card ! comment on an issue http://i.imgur.com/jdnjscf.gif ------- __➦ close opened issues__ - move issue cards to close list - of course you can reopen them by dragging them out of close list ! close an issue http://i.imgur.com/opaazo8.gif ------- __✕ close pull requests__ - move pr cards to close list - important: you can not merge a pr via trello ! close pr http://i.imgur.com/nras2dg.gif __✚__ add any custom columns you need - the column will be sync to github as a label ------- default columns
---
we've set up default columns for you - please help keeping them in place ; you can also add your custom columns to enhance your work flow. ! add a column http://i.imgur.com/1rxnqcv.gif ------- dashboard & settings
---
for the owner of the project, just visit http://gitlo.co to update the settings. ------- want more?
---
let us know at http://smarturl.it/gitlo-feedback or mail us at gitlo@oursky.com ┆attachments: <a href= https:& x2f;& x2f;github.com& x2f;matisiekpl& x2f;czekolada& x2f;issues& x2f;1392 >https:& x2f;& x2f;github.com& x2f;matisiekpl& x2f;czekolada& x2f;issues& x2f;1392</a>"
"""https://github.com/MatisiekPL/Czekolada/issues/1403"""|issue 1400: issue 1399: issue 1396: issue 1395: issue 1392: issue 1391: issue 1388: issue 1386: issue 1383: issue 1382: issue 1379: issue 1378: issue 1375: issue 1374: issue 1371: issue 1370: issue 1367: issue 1366: issue 1363: issue 1362: issue 1359: issu|"gitlo = github x trello
---
this board is now linked with https://github.com/matisiekpl/czekolada , any update on the issue tracker will be sync to this board. -------
via trello, you can: --- __✍ create github issues__ - add a card in the corresponding column, an issue will be created in github ! add an issue http://i.imgur.com/yewicu8.gif ------- __✐ comment on github issues__ - just comment as you always do in a card ! comment on an issue http://i.imgur.com/jdnjscf.gif ------- __➦ close opened issues__ - move issue cards to close list - of course you can reopen them by dragging them out of close list ! close an issue http://i.imgur.com/opaazo8.gif ------- __✕ close pull requests__ - move pr cards to close list - important: you can not merge a pr via trello ! close pr http://i.imgur.com/nras2dg.gif __✚__ add any custom columns you need - the column will be sync to github as a label ------- default columns
---
we've set up default columns for you - please help keeping them in place ; you can also add your custom columns to enhance your work flow. ! add a column http://i.imgur.com/1rxnqcv.gif ------- dashboard & settings
---
for the owner of the project, just visit http://gitlo.co to update the settings. ------- want more?
---
let us know at http://smarturl.it/gitlo-feedback or mail us at gitlo@oursky.com ┆attachments: <a href= https:& x2f;& x2f;github.com& x2f;matisiekpl& x2f;czekolada& x2f;issues& x2f;1400 >https:& x2f;& x2f;github.com& x2f;matisiekpl& x2f;czekolada& x2f;issues& x2f;1400</a>"
"""https://github.com/MatisiekPL/Czekolada/issues/1420"""|issue 1419: issue 1416: issue 1414: issue 1413: issue 1410: issue 1409: issue 1406: issue 1405: issue 1402: issue 1401: issue 1398: issue 1397: issue 1394: issue 1393: issue 1390: issue 1389: issue 1387: issue 1385: issue 1384: issue 1381: issue 1380: issu|┆attachments: <a href= https:& x2f;& x2f;github.com& x2f;matisiekpl& x2f;czekolada& x2f;issues& x2f;1419 >https:& x2f;& x2f;github.com& x2f;matisiekpl& x2f;czekolada& x2f;issues& x2f;1419</a>
"""https://github.com/MatisiekPL/Czekolada/issues/1432"""|issue 1431: issue 1428: issue 1427: issue 1424: issue 1423: issue 1420: issue 1419: issue 1416: issue 1414: issue 1413: issue 1410: issue 1409: issue 1406: issue 1405: issue 1402: issue 1401: issue 1398: issue 1397: issue 1394: issue 1393: issue 1390: issu|┆attachments: <a href= https:& x2f;& x2f;github.com& x2f;matisiekpl& x2f;czekolada& x2f;issues& x2f;1431 >https:& x2f;& x2f;github.com& x2f;matisiekpl& x2f;czekolada& x2f;issues& x2f;1431</a>
"""https://github.com/MatisiekPL/Czekolada/issues/1440"""|issue 1439: issue 1436: issue 1435: issue 1432: issue 1431: issue 1428: issue 1427: issue 1424: issue 1423: issue 1420: issue 1419: issue 1416: issue 1414: issue 1413: issue 1410: issue 1409: issue 1406: issue 1405: issue 1402: issue 1401: issue 1398: issu|┆attachments: <a href= https:& x2f;& x2f;github.com& x2f;matisiekpl& x2f;czekolada& x2f;issues& x2f;1439 >https:& x2f;& x2f;github.com& x2f;matisiekpl& x2f;czekolada& x2f;issues& x2f;1439</a>
"""https://github.com/MatisiekPL/Czekolada/issues/1443"""|issue 1441: issue 1438: issue 1437: issue 1434: issue 1433: issue 1430: issue 1429: issue 1426: issue 1425: issue 1422: issue 1421: issue 1418: issue 1417: issue 1415: issue 1412: issue 1411: issue 1408: issue 1407: issue 1404: issue 1403: issue 1400: issu|"gitlo = github x trello
---
this board is now linked with https://github.com/matisiekpl/czekolada , any update on the issue tracker will be sync to this board. -------
via trello, you can: --- __✍ create github issues__ - add a card in the corresponding column, an issue will be created in github ! add an issue http://i.imgur.com/yewicu8.gif ------- __✐ comment on github issues__ - just comment as you always do in a card ! comment on an issue http://i.imgur.com/jdnjscf.gif ------- __➦ close opened issues__ - move issue cards to close list - of course you can reopen them by dragging them out of close list ! close an issue http://i.imgur.com/opaazo8.gif ------- __✕ close pull requests__ - move pr cards to close list - important: you can not merge a pr via trello ! close pr http://i.imgur.com/nras2dg.gif __✚__ add any custom columns you need - the column will be sync to github as a label ------- default columns
---
we've set up default columns for you - please help keeping them in place ; you can also add your custom columns to enhance your work flow. ! add a column http://i.imgur.com/1rxnqcv.gif ------- dashboard & settings
---
for the owner of the project, just visit http://gitlo.co to update the settings. ------- want more?
---
let us know at http://smarturl.it/gitlo-feedback or mail us at gitlo@oursky.com ┆attachments: <a href= https:& x2f;& x2f;github.com& x2f;matisiekpl& x2f;czekolada& x2f;issues& x2f;1441 >https:& x2f;& x2f;github.com& x2f;matisiekpl& x2f;czekolada& x2f;issues& x2f;1441</a>"
"""https://github.com/MatisiekPL/Czekolada/issues/1460"""|issue 1459: issue 1456: issue 1454: issue 1453: issue 1450: issue 1449: issue 1447: issue 1444: issue 1443: issue 1441: issue 1438: issue 1437: issue 1434: issue 1433: issue 1430: issue 1429: issue 1426: issue 1425: issue 1422: issue 1421: issue 1418: issu|"gitlo = github x trello
---
this board is now linked with https://github.com/matisiekpl/czekolada , any update on the issue tracker will be sync to this board. -------
via trello, you can: --- __✍ create github issues__ - add a card in the corresponding column, an issue will be created in github ! add an issue http://i.imgur.com/yewicu8.gif ------- __✐ comment on github issues__ - just comment as you always do in a card ! comment on an issue http://i.imgur.com/jdnjscf.gif ------- __➦ close opened issues__ - move issue cards to close list - of course you can reopen them by dragging them out of close list ! close an issue http://i.imgur.com/opaazo8.gif ------- __✕ close pull requests__ - move pr cards to close list - important: you can not merge a pr via trello ! close pr http://i.imgur.com/nras2dg.gif __✚__ add any custom columns you need - the column will be sync to github as a label ------- default columns
---
we've set up default columns for you - please help keeping them in place ; you can also add your custom columns to enhance your work flow. ! add a column http://i.imgur.com/1rxnqcv.gif ------- dashboard & settings
---
for the owner of the project, just visit http://gitlo.co to update the settings. ------- want more?
---
let us know at http://smarturl.it/gitlo-feedback or mail us at gitlo@oursky.com ┆attachments: <a href= https:& x2f;& x2f;github.com& x2f;matisiekpl& x2f;czekolada& x2f;issues& x2f;1459 >https:& x2f;& x2f;github.com& x2f;matisiekpl& x2f;czekolada& x2f;issues& x2f;1459</a>"
"""https://github.com/MatisiekPL/Czekolada/issues/1473"""|issue 1470: issue 1469: issue 1466: issue 1464: issue 1463: issue 1460: issue 1459: issue 1456: issue 1454: issue 1453: issue 1450: issue 1449: issue 1447: issue 1444: issue 1443: issue 1441: issue 1438: issue 1437: issue 1434: issue 1433: issue 1430: issu|"gitlo = github x trello
---
this board is now linked with https://github.com/matisiekpl/czekolada , any update on the issue tracker will be sync to this board. -------
via trello, you can: --- __✍ create github issues__ - add a card in the corresponding column, an issue will be created in github ! add an issue http://i.imgur.com/yewicu8.gif ------- __✐ comment on github issues__ - just comment as you always do in a card ! comment on an issue http://i.imgur.com/jdnjscf.gif ------- __➦ close opened issues__ - move issue cards to close list - of course you can reopen them by dragging them out of close list ! close an issue http://i.imgur.com/opaazo8.gif ------- __✕ close pull requests__ - move pr cards to close list - important: you can not merge a pr via trello ! close pr http://i.imgur.com/nras2dg.gif __✚__ add any custom columns you need - the column will be sync to github as a label ------- default columns
---
we've set up default columns for you - please help keeping them in place ; you can also add your custom columns to enhance your work flow. ! add a column http://i.imgur.com/1rxnqcv.gif ------- dashboard & settings
---
for the owner of the project, just visit http://gitlo.co to update the settings. ------- want more?
---
let us know at http://smarturl.it/gitlo-feedback or mail us at gitlo@oursky.com ┆attachments: <a href= https:& x2f;& x2f;github.com& x2f;matisiekpl& x2f;czekolada& x2f;issues& x2f;1470 >https:& x2f;& x2f;github.com& x2f;matisiekpl& x2f;czekolada& x2f;issues& x2f;1470</a>"
"""https://github.com/MatisiekPL/Czekolada/issues/1489"""|issue 1486: issue 1485: issue 1482: issue 1480: issue 1479: issue 1476: issue 1475: issue 1472: issue 1471: issue 1468: issue 1467: issue 1465: issue 1462: issue 1461: issue 1458: issue 1457: issue 1455: issue 1452: issue 1451: issue 1448: issue 1446: issu|┆attachments: <a href= https:& x2f;& x2f;github.com& x2f;matisiekpl& x2f;czekolada& x2f;issues& x2f;1486 >https:& x2f;& x2f;github.com& x2f;matisiekpl& x2f;czekolada& x2f;issues& x2f;1486</a>
"""https://github.com/MatisiekPL/Czekolada/issues/1494"""|issue 1493: issue 1490: issue 1489: issue 1486: issue 1485: issue 1482: issue 1480: issue 1479: issue 1476: issue 1475: issue 1472: issue 1471: issue 1468: issue 1467: issue 1465: issue 1462: issue 1461: issue 1458: issue 1457: issue 1455: issue 1452: issu|┆attachments: <a href= https:& x2f;& x2f;github.com& x2f;matisiekpl& x2f;czekolada& x2f;issues& x2f;1493 >https:& x2f;& x2f;github.com& x2f;matisiekpl& x2f;czekolada& x2f;issues& x2f;1493</a>
"""https://github.com/MatisiekPL/Czekolada/issues/1506"""|issue 1505: issue 1502: issue 1501: issue 1498: issue 1497: issue 1494: issue 1493: issue 1490: issue 1489: issue 1486: issue 1485: issue 1482: issue 1480: issue 1479: issue 1476: issue 1475: issue 1472: issue 1471: issue 1468: issue 1467: issue 1465: issu|┆attachments: <a href= https:& x2f;& x2f;github.com& x2f;matisiekpl& x2f;czekolada& x2f;issues& x2f;1505 >https:& x2f;& x2f;github.com& x2f;matisiekpl& x2f;czekolada& x2f;issues& x2f;1505</a>
"""https://github.com/MatisiekPL/Czekolada/issues/1528"""|issue 1527: issue 1524: issue 1523: issue 1520: issue 1518: issue 1517: issue 1514: issue 1513: issue 1510: issue 1509: issue 1506: issue 1505: issue 1502: issue 1501: issue 1498: issue 1497: issue 1494: issue 1493: issue 1490: issue 1489: issue 1486: issu|┆attachments: <a href= https:& x2f;& x2f;github.com& x2f;matisiekpl& x2f;czekolada& x2f;issues& x2f;1527 >https:& x2f;& x2f;github.com& x2f;matisiekpl& x2f;czekolada& x2f;issues& x2f;1527</a>
"""https://github.com/MatisiekPL/Czekolada/issues/1535"""|issue 1532: issue 1531: issue 1528: issue 1527: issue 1524: issue 1523: issue 1520: issue 1518: issue 1517: issue 1514: issue 1513: issue 1510: issue 1509: issue 1506: issue 1505: issue 1502: issue 1501: issue 1498: issue 1497: issue 1494: issue 1493: issu|┆attachments: <a href= https:& x2f;& x2f;github.com& x2f;matisiekpl& x2f;czekolada& x2f;issues& x2f;1532 >https:& x2f;& x2f;github.com& x2f;matisiekpl& x2f;czekolada& x2f;issues& x2f;1532</a>
"""https://github.com/MatisiekPL/Czekolada/issues/1542"""|issue 1541: issue 1538: issue 1537: issue 1534: issue 1533: issue 1530: issue 1529: issue 1526: issue 1525: issue 1522: issue 1521: issue 1519: issue 1516: issue 1515: issue 1512: issue 1511: issue 1508: issue 1507: issue 1504: issue 1503: issue 1500: issu|"gitlo = github x trello
---
this board is now linked with https://github.com/matisiekpl/czekolada , any update on the issue tracker will be sync to this board. -------
via trello, you can: --- __✍ create github issues__ - add a card in the corresponding column, an issue will be created in github ! add an issue http://i.imgur.com/yewicu8.gif ------- __✐ comment on github issues__ - just comment as you always do in a card ! comment on an issue http://i.imgur.com/jdnjscf.gif ------- __➦ close opened issues__ - move issue cards to close list - of course you can reopen them by dragging them out of close list ! close an issue http://i.imgur.com/opaazo8.gif ------- __✕ close pull requests__ - move pr cards to close list - important: you can not merge a pr via trello ! close pr http://i.imgur.com/nras2dg.gif __✚__ add any custom columns you need - the column will be sync to github as a label ------- default columns
---
we've set up default columns for you - please help keeping them in place ; you can also add your custom columns to enhance your work flow. ! add a column http://i.imgur.com/1rxnqcv.gif ------- dashboard & settings
---
for the owner of the project, just visit http://gitlo.co to update the settings. ------- want more?
---
let us know at http://smarturl.it/gitlo-feedback or mail us at gitlo@oursky.com ┆attachments: <a href= https:& x2f;& x2f;github.com& x2f;matisiekpl& x2f;czekolada& x2f;issues& x2f;1541 >https:& x2f;& x2f;github.com& x2f;matisiekpl& x2f;czekolada& x2f;issues& x2f;1541</a>"
"""https://github.com/MatisiekPL/Czekolada/issues/1548"""|issue 1547: issue 1544: issue 1543: issue 1540: issue 1539: issue 1536: issue 1535: issue 1532: issue 1531: issue 1528: issue 1527: issue 1524: issue 1523: issue 1520: issue 1518: issue 1517: issue 1514: issue 1513: issue 1510: issue 1509: issue 1506: issu|┆attachments: <a href= https:& x2f;& x2f;github.com& x2f;matisiekpl& x2f;czekolada& x2f;issues& x2f;1547 >https:& x2f;& x2f;github.com& x2f;matisiekpl& x2f;czekolada& x2f;issues& x2f;1547</a>
"""https://github.com/MatisiekPL/Czekolada/issues/1553"""|issue 1550: issue 1549: issue 1546: issue 1545: issue 1542: issue 1541: issue 1538: issue 1537: issue 1534: issue 1533: issue 1530: issue 1529: issue 1526: issue 1525: issue 1522: issue 1521: issue 1519: issue 1516: issue 1515: issue 1512: issue 1511: issu|"gitlo = github x trello
---
this board is now linked with https://github.com/matisiekpl/czekolada , any update on the issue tracker will be sync to this board. -------
via trello, you can: --- __✍ create github issues__ - add a card in the corresponding column, an issue will be created in github ! add an issue http://i.imgur.com/yewicu8.gif ------- __✐ comment on github issues__ - just comment as you always do in a card ! comment on an issue http://i.imgur.com/jdnjscf.gif ------- __➦ close opened issues__ - move issue cards to close list - of course you can reopen them by dragging them out of close list ! close an issue http://i.imgur.com/opaazo8.gif ------- __✕ close pull requests__ - move pr cards to close list - important: you can not merge a pr via trello ! close pr http://i.imgur.com/nras2dg.gif __✚__ add any custom columns you need - the column will be sync to github as a label ------- default columns
---
we've set up default columns for you - please help keeping them in place ; you can also add your custom columns to enhance your work flow. ! add a column http://i.imgur.com/1rxnqcv.gif ------- dashboard & settings
---
for the owner of the project, just visit http://gitlo.co to update the settings. ------- want more?
---
let us know at http://smarturl.it/gitlo-feedback or mail us at gitlo@oursky.com ┆attachments: <a href= https:& x2f;& x2f;github.com& x2f;matisiekpl& x2f;czekolada& x2f;issues& x2f;1550 >https:& x2f;& x2f;github.com& x2f;matisiekpl& x2f;czekolada& x2f;issues& x2f;1550</a>"
"""https://github.com/MatisiekPL/Czekolada/issues/1562"""|issue 1561: issue 1558: issue 1557: issue 1554: issue 1553: issue 1550: issue 1549: issue 1546: issue 1545: issue 1542: issue 1541: issue 1538: issue 1537: issue 1534: issue 1533: issue 1530: issue 1529: issue 1526: issue 1525: issue 1522: issue 1521: issu|"gitlo = github x trello
---
this board is now linked with https://github.com/matisiekpl/czekolada , any update on the issue tracker will be sync to this board. -------
via trello, you can: --- __✍ create github issues__ - add a card in the corresponding column, an issue will be created in github ! add an issue http://i.imgur.com/yewicu8.gif ------- __✐ comment on github issues__ - just comment as you always do in a card ! comment on an issue http://i.imgur.com/jdnjscf.gif ------- __➦ close opened issues__ - move issue cards to close list - of course you can reopen them by dragging them out of close list ! close an issue http://i.imgur.com/opaazo8.gif ------- __✕ close pull requests__ - move pr cards to close list - important: you can not merge a pr via trello ! close pr http://i.imgur.com/nras2dg.gif __✚__ add any custom columns you need - the column will be sync to github as a label ------- default columns
---
we've set up default columns for you - please help keeping them in place ; you can also add your custom columns to enhance your work flow. ! add a column http://i.imgur.com/1rxnqcv.gif ------- dashboard & settings
---
for the owner of the project, just visit http://gitlo.co to update the settings. ------- want more?
---
let us know at http://smarturl.it/gitlo-feedback or mail us at gitlo@oursky.com ┆attachments: <a href= https:& x2f;& x2f;github.com& x2f;matisiekpl& x2f;czekolada& x2f;issues& x2f;1561 >https:& x2f;& x2f;github.com& x2f;matisiekpl& x2f;czekolada& x2f;issues& x2f;1561</a>"
"""https://github.com/MatisiekPL/Czekolada/issues/1576"""|issue 1575: issue 1572: issue 1571: issue 1568: issue 1567: issue 1564: issue 1563: issue 1560: issue 1559: issue 1556: issue 1555: issue 1552: issue 1551: issue 1548: issue 1547: issue 1544: issue 1543: issue 1540: issue 1539: issue 1536: issue 1535: issu|┆attachments: <a href= https:& x2f;& x2f;github.com& x2f;matisiekpl& x2f;czekolada& x2f;issues& x2f;1575 >https:& x2f;& x2f;github.com& x2f;matisiekpl& x2f;czekolada& x2f;issues& x2f;1575</a>
"""https://github.com/MatisiekPL/Czekolada/issues/1605"""|issue 1602: issue 1601: issue 1598: issue 1597: issue 1594: issue 1593: issue 1590: issue 1589: issue 1586: issue 1585: issue 1582: issue 1580: issue 1579: issue 1576: issue 1575: issue 1572: issue 1571: issue 1568: issue 1567: issue 1564: issue 1563: issu|┆attachments: <a href= https:& x2f;& x2f;github.com& x2f;matisiekpl& x2f;czekolada& x2f;issues& x2f;1602 >https:& x2f;& x2f;github.com& x2f;matisiekpl& x2f;czekolada& x2f;issues& x2f;1602</a>
"""https://github.com/MatisiekPL/Czekolada/issues/1621"""|issue 1618: issue 1616: issue 1615: issue 1612: issue 1611: issue 1608: issue 1607: issue 1604: issue 1603: issue 1600: issue 1599: issue 1596: issue 1595: issue 1592: issue 1591: issue 1588: issue 1587: issue 1584: issue 1583: issue 1581: issue 1578: issu|"gitlo = github x trello
---
this board is now linked with https://github.com/matisiekpl/czekolada , any update on the issue tracker will be sync to this board. -------
via trello, you can: --- __✍ create github issues__ - add a card in the corresponding column, an issue will be created in github ! add an issue http://i.imgur.com/yewicu8.gif ------- __✐ comment on github issues__ - just comment as you always do in a card ! comment on an issue http://i.imgur.com/jdnjscf.gif ------- __➦ close opened issues__ - move issue cards to close list - of course you can reopen them by dragging them out of close list ! close an issue http://i.imgur.com/opaazo8.gif ------- __✕ close pull requests__ - move pr cards to close list - important: you can not merge a pr via trello ! close pr http://i.imgur.com/nras2dg.gif __✚__ add any custom columns you need - the column will be sync to github as a label ------- default columns
---
we've set up default columns for you - please help keeping them in place ; you can also add your custom columns to enhance your work flow. ! add a column http://i.imgur.com/1rxnqcv.gif ------- dashboard & settings
---
for the owner of the project, just visit http://gitlo.co to update the settings. ------- want more?
---
let us know at http://smarturl.it/gitlo-feedback or mail us at gitlo@oursky.com ┆attachments: <a href= https:& x2f;& x2f;github.com& x2f;matisiekpl& x2f;czekolada& x2f;issues& x2f;1618 >https:& x2f;& x2f;github.com& x2f;matisiekpl& x2f;czekolada& x2f;issues& x2f;1618</a>"
"""https://github.com/MatisiekPL/Czekolada/issues/1625"""|issue 1622: issue 1621: issue 1618: issue 1616: issue 1615: issue 1612: issue 1611: issue 1608: issue 1607: issue 1604: issue 1603: issue 1600: issue 1599: issue 1596: issue 1595: issue 1592: issue 1591: issue 1588: issue 1587: issue 1584: issue 1583: issu|"gitlo = github x trello
---
this board is now linked with https://github.com/matisiekpl/czekolada , any update on the issue tracker will be sync to this board. -------
via trello, you can: --- __✍ create github issues__ - add a card in the corresponding column, an issue will be created in github ! add an issue http://i.imgur.com/yewicu8.gif ------- __✐ comment on github issues__ - just comment as you always do in a card ! comment on an issue http://i.imgur.com/jdnjscf.gif ------- __➦ close opened issues__ - move issue cards to close list - of course you can reopen them by dragging them out of close list ! close an issue http://i.imgur.com/opaazo8.gif ------- __✕ close pull requests__ - move pr cards to close list - important: you can not merge a pr via trello ! close pr http://i.imgur.com/nras2dg.gif __✚__ add any custom columns you need - the column will be sync to github as a label ------- default columns
---
we've set up default columns for you - please help keeping them in place ; you can also add your custom columns to enhance your work flow. ! add a column http://i.imgur.com/1rxnqcv.gif ------- dashboard & settings
---
for the owner of the project, just visit http://gitlo.co to update the settings. ------- want more?
---
let us know at http://smarturl.it/gitlo-feedback or mail us at gitlo@oursky.com ┆attachments: <a href= https:& x2f;& x2f;github.com& x2f;matisiekpl& x2f;czekolada& x2f;issues& x2f;1622 >https:& x2f;& x2f;github.com& x2f;matisiekpl& x2f;czekolada& x2f;issues& x2f;1622</a>"
"""https://github.com/MatisiekPL/Czekolada/issues/1636"""|issue 1635: issue 1632: issue 1631: issue 1628: issue 1627: issue 1624: issue 1623: issue 1620: issue 1619: issue 1617: issue 1614: issue 1613: issue 1610: issue 1609: issue 1606: issue 1605: issue 1602: issue 1601: issue 1598: issue 1597: issue 1594: issu|┆attachments: <a href= https:& x2f;& x2f;github.com& x2f;matisiekpl& x2f;czekolada& x2f;issues& x2f;1635 >https:& x2f;& x2f;github.com& x2f;matisiekpl& x2f;czekolada& x2f;issues& x2f;1635</a>
"""https://github.com/MatisiekPL/Czekolada/issues/1641"""|issue 1639: issue 1637: issue 1634: issue 1633: issue 1630: issue 1629: issue 1626: issue 1625: issue 1622: issue 1621: issue 1618: issue 1616: issue 1615: issue 1612: issue 1611: issue 1608: issue 1607: issue 1604: issue 1603: issue 1600: issue 1599: issu|"gitlo = github x trello
---
this board is now linked with https://github.com/matisiekpl/czekolada , any update on the issue tracker will be sync to this board. -------
via trello, you can: --- __✍ create github issues__ - add a card in the corresponding column, an issue will be created in github ! add an issue http://i.imgur.com/yewicu8.gif ------- __✐ comment on github issues__ - just comment as you always do in a card ! comment on an issue http://i.imgur.com/jdnjscf.gif ------- __➦ close opened issues__ - move issue cards to close list - of course you can reopen them by dragging them out of close list ! close an issue http://i.imgur.com/opaazo8.gif ------- __✕ close pull requests__ - move pr cards to close list - important: you can not merge a pr via trello ! close pr http://i.imgur.com/nras2dg.gif __✚__ add any custom columns you need - the column will be sync to github as a label ------- default columns
---
we've set up default columns for you - please help keeping them in place ; you can also add your custom columns to enhance your work flow. ! add a column http://i.imgur.com/1rxnqcv.gif ------- dashboard & settings
---
for the owner of the project, just visit http://gitlo.co to update the settings. ------- want more?
---
let us know at http://smarturl.it/gitlo-feedback or mail us at gitlo@oursky.com ┆attachments: <a href= https:& x2f;& x2f;github.com& x2f;matisiekpl& x2f;czekolada& x2f;issues& x2f;1639 >https:& x2f;& x2f;github.com& x2f;matisiekpl& x2f;czekolada& x2f;issues& x2f;1639</a>"
"""https://github.com/MatisiekPL/Czekolada/issues/1645"""|issue 1642: issue 1641: issue 1639: issue 1637: issue 1634: issue 1633: issue 1630: issue 1629: issue 1626: issue 1625: issue 1622: issue 1621: issue 1618: issue 1616: issue 1615: issue 1612: issue 1611: issue 1608: issue 1607: issue 1604: issue 1603: issu|"gitlo = github x trello
---
this board is now linked with https://github.com/matisiekpl/czekolada , any update on the issue tracker will be sync to this board. -------
via trello, you can: --- __✍ create github issues__ - add a card in the corresponding column, an issue will be created in github ! add an issue http://i.imgur.com/yewicu8.gif ------- __✐ comment on github issues__ - just comment as you always do in a card ! comment on an issue http://i.imgur.com/jdnjscf.gif ------- __➦ close opened issues__ - move issue cards to close list - of course you can reopen them by dragging them out of close list ! close an issue http://i.imgur.com/opaazo8.gif ------- __✕ close pull requests__ - move pr cards to close list - important: you can not merge a pr via trello ! close pr http://i.imgur.com/nras2dg.gif __✚__ add any custom columns you need - the column will be sync to github as a label ------- default columns
---
we've set up default columns for you - please help keeping them in place ; you can also add your custom columns to enhance your work flow. ! add a column http://i.imgur.com/1rxnqcv.gif ------- dashboard & settings
---
for the owner of the project, just visit http://gitlo.co to update the settings. ------- want more?
---
let us know at http://smarturl.it/gitlo-feedback or mail us at gitlo@oursky.com ┆attachments: <a href= https:& x2f;& x2f;github.com& x2f;matisiekpl& x2f;czekolada& x2f;issues& x2f;1642 >https:& x2f;& x2f;github.com& x2f;matisiekpl& x2f;czekolada& x2f;issues& x2f;1642</a>"
"""https://github.com/MatisiekPL/Czekolada/issues/1651"""|issue 1648: issue 1647: issue 1645: issue 1642: issue 1641: issue 1639: issue 1637: issue 1634: issue 1633: issue 1630: issue 1629: issue 1626: issue 1625: issue 1622: issue 1621: issue 1618: issue 1616: issue 1615: issue 1612: issue 1611: issue 1608: issu|"gitlo = github x trello
---
this board is now linked with https://github.com/matisiekpl/czekolada , any update on the issue tracker will be sync to this board. -------
via trello, you can: --- __✍ create github issues__ - add a card in the corresponding column, an issue will be created in github ! add an issue http://i.imgur.com/yewicu8.gif ------- __✐ comment on github issues__ - just comment as you always do in a card ! comment on an issue http://i.imgur.com/jdnjscf.gif ------- __➦ close opened issues__ - move issue cards to close list - of course you can reopen them by dragging them out of close list ! close an issue http://i.imgur.com/opaazo8.gif ------- __✕ close pull requests__ - move pr cards to close list - important: you can not merge a pr via trello ! close pr http://i.imgur.com/nras2dg.gif __✚__ add any custom columns you need - the column will be sync to github as a label ------- default columns
---
we've set up default columns for you - please help keeping them in place ; you can also add your custom columns to enhance your work flow. ! add a column http://i.imgur.com/1rxnqcv.gif ------- dashboard & settings
---
for the owner of the project, just visit http://gitlo.co to update the settings. ------- want more?
---
let us know at http://smarturl.it/gitlo-feedback or mail us at gitlo@oursky.com ┆attachments: <a href= https:& x2f;& x2f;github.com& x2f;matisiekpl& x2f;czekolada& x2f;issues& x2f;1648 >https:& x2f;& x2f;github.com& x2f;matisiekpl& x2f;czekolada& x2f;issues& x2f;1648</a>"
"""https://github.com/MatisiekPL/Czekolada/issues/1659"""|issue 1656: issue 1655: issue 1652: issue 1651: issue 1648: issue 1647: issue 1645: issue 1642: issue 1641: issue 1639: issue 1637: issue 1634: issue 1633: issue 1630: issue 1629: issue 1626: issue 1625: issue 1622: issue 1621: issue 1618: issue 1616: issu|"gitlo = github x trello
---
this board is now linked with https://github.com/matisiekpl/czekolada , any update on the issue tracker will be sync to this board. -------
via trello, you can: --- __✍ create github issues__ - add a card in the corresponding column, an issue will be created in github ! add an issue http://i.imgur.com/yewicu8.gif ------- __✐ comment on github issues__ - just comment as you always do in a card ! comment on an issue http://i.imgur.com/jdnjscf.gif ------- __➦ close opened issues__ - move issue cards to close list - of course you can reopen them by dragging them out of close list ! close an issue http://i.imgur.com/opaazo8.gif ------- __✕ close pull requests__ - move pr cards to close list - important: you can not merge a pr via trello ! close pr http://i.imgur.com/nras2dg.gif __✚__ add any custom columns you need - the column will be sync to github as a label ------- default columns
---
we've set up default columns for you - please help keeping them in place ; you can also add your custom columns to enhance your work flow. ! add a column http://i.imgur.com/1rxnqcv.gif ------- dashboard & settings
---
for the owner of the project, just visit http://gitlo.co to update the settings. ------- want more?
---
let us know at http://smarturl.it/gitlo-feedback or mail us at gitlo@oursky.com ┆attachments: <a href= https:& x2f;& x2f;github.com& x2f;matisiekpl& x2f;czekolada& x2f;issues& x2f;1656 >https:& x2f;& x2f;github.com& x2f;matisiekpl& x2f;czekolada& x2f;issues& x2f;1656</a>"
"""https://github.com/MatisiekPL/Czekolada/issues/1658"""|issue 1657: issue 1654: issue 1653: issue 1650: issue 1649: issue 1646: issue 1644: issue 1643: issue 1640: issue 1638: issue 1636: issue 1635: issue 1632: issue 1631: issue 1628: issue 1627: issue 1624: issue 1623: issue 1620: issue 1619: issue 1617: issu|┆attachments: <a href= https:& x2f;& x2f;github.com& x2f;matisiekpl& x2f;czekolada& x2f;issues& x2f;1657 >https:& x2f;& x2f;github.com& x2f;matisiekpl& x2f;czekolada& x2f;issues& x2f;1657</a>
"""https://github.com/MatisiekPL/Czekolada/issues/1701"""|issue 1698: issue 1697: issue 1694: issue 1693: issue 1690: issue 1689: issue 1686: issue 1685: issue 1682: issue 1680: issue 1679: issue 1676: issue 1674: issue 1673: issue 1670: issue 1669: issue 1666: issue 1665: issue 1662: issue 1661: issue 1658: issu|┆attachments: <a href= https:& x2f;& x2f;github.com& x2f;matisiekpl& x2f;czekolada& x2f;issues& x2f;1698 >https:& x2f;& x2f;github.com& x2f;matisiekpl& x2f;czekolada& x2f;issues& x2f;1698</a>
"""https://github.com/MatisiekPL/Czekolada/issues/1711"""|issue 1708: issue 1707: issue 1704: issue 1703: issue 1700: issue 1699: issue 1696: issue 1695: issue 1692: issue 1691: issue 1688: issue 1687: issue 1684: issue 1683: issue 1681: issue 1678: issue 1677: issue 1675: issue 1672: issue 1671: issue 1668: issu|"gitlo = github x trello
---
this board is now linked with https://github.com/matisiekpl/czekolada , any update on the issue tracker will be sync to this board. -------
via trello, you can: --- __✍ create github issues__ - add a card in the corresponding column, an issue will be created in github ! add an issue http://i.imgur.com/yewicu8.gif ------- __✐ comment on github issues__ - just comment as you always do in a card ! comment on an issue http://i.imgur.com/jdnjscf.gif ------- __➦ close opened issues__ - move issue cards to close list - of course you can reopen them by dragging them out of close list ! close an issue http://i.imgur.com/opaazo8.gif ------- __✕ close pull requests__ - move pr cards to close list - important: you can not merge a pr via trello ! close pr http://i.imgur.com/nras2dg.gif __✚__ add any custom columns you need - the column will be sync to github as a label ------- default columns
---
we've set up default columns for you - please help keeping them in place ; you can also add your custom columns to enhance your work flow. ! add a column http://i.imgur.com/1rxnqcv.gif ------- dashboard & settings
---
for the owner of the project, just visit http://gitlo.co to update the settings. ------- want more?
---
let us know at http://smarturl.it/gitlo-feedback or mail us at gitlo@oursky.com ┆attachments: <a href= https:& x2f;& x2f;github.com& x2f;matisiekpl& x2f;czekolada& x2f;issues& x2f;1708 >https:& x2f;& x2f;github.com& x2f;matisiekpl& x2f;czekolada& x2f;issues& x2f;1708</a>"
"""https://github.com/MatisiekPL/Czekolada/issues/1720"""|issue 1719: issue 1716: issue 1715: issue 1713: issue 1710: issue 1709: issue 1706: issue 1705: issue 1702: issue 1701: issue 1698: issue 1697: issue 1694: issue 1693: issue 1690: issue 1689: issue 1686: issue 1685: issue 1682: issue 1680: issue 1679: issu|┆attachments: <a href= https:& x2f;& x2f;github.com& x2f;matisiekpl& x2f;czekolada& x2f;issues& x2f;1719 >https:& x2f;& x2f;github.com& x2f;matisiekpl& x2f;czekolada& x2f;issues& x2f;1719</a>
"""https://github.com/MatisiekPL/Czekolada/issues/1723"""|issue 1720: issue 1719: issue 1716: issue 1715: issue 1713: issue 1710: issue 1709: issue 1706: issue 1705: issue 1702: issue 1701: issue 1698: issue 1697: issue 1694: issue 1693: issue 1690: issue 1689: issue 1686: issue 1685: issue 1682: issue 1680: issu|┆attachments: <a href= https:& x2f;& x2f;github.com& x2f;matisiekpl& x2f;czekolada& x2f;issues& x2f;1720 >https:& x2f;& x2f;github.com& x2f;matisiekpl& x2f;czekolada& x2f;issues& x2f;1720</a>
"""https://github.com/MatisiekPL/Czekolada/issues/1731"""|issue 1728: issue 1727: issue 1724: issue 1723: issue 1720: issue 1719: issue 1716: issue 1715: issue 1713: issue 1710: issue 1709: issue 1706: issue 1705: issue 1702: issue 1701: issue 1698: issue 1697: issue 1694: issue 1693: issue 1690: issue 1689: issu|┆attachments: <a href= https:& x2f;& x2f;github.com& x2f;matisiekpl& x2f;czekolada& x2f;issues& x2f;1728 >https:& x2f;& x2f;github.com& x2f;matisiekpl& x2f;czekolada& x2f;issues& x2f;1728</a>
"""https://github.com/MatisiekPL/Czekolada/issues/1733"""|issue 1730: issue 1729: issue 1726: issue 1725: issue 1722: issue 1721: issue 1718: issue 1717: issue 1714: issue 1712: issue 1711: issue 1708: issue 1707: issue 1704: issue 1703: issue 1700: issue 1699: issue 1696: issue 1695: issue 1692: issue 1691: issu|"gitlo = github x trello
---
this board is now linked with https://github.com/matisiekpl/czekolada , any update on the issue tracker will be sync to this board. -------
via trello, you can: --- __✍ create github issues__ - add a card in the corresponding column, an issue will be created in github ! add an issue http://i.imgur.com/yewicu8.gif ------- __✐ comment on github issues__ - just comment as you always do in a card ! comment on an issue http://i.imgur.com/jdnjscf.gif ------- __➦ close opened issues__ - move issue cards to close list - of course you can reopen them by dragging them out of close list ! close an issue http://i.imgur.com/opaazo8.gif ------- __✕ close pull requests__ - move pr cards to close list - important: you can not merge a pr via trello ! close pr http://i.imgur.com/nras2dg.gif __✚__ add any custom columns you need - the column will be sync to github as a label ------- default columns
---
we've set up default columns for you - please help keeping them in place ; you can also add your custom columns to enhance your work flow. ! add a column http://i.imgur.com/1rxnqcv.gif ------- dashboard & settings
---
for the owner of the project, just visit http://gitlo.co to update the settings. ------- want more?
---
let us know at http://smarturl.it/gitlo-feedback or mail us at gitlo@oursky.com ┆attachments: <a href= https:& x2f;& x2f;github.com& x2f;matisiekpl& x2f;czekolada& x2f;issues& x2f;1730 >https:& x2f;& x2f;github.com& x2f;matisiekpl& x2f;czekolada& x2f;issues& x2f;1730</a>"
"""https://github.com/MatisiekPL/Czekolada/issues/1765"""|issue 1762: issue 1761: issue 1758: issue 1757: issue 1754: issue 1753: issue 1750: issue 1749: issue 1747: issue 1744: issue 1743: issue 1740: issue 1739: issue 1736: issue 1734: issue 1733: issue 1730: issue 1729: issue 1726: issue 1725: issue 1722: issu|"gitlo = github x trello
---
this board is now linked with https://github.com/matisiekpl/czekolada , any update on the issue tracker will be sync to this board. -------
via trello, you can: --- __✍ create github issues__ - add a card in the corresponding column, an issue will be created in github ! add an issue http://i.imgur.com/yewicu8.gif ------- __✐ comment on github issues__ - just comment as you always do in a card ! comment on an issue http://i.imgur.com/jdnjscf.gif ------- __➦ close opened issues__ - move issue cards to close list - of course you can reopen them by dragging them out of close list ! close an issue http://i.imgur.com/opaazo8.gif ------- __✕ close pull requests__ - move pr cards to close list - important: you can not merge a pr via trello ! close pr http://i.imgur.com/nras2dg.gif __✚__ add any custom columns you need - the column will be sync to github as a label ------- default columns
---
we've set up default columns for you - please help keeping them in place ; you can also add your custom columns to enhance your work flow. ! add a column http://i.imgur.com/1rxnqcv.gif ------- dashboard & settings
---
for the owner of the project, just visit http://gitlo.co to update the settings. ------- want more?
---
let us know at http://smarturl.it/gitlo-feedback or mail us at gitlo@oursky.com ┆attachments: <a href= https:& x2f;& x2f;github.com& x2f;matisiekpl& x2f;czekolada& x2f;issues& x2f;1762 >https:& x2f;& x2f;github.com& x2f;matisiekpl& x2f;czekolada& x2f;issues& x2f;1762</a>"
"""https://github.com/MatisiekPL/Czekolada/issues/1821"""|issue 1820: issue 1817: issue 1815: issue 1814: issue 1811: issue 1810: issue 1807: issue 1806: issue 1803: issue 1801: issue 1800: issue 1798: issue 1795: issue 1794: issue 1791: issue 1790: issue 1787: issue 1785: issue 1784: issue 1782: issue 1780: issu|"gitlo = github x trello
---
this board is now linked with https://github.com/matisiekpl/czekolada , any update on the issue tracker will be sync to this board. -------
via trello, you can: --- __✍ create github issues__ - add a card in the corresponding column, an issue will be created in github ! add an issue http://i.imgur.com/yewicu8.gif ------- __✐ comment on github issues__ - just comment as you always do in a card ! comment on an issue http://i.imgur.com/jdnjscf.gif ------- __➦ close opened issues__ - move issue cards to close list - of course you can reopen them by dragging them out of close list ! close an issue http://i.imgur.com/opaazo8.gif ------- __✕ close pull requests__ - move pr cards to close list - important: you can not merge a pr via trello ! close pr http://i.imgur.com/nras2dg.gif __✚__ add any custom columns you need - the column will be sync to github as a label ------- default columns
---
we've set up default columns for you - please help keeping them in place ; you can also add your custom columns to enhance your work flow. ! add a column http://i.imgur.com/1rxnqcv.gif ------- dashboard & settings
---
for the owner of the project, just visit http://gitlo.co to update the settings. ------- want more?
---
let us know at http://smarturl.it/gitlo-feedback or mail us at gitlo@oursky.com ┆attachments: <a href= https:& x2f;& x2f;github.com& x2f;matisiekpl& x2f;czekolada& x2f;issues& x2f;1820 >https:& x2f;& x2f;github.com& x2f;matisiekpl& x2f;czekolada& x2f;issues& x2f;1820</a>"
"""https://github.com/MatisiekPL/Czekolada/issues/1843"""|issue 1842: issue 1840: issue 1837: issue 1836: issue 1833: issue 1832: issue 1829: issue 1827: issue 1826: issue 1823: issue 1822: issue 1819: issue 1818: issue 1816: issue 1813: issue 1812: issue 1809: issue 1808: issue 1805: issue 1804: issue 1802: issu|┆attachments: <a href= https:& x2f;& x2f;github.com& x2f;matisiekpl& x2f;czekolada& x2f;issues& x2f;1842 >https:& x2f;& x2f;github.com& x2f;matisiekpl& x2f;czekolada& x2f;issues& x2f;1842</a>
"""https://github.com/MatisiekPL/Czekolada/issues/1850"""|issue 1847: issue 1846: issue 1843: issue 1842: issue 1840: issue 1837: issue 1836: issue 1833: issue 1832: issue 1829: issue 1827: issue 1826: issue 1823: issue 1822: issue 1819: issue 1818: issue 1816: issue 1813: issue 1812: issue 1809: issue 1808: issu|┆attachments: <a href= https:& x2f;& x2f;github.com& x2f;matisiekpl& x2f;czekolada& x2f;issues& x2f;1847 >https:& x2f;& x2f;github.com& x2f;matisiekpl& x2f;czekolada& x2f;issues& x2f;1847</a>
"""https://github.com/MatisiekPL/Czekolada/issues/1860"""|issue 1858: issue 1855: issue 1854: issue 1851: issue 1850: issue 1847: issue 1846: issue 1843: issue 1842: issue 1840: issue 1837: issue 1836: issue 1833: issue 1832: issue 1829: issue 1827: issue 1826: issue 1823: issue 1822: issue 1819: issue 1818: issu|┆attachments: <a href= https:& x2f;& x2f;github.com& x2f;matisiekpl& x2f;czekolada& x2f;issues& x2f;1858 >https:& x2f;& x2f;github.com& x2f;matisiekpl& x2f;czekolada& x2f;issues& x2f;1858</a>
"""https://github.com/MatisiekPL/Czekolada/issues/1915"""|issue 1914: issue 1911: issue 1910: issue 1907: issue 1906: issue 1903: issue 1902: issue 1899: issue 1898: issue 1895: issue 1894: issue 1891: issue 1889: issue 1888: issue 1885: issue 1884: issue 1881: issue 1880: issue 1877: issue 1875: issue 1874: issu|┆attachments: <a href= https:& x2f;& x2f;github.com& x2f;matisiekpl& x2f;czekolada& x2f;issues& x2f;1914 >https:& x2f;& x2f;github.com& x2f;matisiekpl& x2f;czekolada& x2f;issues& x2f;1914</a>
"""https://github.com/MatisiekPL/Czekolada/issues/1918"""|issue 1915: issue 1914: issue 1911: issue 1910: issue 1907: issue 1906: issue 1903: issue 1902: issue 1899: issue 1898: issue 1895: issue 1894: issue 1891: issue 1889: issue 1888: issue 1885: issue 1884: issue 1881: issue 1880: issue 1877: issue 1875: issu|┆attachments: <a href= https:& x2f;& x2f;github.com& x2f;matisiekpl& x2f;czekolada& x2f;issues& x2f;1915 >https:& x2f;& x2f;github.com& x2f;matisiekpl& x2f;czekolada& x2f;issues& x2f;1915</a>
"""https://github.com/MatisiekPL/Czekolada/issues/1923"""|issue 1922: issue 1919: issue 1918: issue 1915: issue 1914: issue 1911: issue 1910: issue 1907: issue 1906: issue 1903: issue 1902: issue 1899: issue 1898: issue 1895: issue 1894: issue 1891: issue 1889: issue 1888: issue 1885: issue 1884: issue 1881: issu|┆attachments: <a href= https:& x2f;& x2f;github.com& x2f;matisiekpl& x2f;czekolada& x2f;issues& x2f;1922 >https:& x2f;& x2f;github.com& x2f;matisiekpl& x2f;czekolada& x2f;issues& x2f;1922</a>
"""https://github.com/MatisiekPL/Czekolada/issues/1928"""|issue 1925: issue 1924: issue 1921: issue 1920: issue 1917: issue 1916: issue 1913: issue 1912: issue 1909: issue 1908: issue 1905: issue 1904: issue 1901: issue 1900: issue 1897: issue 1896: issue 1893: issue 1892: issue 1890: issue 1887: issue 1886: issu|"gitlo = github x trello
---
this board is now linked with https://github.com/matisiekpl/czekolada , any update on the issue tracker will be sync to this board. -------
via trello, you can: --- __✍ create github issues__ - add a card in the corresponding column, an issue will be created in github ! add an issue http://i.imgur.com/yewicu8.gif ------- __✐ comment on github issues__ - just comment as you always do in a card ! comment on an issue http://i.imgur.com/jdnjscf.gif ------- __➦ close opened issues__ - move issue cards to close list - of course you can reopen them by dragging them out of close list ! close an issue http://i.imgur.com/opaazo8.gif ------- __✕ close pull requests__ - move pr cards to close list - important: you can not merge a pr via trello ! close pr http://i.imgur.com/nras2dg.gif __✚__ add any custom columns you need - the column will be sync to github as a label ------- default columns
---
we've set up default columns for you - please help keeping them in place ; you can also add your custom columns to enhance your work flow. ! add a column http://i.imgur.com/1rxnqcv.gif ------- dashboard & settings
---
for the owner of the project, just visit http://gitlo.co to update the settings. ------- want more?
---
let us know at http://smarturl.it/gitlo-feedback or mail us at gitlo@oursky.com ┆attachments: <a href= https:& x2f;& x2f;github.com& x2f;matisiekpl& x2f;czekolada& x2f;issues& x2f;1925 >https:& x2f;& x2f;github.com& x2f;matisiekpl& x2f;czekolada& x2f;issues& x2f;1925</a>"
"""https://github.com/MatisiekPL/Czekolada/issues/1949"""|issue 1948: issue 1945: issue 1944: issue 1941: issue 1940: issue 1938: issue 1935: issue 1934: issue 1931: issue 1930: issue 1927: issue 1926: issue 1923: issue 1922: issue 1919: issue 1918: issue 1915: issue 1914: issue 1911: issue 1910: issue 1907: issu|┆attachments: <a href= https:& x2f;& x2f;github.com& x2f;matisiekpl& x2f;czekolada& x2f;issues& x2f;1948 >https:& x2f;& x2f;github.com& x2f;matisiekpl& x2f;czekolada& x2f;issues& x2f;1948</a>
"""https://github.com/MatisiekPL/Czekolada/issues/1952"""|issue 1949: issue 1948: issue 1945: issue 1944: issue 1941: issue 1940: issue 1938: issue 1935: issue 1934: issue 1931: issue 1930: issue 1927: issue 1926: issue 1923: issue 1922: issue 1919: issue 1918: issue 1915: issue 1914: issue 1911: issue 1910: issu|┆attachments: <a href= https:& x2f;& x2f;github.com& x2f;matisiekpl& x2f;czekolada& x2f;issues& x2f;1949 >https:& x2f;& x2f;github.com& x2f;matisiekpl& x2f;czekolada& x2f;issues& x2f;1949</a>
"""https://github.com/MatisiekPL/Czekolada/issues/1957"""|issue 1956: issue 1953: issue 1952: issue 1949: issue 1948: issue 1945: issue 1944: issue 1941: issue 1940: issue 1938: issue 1935: issue 1934: issue 1931: issue 1930: issue 1927: issue 1926: issue 1923: issue 1922: issue 1919: issue 1918: issue 1915: issu|┆attachments: <a href= https:& x2f;& x2f;github.com& x2f;matisiekpl& x2f;czekolada& x2f;issues& x2f;1956 >https:& x2f;& x2f;github.com& x2f;matisiekpl& x2f;czekolada& x2f;issues& x2f;1956</a>
"""https://github.com/MatisiekPL/Czekolada/issues/1962"""|issue 1959: issue 1957: issue 1956: issue 1953: issue 1952: issue 1949: issue 1948: issue 1945: issue 1944: issue 1941: issue 1940: issue 1938: issue 1935: issue 1934: issue 1931: issue 1930: issue 1927: issue 1926: issue 1923: issue 1922: issue 1919: issu|┆attachments: <a href= https:& x2f;& x2f;github.com& x2f;matisiekpl& x2f;czekolada& x2f;issues& x2f;1959 >https:& x2f;& x2f;github.com& x2f;matisiekpl& x2f;czekolada& x2f;issues& x2f;1959</a>
"""https://github.com/MatisiekPL/Czekolada/issues/1975"""|issue 1974: issue 1971: issue 1970: issue 1968: issue 1965: issue 1964: issue 1961: issue 1960: issue 1958: issue 1955: issue 1954: issue 1951: issue 1950: issue 1947: issue 1946: issue 1943: issue 1942: issue 1939: issue 1937: issue 1936: issue 1933: issu|"gitlo = github x trello
---
this board is now linked with https://github.com/matisiekpl/czekolada , any update on the issue tracker will be sync to this board. -------
via trello, you can: --- __✍ create github issues__ - add a card in the corresponding column, an issue will be created in github ! add an issue http://i.imgur.com/yewicu8.gif ------- __✐ comment on github issues__ - just comment as you always do in a card ! comment on an issue http://i.imgur.com/jdnjscf.gif ------- __➦ close opened issues__ - move issue cards to close list - of course you can reopen them by dragging them out of close list ! close an issue http://i.imgur.com/opaazo8.gif ------- __✕ close pull requests__ - move pr cards to close list - important: you can not merge a pr via trello ! close pr http://i.imgur.com/nras2dg.gif __✚__ add any custom columns you need - the column will be sync to github as a label ------- default columns
---
we've set up default columns for you - please help keeping them in place ; you can also add your custom columns to enhance your work flow. ! add a column http://i.imgur.com/1rxnqcv.gif ------- dashboard & settings
---
for the owner of the project, just visit http://gitlo.co to update the settings. ------- want more?
---
let us know at http://smarturl.it/gitlo-feedback or mail us at gitlo@oursky.com ┆attachments: <a href= https:& x2f;& x2f;github.com& x2f;matisiekpl& x2f;czekolada& x2f;issues& x2f;1974 >https:& x2f;& x2f;github.com& x2f;matisiekpl& x2f;czekolada& x2f;issues& x2f;1974</a>"
"""https://github.com/MatisiekPL/Czekolada/issues/1982"""|issue 1979: issue 1978: issue 1975: issue 1974: issue 1971: issue 1970: issue 1968: issue 1965: issue 1964: issue 1961: issue 1960: issue 1958: issue 1955: issue 1954: issue 1951: issue 1950: issue 1947: issue 1946: issue 1943: issue 1942: issue 1939: issu|"gitlo = github x trello
---
this board is now linked with https://github.com/matisiekpl/czekolada , any update on the issue tracker will be sync to this board. -------
via trello, you can: --- __✍ create github issues__ - add a card in the corresponding column, an issue will be created in github ! add an issue http://i.imgur.com/yewicu8.gif ------- __✐ comment on github issues__ - just comment as you always do in a card ! comment on an issue http://i.imgur.com/jdnjscf.gif ------- __➦ close opened issues__ - move issue cards to close list - of course you can reopen them by dragging them out of close list ! close an issue http://i.imgur.com/opaazo8.gif ------- __✕ close pull requests__ - move pr cards to close list - important: you can not merge a pr via trello ! close pr http://i.imgur.com/nras2dg.gif __✚__ add any custom columns you need - the column will be sync to github as a label ------- default columns
---
we've set up default columns for you - please help keeping them in place ; you can also add your custom columns to enhance your work flow. ! add a column http://i.imgur.com/1rxnqcv.gif ------- dashboard & settings
---
for the owner of the project, just visit http://gitlo.co to update the settings. ------- want more?
---
let us know at http://smarturl.it/gitlo-feedback or mail us at gitlo@oursky.com ┆attachments: <a href= https:& x2f;& x2f;github.com& x2f;matisiekpl& x2f;czekolada& x2f;issues& x2f;1979 >https:& x2f;& x2f;github.com& x2f;matisiekpl& x2f;czekolada& x2f;issues& x2f;1979</a>"
"""https://github.com/MatisiekPL/Czekolada/issues/1981"""|issue 1980: issue 1977: issue 1976: issue 1973: issue 1972: issue 1969: issue 1967: issue 1966: issue 1963: issue 1962: issue 1959: issue 1957: issue 1956: issue 1953: issue 1952: issue 1949: issue 1948: issue 1945: issue 1944: issue 1941: issue 1940: issu|┆attachments: <a href= https:& x2f;& x2f;github.com& x2f;matisiekpl& x2f;czekolada& x2f;issues& x2f;1980 >https:& x2f;& x2f;github.com& x2f;matisiekpl& x2f;czekolada& x2f;issues& x2f;1980</a>
"""https://github.com/MatisiekPL/Czekolada/issues/1983"""|issue 1982: issue 1979: issue 1978: issue 1975: issue 1974: issue 1971: issue 1970: issue 1968: issue 1965: issue 1964: issue 1961: issue 1960: issue 1958: issue 1955: issue 1954: issue 1951: issue 1950: issue 1947: issue 1946: issue 1943: issue 1942: issu|"gitlo = github x trello
---
this board is now linked with https://github.com/matisiekpl/czekolada , any update on the issue tracker will be sync to this board. -------
via trello, you can: --- __✍ create github issues__ - add a card in the corresponding column, an issue will be created in github ! add an issue http://i.imgur.com/yewicu8.gif ------- __✐ comment on github issues__ - just comment as you always do in a card ! comment on an issue http://i.imgur.com/jdnjscf.gif ------- __➦ close opened issues__ - move issue cards to close list - of course you can reopen them by dragging them out of close list ! close an issue http://i.imgur.com/opaazo8.gif ------- __✕ close pull requests__ - move pr cards to close list - important: you can not merge a pr via trello ! close pr http://i.imgur.com/nras2dg.gif __✚__ add any custom columns you need - the column will be sync to github as a label ------- default columns
---
we've set up default columns for you - please help keeping them in place ; you can also add your custom columns to enhance your work flow. ! add a column http://i.imgur.com/1rxnqcv.gif ------- dashboard & settings
---
for the owner of the project, just visit http://gitlo.co to update the settings. ------- want more?
---
let us know at http://smarturl.it/gitlo-feedback or mail us at gitlo@oursky.com ┆attachments: <a href= https:& x2f;& x2f;github.com& x2f;matisiekpl& x2f;czekolada& x2f;issues& x2f;1982 >https:& x2f;& x2f;github.com& x2f;matisiekpl& x2f;czekolada& x2f;issues& x2f;1982</a>"
