201808240000|w3-24h-vn|https://www.24h.com.vn/bong-da/u23-viet-nam-vao-tu-ket-hlv-bahrain-to-trong-tai-bat-sai-khen-van-quyet-c48a985098.html|U23 Việt Nam vào tứ kết: HLV Bahrain tố trọng tài bắt sai, khen Văn Quyết
201808240000|w3-aftenposten-no|https://www.aftenposten.no/norge/i/m6joJq/Bergen-kommune-ble-advart_-men-fulgte-ikke-ekspertenes-rad-Sa-brast-demningen|Bergen kommune ble advart, men fulgte ikke ekspertenes råd. Så brast demningen. - Aftenposten
201808240000|w3-albawabhnews|http://www.albawabhnews.com/3241511|عروض فنية في عيد الأضحى بثقافة الوادي الجديد
201808240000|w3-albawabhnews|http://www.albawabhnews.com/3245292|تعرفي على أضرار وأمراض الجلوس لفترات طويلة
201808240000|w3-albawabhnews|http://www.albawabhnews.com/3249336|31 أغسطس.. مسرح رومانس يحتضن 'في قلبي أنثى عبرية'
201808240000|w3-albawabhnews|http://www.albawabhnews.com/3249342|مدن الخير.. انطلاقة جديدة لتعمير الصحراء.. العاصمة الإدارية وتوشكى والمنصورة لمواجهة الكثافة السكانية.. العلمين وواحة أكتوبر مراكز اقتصادية على الطريقة الأوروبية.. خطة الدولة تستهدف زيادة رقعة العمران
201808240000|w3-albawabhnews|http://www.albawabhnews.com/3249353|'البوابة نيوز' في جولة داخل عربات مترو الأنفاق.. الزحام عرض مستمر.. وانتشار للباعة الجائلين والسرقة أبرز المشاكل.. وركاب يشتكون قلة القطارات المكيفة
201808240000|w3-albawabhnews|http://www.albawabhnews.com/3249393|ميلان يدخل الصراع على أدريان رابيو لاعب باريس سان جيرمان
201808240000|w3-albawabhnews|http://www.albawabhnews.com/3249395|'الشبان المسيحيين' تكرم أوائل الشهادات في أبوقرقاص بالمنيا
201808240000|w3-albawabhnews|http://www.albawabhnews.com/3249397|إصابة 5 أشخاص في انقلاب سيارة على الطريق الدولي بالعلمين
201808240000|w3-albawabhnews|http://www.albawabhnews.com/3249398|رئيس 'قطن مصر': خطة لزيادة معدلات الإنتاج والصادرات
201808240000|w3-albawabhnews|http://www.albawabhnews.com/3249399|'التصديرى للملابس الجاهزة': تطوير زراعة القطن يرفع الاحتياطي النقدي
201808240000|w3-amarujala|https://www.amarujala.com/haryana/sonipat/131535051999-sonipat-news|बजरंग पूनिया को बधाई देने पहुंचे मंत्री कविता जैन व सीएम मीडिया सलाहकार राजीव जैन
201808240000|w3-amarujala|https://www.amarujala.com/haryana/sonipat/91535051996-sonipat-news|आंगनबाड़ी केंद्र से ही चोरी हुआ था गेहूं व चावल, सीडीपीओ ने एसडीएम को सौंपी रिपोर्ट
201808240000|w3-asianage|http://www.asianage.com/metros/mumbai/240818/21000-tree-falling-incidents-claimed-30-lives-in-5-years-rti.html|21,000 tree falling incidents claimed 30 lives in 5 years: RTI
201808240000|w3-asianage|http://www.asianage.com/metros/mumbai/240818/cities-fail-to-create-action-plan-to-combat-pollution.html|Cities fail to create action plan to combat pollution
201808240000|w3-augsburger-allgemeine-de|https://www.augsburger-allgemeine.de/sport/RB-Leipzig-mueht-sich-gegen-zehn-Ukrainer-0-0-bei-Luhansk-id52000961.html|RB Leipzig müht sich gegen zehn Ukrainer: 0:0 bei Luhansk
201808240000|w3-baloncesto-as|https://as.com/baloncesto/2018/08/23/nba/1535055374_543334.html|Irving abraza sus raíces sioux y ahora es 'Pequeña Montaña'
201808240000|w3-benarnews-org|https://www.benarnews.org/english/news/indonesian/australia-warning-08232018162833.html|Australia Issues Warning About Potential Indonesia Terror Plots
201808240000|w3-berliner-zeitung-de|https://www.berliner-zeitung.de/sport/fuechse/fehlstart-der-fuechse-berlin-petkovic-team-verliert-in-goeppingen-18-21-31157338?dmcid=f_yho_Berliner%2BZeitung%2B%28alles%29|Fehlstart der Füchse Berlin: Petkovic-Team verliert in Göppingen 18:21
201808240000|w3-berliner-zeitung-de|https://www.berliner-zeitung.de/sport/fuechse/fehlstart-der-fuechse-berlin-petkovic-team-verliert-in-goeppingen-18-21-31157338?dmcid=f_yho_F%25C3%25BCchse%2B-%2BBerliner%2BZeitung|Fehlstart der Füchse Berlin: Petkovic-Team verliert in Göppingen 18:21
201808240000|w3-berliner-zeitung-de|https://www.berliner-zeitung.de/sport/fuechse/fehlstart-der-fuechse-berlin-petkovic-team-verliert-in-goeppingen-18-21-31157338?dmcid=f_yho_Sport%2B-%2BBerliner%2BZeitung|Fehlstart der Füchse Berlin: Petkovic-Team verliert in Göppingen 18:21
201808240000|w3-beta-rs|https://beta.rs/vesti/drustvo-migranti/95832-spanija-vraca-u-maroko-116-migranata|Španija vraća u Maroko 116 migranata
201808240000|w3-bild-de|https://www.bild.de/regional/dresden/dresden-aktuell/saechsisches-innenministerium-unter-druck-pegida-mann-soll-urlaub-abbrechen-56837010.bild.html|Innenministerium unter druck - Pegida-Mann soll Urlaub abbrechen
201808240000|w3-blog-mlive|https://www.mlive.com/news/ann-arbor/index.ssf/2018/08/university_of_michigan_music_p.html|UMich professor, opera singer on leave amid rape allegation
201808240000|w3-boursier|https://www.boursier.com/indices/actualites/news/wall-street-perplexe-avec-les-deboires-de-trump-et-la-fed-773306.html?rss|Wall Street perplexe avec les déboires de Trump et la Fed
201808240000|w3-businessinsider|https://www.businessinsider.com/revival-affordable-vintage-rug-startup-2018-4|This vintage rug company is on track to make $1 million within its first year -- its rugs are both beautiful and affordable
201808240000|w3-businessinsider|https://www.businessinsider.com/rise-of-oracle-founder-larry-ellison-2017-1|The rise of Larry Ellison, the jet-setting 74-year-old billionaire founder of Oracle (ORCL)
201808240000|w3-businessinsider-in|https://www.businessinsider.in/The-new-biography-from-Steve-Jobs-daughter-offers-more-proof-that-Silicon-Valley-is-like-a-small-town/articleshow/65522716.cms|The new biography from Steve Jobs' daughter offers more proof that Silicon Valley is like a small town
201808240000|w3-cash-ch|https://www.cash.ch/news/kommentar/aktien-new-york-schluss-zollkonflikt-truebt-stimmung-etwas-weiter-ein-1202238|Aktien New York Schluss: Zollkonflikt trübt Stimmung etwas weiter ein
201808240000|w3-cbc-ca|https://www.cbc.ca/news/canada/edmonton/adrienne-lamb-edmonton-events-weekend-our-edmonton-1.4796272?cmp=rss|Monster truck throwdown, the Derby and the blues: What to do with your weekend
201808240000|w3-cbc-ca|https://www.cbc.ca/news/canada/edmonton/misericordia-hospital-water-leak-1.4796804?cmp=rss|Misericordia Hospital ER to reopen Friday morning, AHS says
201808240000|w3-channels-nzcity-nz|https://home.nzcity.co.nz/news/article.aspx?id=274950&ref=rss|An Auckland school for disabled children thinks its roll could nearly triple under new changes
201808240000|w3-charlotteobserver|https://www.charlotteobserver.com/news/local/article217215595.html|This 9-foot shark turned up dead on a Massachusetts beach, its face mysteriously red
201808240000|w3-cleantechnica|https://cleantechnica.com/2018/08/23/algorithm-detects-fake-news-better-than-humans/?utm_source=feedburner&utm_medium=feed&utm_campaign=Feed%253A%2BIM-cleantechnica%2B%2528CleanTechnica%2529|Algorithm Detects Fake News Better Than Humans
201808240000|w3-cleantechnica|https://cleantechnica.com/2018/08/23/enosi-helps-connect-solar-energy-prosumers-consumers-in-australia/?utm_source=feedburner&utm_medium=feed&utm_campaign=Feed%253A%2BIM-cleantechnica%2B%2528CleanTechnica%2529|Enosi Helps Connect Solar Energy Prosumers & Consumers In Australia
201808240000|w3-cleantechnica|https://cleantechnica.com/2018/08/23/india-plans-25-gigawatt-solar-power-park-in-jammu-kashmir/?utm_source=feedburner&utm_medium=feed&utm_campaign=Feed%253A%2BIM-cleantechnica%2B%2528CleanTechnica%2529|India Plans 25 Gigawatt Solar Power Park In Jammu & Kashmir
201808240000|w3-cleantechnica|https://cleantechnica.com/2018/08/23/kfw-signs-e200-million-loan-to-promote-renewable-energy-in-rural-india/?utm_source=feedburner&utm_medium=feed&utm_campaign=Feed%253A%2BIM-cleantechnica%2B%2528CleanTechnica%2529|KfW Signs €200 Million Loan To Promote Renewable Energy In Rural India
201808240000|w3-cleantechnica|https://cleantechnica.com/2018/08/23/nevada-confirms-tesla-continues-to-exceed-gigafactory-performance-targets/|Nevada Confirms: Tesla Continues To Exceed Gigafactory Performance Targets
201808240000|w3-cleantechnica|https://cleantechnica.com/2018/08/23/nevada-confirms-tesla-continues-to-exceed-gigafactory-performance-targets/?utm_source=feedburner&utm_medium=feed&utm_campaign=Feed%253A%2BIM-cleantechnica%2B%2528CleanTechnica%2529|Nevada Confirms: Tesla Continues To Exceed Gigafactory Performance Targets
201808240000|w3-cleantechnica|https://cleantechnica.com/2018/08/23/senvion-signs-275-megawatt-wind-turbine-agreement-in-texas/?utm_source=feedburner&utm_medium=feed&utm_campaign=Feed%253A%2BIM-cleantechnica%2B%2528CleanTechnica%2529|Senvion Signs 275 Megawatt Wind Turbine Agreement In Texas
201808240000|w3-cleantechnica|https://cleantechnica.com/2018/08/23/solar-power-legislation-in-illinois-could-generate-250-350-million-in-tax-revenue/?utm_source=feedburner&utm_medium=feed&utm_campaign=Feed%253A%2BIM-cleantechnica%2B%2528CleanTechnica%2529|Solar Power Legislation In Illinois Could Generate $250-350 Million In Tax Revenue
201808240000|w3-cnbc|https://www.cnbc.com/2018/08/23/tom-steyer-considers-run-for-president-as-he-pushes-to-impeach-trump.html|Billionaire Tom Steyer is seriously looking into running for president as he pushes to impeach Trump
201808240000|w3-collegefootballtalk-nbcsports|https://collegefootballtalk.nbcsports.com/2018/08/22/urban-meyer-to-remain-as-ohio-states-head-coach-but-suspended-for-first-three-games-without-pay/comment-page-2/|Comment on Urban Meyer to remain as Ohio State's head coach, but suspended for first three games without pay by natchamps73
201808240000|w3-comicbook|https://comicbook.com/2018/08/23/jurassic-park-ride-wedding-proposal-universal-studios/|'Jurassic Park' Record-Breaking Ride Ends in Marriage Proposal
201808240000|w3-comicbook|https://comicbook.com/2018/08/23/predator-box-office-opening-weekend-tracking/|'The Predator' Tracking for $30 Million Opening Weekend
201808240000|w3-dailynexus|http://dailynexus.com/2018-08-23/abortion-pill-in-public-universities-one-step-closer-to-becoming-law/comment-page-1/|Comment on Abortion Pill In Public Universities One Step Closer to Becoming Law by Cam
201808240000|w3-deadline|https://deadline.com/2018/08/mike-francesa-voice-of-new-york-sports-radio-enters-digital-era-with-caa-entercom-streaming-platform-1202451360/|Mike Francesa, Voice Of New York Sports Radio, Enters Digital Era With CAA-Entercom Streaming Platform
201808240000|w3-dealcatcher|https://www.dealcatcher.com/peripherals/logitech-k480-bluetooth-multi-device-keyboard-refurbished|NeweggFlash - Logitech K480 Bluetooth Multi-Device Keyboard (Refurbished) $15.99
201808240000|w3-de-engadget|https://www.engadget.com/2018/08/23/apple-tv-adaptation-asimov-foundation/|Apple moves forward with TV adaptation of Asimov's 'Foundation'
201808240000|w3-dhnet-be|http://www.dhnet.be/regions/mons/un-nuage-orange-de-fumee-a-survole-terte-baudour-5b7f178c5532f06fc8803453|Un nuage orange de fumée a survolé Terte-Baudour
201808240000|w3-diariodecadiz-es|https://www.diariodecadiz.es/espana/PSOE-PP-anulan-capacidad-Senado_0_1275473041.html|El PSOE y el PP anulan la capacidad de veto del PP en el Senado
201808240000|w3-elnuevoherald|https://www.elnuevoherald.com/entretenimiento/article217212615.html|Ceñido vestido de Adamari López desata controversia en las redes - El Nuevo Herald
201808240000|w3-eltipografo-cl|http://eltipografo.cl/2018/08/colegio-de-profesores-convoca-a-paro-y-advierte-al-mineduc-con-movilizacion-de-mayor-prolongacion/|Colegio de Profesores convoca a paro y advierte al Mineduc con movilización 'de mayor prolongación'
201808240000|w3-engadget|https://www.engadget.com/2018/08/23/apple-tv-adaptation-asimov-foundation/?utm_source=feedburner&utm_medium=feed&utm_campaign=Feed%253A%2Bweblogsinc%252Fengadget%2B%2528Engadget%2529|Apple moves forward with TV adaptation of Asimov's 'Foundation'
201808240000|w3-ep00-epimg|https://elpais.com/deportes/2018/08/23/actualidad/1535055623_150488.html|Duelo entre Nadal y David Ferrer en la primera ronda del US Open
201808240000|w3-etftrends|https://www.etftrends.com/rising-rates-channel/gold-etfs-retreat-as-u-s-dollar-strengthens/|Gold ETFs Retreat on Rising Rate Outlook
201808240000|w3-excelsior-mx|https://www.excelsior.com.mx/comunidad/cdmx-metropoli-vanguardista-expuesta-a-homofobia-academicos/1260455|CDMX, metrópoli vanguardista expuesta a homofobia: académicos
201808240000|w3-excelsior-mx|https://www.excelsior.com.mx/funcion/deftones-prepara-su-nuevo-album/1260456|Deftones prepara su nuevo álbum
201808240000|w3-excelsior-mx|https://www.excelsior.com.mx/global/eu-encarga-a-directivo-de-ford-las-negociaciones-con-norcorea/1260459|EU encarga a directivo de Ford las negociaciones con Norcorea
201808240000|w3-excelsior-mx|https://www.excelsior.com.mx/nacional/dan-de-alta-a-pacientes-tras-cuadro-de-meningitis-en-hospital-de-morelia/1260458|Dan de alta a pacientes tras cuadro de meningitis en hospital de Morelia
201808240000|w3-excelsior-mx|https://www.excelsior.com.mx/nacional/ya-lo-mato-carnal-ya-valio-dice-sujeto-que-graba-pelea-de-franeleros/1260457|¡Ya lo mató carnal, ya valió!, dice sujeto que graba pelea de franeleros
201808240000|w3-fakty-ua|http://fakty.ua/278938-rossiyu-zastavili-otchitatsya-o-zdorove-chetveryh-politzaklyuchennyh|Россию заставили отчитаться о здоровье четверых политзаключенных
201808240000|w3-fortlee-dailyvoice|https://fortlee.dailyvoice.com/business/american-dream-food-hall-munchies-explained-what-is-it/741236/|American Dream Food Hall MUNCHIES Explained: What Is It?
201808240000|w3-fortlee-dailyvoice|https://fortlee.dailyvoice.com/police-fire/northvale-resident-charged-with-having-2400-child-porn-images-cyber-chatting-with-kids/741235/|Northvale Resident Charged With Having 2,400 Child Porn Images, Cyber-Chatting With Kids
201808240000|w3-fortlee-dailyvoice|https://fortlee.dailyvoice.com/police-fire/ramsey-police-chief-sets-record-straight-against-false-claims/741205/|Ramsey Police Chief Sets Record Straight Against False Claims
201808240000|w3-gamatv-ec|http://www.gamavision.com.ec/jardin-botanico-de-quito-fue-destacado-en-prestigioso-medio-de-londres/|Jardín Botánico de Quito fue destacado en prestigioso medio de Londres
201808240000|w3-goal|http://www.goal.com/ar/%D8%A3%D8%AE%D8%A8%D8%A7%D8%B1/%D9%82%D8%A7%D8%A6%D8%AF-%D8%AA%D8%B4%D9%8A%D9%84%D8%B3%D9%8A-%D8%A7%D9%84%D8%B3%D8%A7%D8%A8%D9%82-%D9%87%D8%A7%D8%B2%D8%A7%D8%B1%D8%AF-%D8%A7%D9%84%D9%85%D8%AE%D9%84%D8%B5-%D8%B3%D9%8A%D8%A8%D9%82%D9%89/bpn7pprp3gj51u7pwx3o2vvdu|قائد تشيلسي السابق: هازارد 'المخلص' سيبقى
201808240000|w3-guardian-ng|https://guardian.ng/politics/lagos-how-best-to-sustain-popular-representation/|Lagos: how best to sustain popular representation
201808240000|w3-healthymemory-wordpress|https://healthymemory.wordpress.com/2018/08/14/origin-story-a-big-history-of-everything/|Comment on Origin Story: A Big History of Everything by Need to reject an archaic, racist inspired interpretation of the Bible and animosity against other believers - From guestwriters
201808240000|w3-ilsole24ore|http://www.ilsole24ore.com/art/notizie/2018-08-23/ferrazza-e-brencich-lasciano-commissione-ispettiva-mit-crollo-genova-221744.shtml?uuid%253DAEw0fkeF|Ferrazza e Brencich lasciano la commissione ispettiva del Mit sul crollo di Genova - Il Sole 24 ORE
201808240000|w3-imagendelgolfo-mx|http://imagendelgolfo.mx/resumen.php?id=41231312|Realizarán el hojaldre más grande de Orizaba a favor del CRIO
201808240000|w3-imagendelgolfo-mx|http://imagendelgolfo.mx/resumen.php?id=41231313|Contará Tuxpan con ambulancia para traslados y emergencias
201808240000|w3-img-alarab-qa|http://img.alarab.qa/story/1324242/%D8%A3%D9%88%D8%AF%D9%8A-%D8%AA%D9%83%D8%B4%D9%81-%D8%B9%D9%86-%D9%85%D9%88%D8%A7%D8%B5%D9%81%D8%A7%D8%AA-%D8%B3%D9%8A%D8%A7%D8%B1%D8%AA%D9%87%D8%A7-%D8%A7%D9%84%D9%83%D9%87%D8%B1%D8%A8%D8%A7%D8%A6%D9%8A%D8%A9|أودي تكشف عن مواصفات سيارتها الكهربائية
201808240000|w3-inquisitr|https://www.inquisitr.com/5041086/hurricane-lane-shuts-down-production-of-hawaii-five-o-and-magnum-p-i/?utm_source=feedburner&utm_medium=feed&utm_campaign=Feed%253A%2Bgoogle%252FyDYq%2B%2528The%2BInquisitr%2B-%2BNews%2529|Hurricane Lane Shuts Down Production Of 'Hawaii Five-O' And 'Magnum P.I.'
201808240000|w3-inquisitr|https://www.inquisitr.com/5041134/jennifer-garner-took-ex-ben-affleck-to-rehab-because-it-was-a-crisis-situation/?utm_source=feedburner&utm_medium=feed&utm_campaign=Feed%253A%2Bgoogle%252FyDYq%2B%2528The%2BInquisitr%2B-%2BNews%2529|Jennifer Garner Took Ex Ben Affleck To Rehab Because It Was A 'Crisis Situation'
201808240000|w3-izvestia-ru|https://iz.ru/781163/2018-08-23/dreifovavshikh-neskolko-dnei-v-more-suprugov-iz-novorossiiska-ne-nakazhut|Дрейфовавших несколько дней в море супругов из Новороссийска не накажут
201808240000|w3-izvestia-ru|https://iz.ru/781166/2018-08-23/google-udalila-58-iranskikh-akkauntov|Google удалила 58 'иранских' аккаунтов
201808240000|w3-jagran|https://naidunia.jagran.com/madhya-pradesh/indore-dharm-samaj-2532636|एन-तिरुपति बालाजी मित्र मंडल का मिलन समारोह
201808240000|w3-jagran|https://naidunia.jagran.com/madhya-pradesh/indore-education-2532635|एन-अध्यापक संवर्ग का शिक्षा विभाग में 30 सितंबर तक करना होगा संविलियन
201808240000|w3-jagran|https://naidunia.jagran.com/madhya-pradesh/indore-voters-awareness-2532637|मतदाताओं को जागरूक करने के लिए छात्राओं ने निकाली रैली
201808240000|w3-jutarnji-hr|https://www.jutarnji.hr/komentari/sklonost-mesijama-iz-instant-vrecice-kod-nas-je-vec-dobro-dokumentirana/7747980/|Sklonost 'mesijama iz instant vrećice' kod nas je već dobro dokumentirana...
201808240000|w3-jutarnji-hr|https://www.jutarnji.hr/komentari/sto-pojava-laznih-ulagackih-spasitelja-govori-o-hrvatskom-drustvu-sklonost-mesijama-iz-instant-vrecice-kod-nas-je-vec-dobro-dokumentirana/7747980/|ŠTO POJAVA LAŽNIH ULAGAČKIH SPASITELJA GOVORI O HRVATSKOM DRUŠTVU Sklonost 'mesijama iz instant vrećice' kod nas je već dobro dokumentirana...
201808240000|w3-jutarnji-hr|https://www.jutarnji.hr/vijesti/hrvatska/kako-je-pas-bonny-nakon-cetiri-dana-potrage-pronasao-nestalu-gospodu-anku-starica-je-bila-u-losem-fizickom-stanju-iscrpljena-i-dehidrirana/7752804/|KAKO JE PAS BONNY NAKON ČETIRI DANA POTRAGE PRONAŠAO NESTALU GOSPOĐU ANKU Starica je bila u lošem fizičkom stanju, iscrpljena i dehidrirana
201808240000|w3-ktiv|http://www.ktiv.com/story/38949994/nola-outduels-scherzer-herrera-homers-as-phils-top-nats-2-0|Nola outduels Scherzer, Herrera homers as Phils top Nats 2-0
201808240000|w3-kuer-org|http://www.kuer.org/post/isis-releases-purported-audio-recording-leader-al-baghdadi|ISIS Releases Purported Audio Recording Of Leader Al-Baghdadi
201808240000|w3-lanouvellegazette-be|http://www.lanouvellegazette.be/269151/article/2018-08-23/la-formation-contre-la-phobie-de-lavion-ca-fonctionne|La formation contre la phobie de l'avion? Ça fonctionne!
201808240000|w3-lapresse-ca|http://www.lapresse.ca/arts/musique/201808/23/01-5194045-steven-tyler-demande-a-trump-darreter-dutiliser-les-chansons-daerosmith.php|Steven Tyler demande à Trump d'arrêter d'utiliser les chansons d'Aerosmith
201808240000|w3-ldnews|https://www.burnslakelakesdistrictnews.com/news/payroll-speculation-tax-top-municipal-agenda-for-b-c/|Payroll, speculation tax top municipal agenda for B.C.
201808240000|w3-lrytas-lt|https://www.lrytas.lt/sportas/startai/2018/08/23/news/dviratininkas-r-navardauskas-baltic-chain-tour-prologe-antras-7346533/|Dviratininkas R. Navardauskas 'Baltic Chain Tour' prologe - antras
201808240000|w3-lunion-fr|http://www.lunion.fr/108273/article/2018-08-23/une-enquete-sur-des-travaux-controverses-plonge-nyssen-dans-la-tourmente|Une enquête sur des travaux controversés plonge Nyssen dans la tourmente
201808240000|w3-lunion-fr|http://www.lunion.fr/108274/article/2018-08-23/trappes-un-desequilibre-abattu-apres-avoir-tue-deux-membres-de-sa-famille-l-ei|Trappes: un 'déséquilibré' abattu après avoir tué deux membres de sa famille, l'EI revendique
201808240000|w3-lunion-fr|http://www.lunion.fr/108275/article/2018-08-23/us-open-2018-dimitrov-wawrinka-des-le-1er-tour-un-possible-federer-djokovic-en|US Open 2018: Dimitrov-Wawrinka dès le 1er tour, un possible Federer-Djokovic en quarts
201808240000|w3-mmafighting|https://www.mmafighting.com/2018/8/23/17775016/olivier-aubin-mercier-vs-gilbert-burns-announced-for-ufc-231|Olivier Aubin-Mercier vs. Gilbert Burns announced for UFC 231
201808240000|w3-mustangevolution|https://www.mustangevolution.com/mustang-news/2012-ford-mustang-cobra-jet-roller-now-available/|Comment on 2012 Ford Mustang Cobra Jet Roller Now Available by Stanton Cubine
201808240000|w3-mustangevolution|https://www.mustangevolution.com/mustang-news/classic-recreations-meet-the-67-shelby-gt500cr/|Comment on Classic Recreations: Meet The Licensed Shelby '67 G.T.500CR Mustang by รับกดไลค์
201808240000|w3-mustangevolution|https://www.mustangevolution.com/mustang-news/saac-and-carroll-shelby-end-legal-battles/|Comment on SAAC And Carroll Shelby End Legal Battles by รับปั้มไลค์
201808240000|w3-mustangevolution|https://www.mustangevolution.com/mustang-news/shelby-unveils-750-hp-2015-super-snake/|Comment on Shelby Unveils 750+ Hp 2015 Super Snake by BennyHulse
201808240000|w3-mz-web-de|https://www.mz-web.de/landkreis-wittenberg/300-hektar-in-flammen-evakuierung--explosionsgefahr-in-munitionsbelastetem-gebiet-31157250?dmcid=f_feed_Landkreis%2BWittenberg|300 Hektar in Flammen: Evakuierung! Explosionsgefahr in munitionsbelastetem Gebiet
201808240000|w3-nana10-il|https://www.10.tv/news/171025|'סוטה שמתגנב במקלחת': חשד להטרדה בצה'ל
201808240000|w3-neworleanscitybusiness|https://neworleanscitybusiness.com/blog/2018/08/23/american-airlines-and-hawaiian-cutting-flights-to-china/|American Airlines and Hawaiian cutting flights to China
201808240000|w3-neworleanscitybusiness|https://neworleanscitybusiness.com/blog/2018/08/23/fed-official-trumps-complaints-wont-affect-rate-decisions/|Fed official: Trump's complaints won't affect rate decisions
201808240000|w3-news24|https://www.news24.com/SouthAfrica/News/juveniles-among-witnesses-in-fatal-kzn-rock-throwing-case-court-hears-20180823|News24.com - Juveniles among witnesses in fatal KZN rock-throwing case, court hears
201808240000|w3-newsrss-bbc-uk|https://www.bbc.co.uk/news/uk-england-45292083|Hotel guests removed after deaths in Egypt
201808240000|w3-nocutnews-kr|http://www.nocutnews.co.kr/news/5020167|수영 김혜진, 훈련 중 중국 선수에게 폭행당해...中선수 거듭 사과
201808240000|w3-novosti-rs|http://www.novosti.rs/vesti/naslovna/drustvo/aktuelno.290.html%3A745459-PREDNOSTI-UVODjENjA-OBAVEZNOG-SLUZENjA-VOJSKE-Regruti-garantuju-bezbednost-drzave|PREDNOSTI UVOĐENjA OBAVEZNOG SLUŽENjA VOJSKE: Regruti garantuju bezbednost države
201808240000|w3-novosti-rs|http://www.novosti.rs/vesti/naslovna/drustvo/aktuelno.290.html%3A745652-PRILIKOM-POVRATKA-SA-LETOVANjA-U-EGIPTU-Sudija-preminuo-u-avionu|PRILIKOM POVRATKA SA LETOVANjA U EGIPTU: Sudija preminuo u avionu
201808240000|w3-novosti-rs|http://www.novosti.rs/vesti/planeta.300.html%3A745667-AGONIJA-TRAJALA-CETIRI-SATA-Izvucen-iz-jame-duboke-50-metara-FOTO|AGONIJA TRAJALA ČETIRI SATA: Izvučen iz jame duboke 50 metara (FOTO)
201808240000|w3-npr-org|https://choice.npr.org/index.html?origin=https:%2F%2Fwww.npr.org%2F2018%2F08%2F23%2F641359610%2Fsenate-banking-committee-approves-cfpb-nominee-kathleen-kraninger|Senate Banking Committee Approves CFPB Nominee Kathleen Kraninger
201808240000|w3-npr-org|https://choice.npr.org/index.html?origin=https:%2F%2Fwww.npr.org%2F2018%2F08%2F23%2F641359628%2Fhow-trumps-statements-on-the-payments-michael-cohen-arranged-have-changed-over-t|How Trump's Statements On The Payments Michael Cohen Arranged Have Changed Over Time
201808240000|w3-paz-online-de|http://www.paz-online.de/Nachrichten/Politik/Deutschland-Welt/Ein-Kurz-Besuch-in-Erfurt|Ein Kurz-Besuch in Erfurt
201808240000|w3-peru21-pe|https://peru21.pe/politica/yesenia-ponce-pleno-debate-suspension-120-dias-423026|Congresista Yesenia Ponce fue suspendida por 120 días por pago de S/10 mil y compañeros 'fantasmas'
201808240000|w3-peru|https://peru.com/epic/epic-mobile/asi-puedes-ir-al-espacio-gracias-nasa-y-su-nueva-aplicacion-fotos-noticia-575150|Así puedes ir al espacio gracias a la NASA y su nueva aplicación
201808240000|w3-portalnoar-br|http://portalnoar.com.br/secretaria-de-saude-nega-roubo-de-materiais-de-agentes-de-endemias/|Secretaria de Saúde nega roubo de materiais de agentes de endemias
201808240000|w3-pravda-if-ua|http://pravda.if.ua/dopomozhemo-razom-frankivciv-zaproshu/|Допоможемо разом: франківців запрошують на благодійний ярмарок солодощів та книг
201808240000|w3-pravda-if-ua|http://pravda.if.ua/yakoyu-bude-pogoda-na-prikarpatti-u-den/|Якою буде погода на Прикарпатті у День Незалежності України
201808240000|w3-protothema-gr|https://www.protothema.gr/economy/article/815150/i-tesla-anethese-sti-morgan-stanley-ti-diadikasia-apohorisis-apo-ti-wall-street/|Η Tesla ανέθεσε στη Morgan Stanley τη διαδικασία αποχώρησης από τη Wall Street
201808240000|w3-pulselive-ke|https://www.pulselive.co.ke/bi/tech/51-discontinued-tech-gadgets-we-once-loved-and-will-never-see-again-id8763338.html|Tech: 51 discontinued tech gadgets we once loved and will never see again
201808240000|w3-pulse-ncpolicywatch-org|http://pulse.ncpolicywatch.org/2018/08/23/amendment-language-for-voter-guides-set/|Amendment language for voter guides set
201808240000|w3-record-xl-pt|https://www.record.pt/futebol/futebol-nacional/liga-nos/sporting/detalhe/ricciardi-varandas-entrou-num-departamento-clinico-com-18-pessoas-e-agora-sao-50|Ricciardi: 'Varandas entrou num departamento clínico com 18 pessoas e agora são 50'
201808240000|w3-record-xl-pt|https://www.record.pt/modalidades/golfe/detalhe/ricardo-melo-gouveia-87-no-torneio-da-republica-checa|Ricardo Melo Gouveia 87.º no torneio da República Checa
201808240000|w3-rp-online-de|https://rp-online.de/panorama/fernsehen/x-factor-sido-sitzt-in-der-jury-und-spricht-ueber-kollegah-und-campino_aid-24310139|Sido in 'X-Factor'-Jury: 'Rapper sind die neuen Boybands'
201808240000|w3-rssfeed-sueddeutsche-de|https://www.sueddeutsche.de/news/panorama/unfaelle---pasewalk-vorfahrt-missachtet-fuenf-verletzte-bei-autounfall-dpa.urn-newsml-dpa-com-20090101-180823-99-667596|Unfälle - Pasewalk: Vorfahrt missachtet: Fünf Verletzte bei Autounfall
201808240000|w3-rssfeed-sueddeutsche-de|https://www.sueddeutsche.de/news/sport/basketball---hamburg-rollstuhlbasketball-wm-deutsches-damen-team-im-halbfinale-dpa.urn-newsml-dpa-com-20090101-180823-99-667705|Basketball - Hamburg: Rollstuhlbasketball-WM: Deutsches Damen-Team im Halbfinale
201808240000|w3-rssfeed-sueddeutsche-de|https://www.sueddeutsche.de/news/sport/fussball-rb-leipzig-mueht-sich-gegen-zehn-ukrainer-00-bei-luhansk-dpa.urn-newsml-dpa-com-20090101-180823-99-667789|Fußball: RB Leipzig müht sich gegen zehn Ukrainer: 0:0 bei Luhansk
201808240000|w3-sabanews|http://www.saba.ye/ar/news506138.htm|وزارةِ حقوقِ الإنسان تدين مجزرة العدوان بالدريهمي وتدعو للتحقيق
201808240000|w3-sabanews|http://www.saba.ye/ar/news506139.htm|وزارة الكهرباء: جريمة الدريهمي وصمة عار في جبين المجتمع الدولي
201808240000|w3-sanspo|https://www.sanspo.com/sports/news/20180824/sum18082405000001-n1.html|【絆トーク】甲子園で旋風を起こした金足農に大いに刺激を受ける３９歳のベテラン豪風
201808240000|w3-seattletimes|https://www.seattletimes.com/nation-world/nation-politics/defiant-pelosi-says-shes-staying-i-can-take-the-heat/|Defiant Pelosi says she's staying: 'I can take the heat'
201808240000|w3-slashgear|https://www.slashgear.com/google-deletes-58-youtube-blogger-and-g-accounts-linked-to-iran-23542621/|Google deletes 58 YouTube, Blogger and G+ accounts linked to Iran
201808240000|w3-sookenewsmirror|https://www.sookenewsmirror.com/news/payroll-speculation-tax-top-municipal-agenda-for-b-c/|Payroll, speculation tax top municipal agenda for B.C.
201808240000|w3-spa-gov-sa|https://www.spa.gov.sa/viewstory.php?newsid=1801329|Yemeni Awqaf Minister: Pilgrims' Movement Process Goes Smoothly
201808240000|w3-sportnet-hr|https://sportnet.rtl.hr/vijesti/515192/zimski-sportovi-ebel/medvescak-porazen-u-produzetku-u-prvoj-pripremnoj-utakmici/|Medveščak poražen u produžetku u prvoj pripremnoj utakmici
201808240000|w3-sport-t-online-de|https://www.t-online.de/sport/fussball/europa-league/id_84331034/fussball-rb-leipzig-mueht-sich-gegen-zehn-ukrainer-0-0-bei-luhansk.html|RB Leipzig müht sich gegen zehn Ukrainer: 0:0 bei Luhansk
201808240000|w3-sport-t-online-de|https://www.t-online.de/sport/fussball/id_84331022/fussball-rb-leipzig-mueht-sich-gegen-zehn-ukrainer-0-0-bei-luhansk.html|RB Leipzig müht sich gegen zehn Ukrainer: 0:0 bei Luhansk
201808240000|w3-startribune|http://www.startribune.com/defiant-pelosi-says-she-s-staying-i-can-take-the-heat/491577421/|Defiant Pelosi says she's staying: 'I can take the heat'
201808240000|w3-stuff-nz|http://www.stuff.co.nz/auckland/whats-on/entertainment/104694354/How-We-Made-the-shes-dead-wrapped-in-plastic-scene-from-Twin-Peaks|How We Made... the 'she's dead, wrapped in plastic' scene from Twin Peaks
201808240000|w3-sturgisjournal|http://www.sturgisjournal.com/news/20180823/mountain-bike-trail-progress-continues-with-trail-day?rssfeed=true|Mountain bike trail progress continues with 'Trail Day'
201808240000|w3-telegraph-uk|https://www.telegraph.co.uk/cricket/2018/08/23/ecb-give-joe-root-jos-buttler-green-light-represent-sydney-thunder/|ECB give Joe Root and Jos Buttler green light to represent Sydney Thunder in Big Bash despite hectic 2019 schedule
201808240000|w3-telegraph-uk|https://www.telegraph.co.uk/technology/2018/08/23/google-deletes-dozens-youtube-accounts-linked-iran/|Google deletes dozens of YouTube accounts linked to Iran
201808240000|w3-telegraph-uk|https://www.telegraph.co.uk/tv/2018/08/23/celebrity-masterchef-review-tired-dated-still-exerts-vice-like/|Celebrity MasterChef, review: tired, dated, but still exerts a vice-like grip
201808240000|w3-thedailyrecord|https://thedailyrecord.com/2018/08/23/righttime-medical-care-opens-la-plata-urgent-care-location/|Righttime Medical Care opens La Plata urgent care location
201808240000|w3-theguardian|https://www.theguardian.com/science/2018/aug/23/spacewatch-aeolus-to-track-the-winds|Spacewatch: Aeolus to track the winds
201808240000|w3-thespread|https://www.thespread.com/ncaa-college-football-news/082318-conference-usa-teams-to-wear-helmet-stickers-honoring-slive|Conference USA teams to wear helmet stickers honoring Slive
201808240000|w3-thunertagblatt-ch|https://www.thunertagblatt.ch/region/thun/Ja-zu-Wettbewerb-fuer-Seefeld/story/11310018|Ja zu Wettbewerb für Seefeld
201808240000|w3-thunertagblatt-ch|https://www.thunertagblatt.ch/zuerich/region/Wenn-eine-Drohne-ins-Cabrio-donnert/story/30080466|Wenn eine Drohne ins Cabrio donnert
201808240000|w3-tribune242|http://www.tribune242.com/news/2018/aug/23/body-found-after-blaze-hits-building/|Body found after blaze hits building
201808240000|w3-tribune242|http://www.tribune242.com/news/2018/aug/23/chevening-scholarships-awarded/|Chevening Scholarships awarded
201808240000|w3-tribune242|http://www.tribune242.com/news/2018/aug/23/mans-body-pulled-sea/|Man's body pulled from sea
201808240000|w3-tribune242|http://www.tribune242.com/news/2018/aug/23/mitchell-all-plps-have-made-disclosures/|Mitchell: All PLPs have made disclosures
201808240000|w3-tudocelular|https://www.tudocelular.com/google/noticias/n129712/selecao-de-jogos-para-android-e-ios-da-semana-23082018.html|Seleção de jogos para Android e iOS da semana [23/08/2018]
201808240000|w3-tuttomercatoweb|https://www.tuttomercatoweb.com/europa/vieira-sponsor-di-henry-sarebbe-un-gran-colpo-per-il-bordeaux-1149279|Vieira sponsor di Henry: 'Sarebbe un gran colpo per il Bordeaux'
201808240000|w3-tuttomercatoweb|https://www.tuttomercatoweb.com/serie-a/la-possibile-rivelazione-correa-sulle-orme-di-veron-per-affermarsi-in-a-1149307|La possibile rivelazione: Correa, sulle orme di Veron per affermarsi in A
201808240000|w3-tuttomercatoweb|https://www.tuttomercatoweb.com/serie-a/l-atalanta-si-ferma-a-reggio-0-0-con-il-copenaghen-gollini-senza-voto-1149330|L'Atalanta si ferma a Reggio: 0-0 con il Copenaghen. Gollini senza voto
201808240000|w3-tuttomercatoweb|https://www.tuttomercatoweb.com/serie-a/live-tmw-copenaghen-solbakken-la-partita-a-viva-1149371|LIVE TMW - Copenaghen, Solbakken: 'La partita è viva'
201808240000|w3-unt-se|http://www.unt.se/sport/almtuna-foll-igen-men-ar-pa-ratt-vag-5058439.aspx|Almtuna föll igen - men är på rätt väg
201808240000|w3-vanguardngr|https://www.vanguardngr.com/2018/08/ronaldo-a-fitness-freak-says-fitness-guru/|Ronaldo a fitness freak, says fitness guru
201808240000|w3-vecernji-hr|https://www.vecernji.hr/showbiz/zbunili-prolaznike-meghan-i-harry-u-setnji-londonom-1265546|Zbunili prolaznike, Meghan i Harry u šetnji Londonom?
201808240000|w3-waz-de|https://www.waz.de/staedte/oberhausen/nord/bahnstrasse-in-oberhausen-holten-wird-monatelang-zu-nadeloehr-id215158477.html|BAUSTELLE: Bahnstraße in Oberhausen-Holten wird monatelang zu Nadelöhr
201808240000|w3-wjbc|http://www.wjbc.com/news/how-mcdonalds-solved-its-happy-meal-problem/|How McDonald's solved its Happy Meal problem
201808240000|w3-wjbc|http://www.wjbc.com/news/manafort-jury-form-confirms-11-1-split/|Manafort jury form confirms 11-1 split
201808240000|w3-wjbc|http://www.wjbc.com/news/pompeo-names-special-representative-announces-fourth-trip-to-north-korea/|Pompeo names special representative, announces fourth trip to North Korea
201808240000|w3-wjbc|http://www.wjbc.com/news/starbucks-will-start-paying-employees-to-volunteer-20-hours-a-week/|Starbucks will start paying employees to give back
201808240000|w3-wn|https://article.wn.com/view/2018/08/23/2018_Gene_Therapy_in_Oncology_There_is_a_Significant_Opportu/|2018 Gene Therapy in Oncology - There is a Significant Opportunity for Developing Combination Regimens ...
201808240000|w3-wn|https://article.wn.com/view/2018/08/23/Arkansas_abortion_pills_restriction_remains_on_hold_nc/|Arkansas abortion pills restriction remains on hold
201808240000|w3-wn|https://article.wn.com/view/2018/08/23/Better_Buy_Johnson_Johnson_Vs_AbbVie/|Better Buy: Johnson & Johnson Vs. AbbVie
201808240000|w3-wn|https://article.wn.com/view/2018/08/23/CVS_Health_Offering_Longs_Drugs_Customers_Help_in_Preparing__4/|CVS Health Offering Longs Drugs Customers Help in Preparing for Hurricane Lane
201808240000|w3-wn|https://article.wn.com/view/2018/08/23/Cyclisme_Tour_dEspagne_2018_Contador_Maitriser_la_montagne_e/|Cyclisme - Tour d'Espagne 2018 : Contador 'Maîtriser la montagne et les chronos'
201808240000|w3-wn|https://article.wn.com/view/2018/08/23/ExMichigan_State_gymnastics_coach_charged_in_Nassar_case_f1/|Ex-Michigan State gymnastics coach charged in Nassar case
201808240000|w3-wn|https://article.wn.com/view/2018/08/23/Fertility_doctor_who_used_own_sperm_lied_surrenders_license_kh/|Fertility doctor who used own sperm, lied surrenders license
201808240000|w3-wn|https://article.wn.com/view/2018/08/23/Global_Laboratory_Information_Management_Systems_LIMS_Market_o/|Global Laboratory Information Management Systems (LIMS) Market to 2025 - ResearchAndMarkets.com
201808240000|w3-wn|https://article.wn.com/view/2018/08/23/Global_Prefilled_Syringes_Market_Size_Share_Trends_Analysis_/|Global Prefilled Syringes Market Size, Share & Trends Analysis Report 2018 - ResearchAndMarkets.com
201808240000|w3-wn|https://article.wn.com/view/2018/08/23/Global_Stereotactic_Surgery_Devices_Gamma_Knife_Linear_Accel/|Global Stereotactic Surgery Devices (Gamma Knife, Linear Accelerator, CyberKnife, Proton Beam Therapy) Market 2018 - ...
201808240000|w3-wn|https://article.wn.com/view/2018/08/23/Golf_Tour_Europeen_Quatre_hommes_devant_dont_Pieters_et_Daly/|Golf - Tour Européen - Quatre hommes devant dont Pieters et Daly
201808240000|w3-wn|https://article.wn.com/view/2018/08/23/Kala_Pharmaceuticals_Announces_FDA_Approval_of_INVELTYS_for__8/|Kala Pharmaceuticals Announces FDA Approval of INVELTYS™ for the Treatment of Post-Operative Inflammation and Pain ...
201808240000|w3-wn|https://article.wn.com/view/2018/08/23/Klick_Health_Deepens_Medical_Strategy_Bench_to_Support_Huge__a/|Klick Health Deepens Medical Strategy Bench to Support Huge Growth
201808240000|w3-wn|https://article.wn.com/view/2018/08/23/Mother_charged_with_sex_trafficking_disabled_teen_daughter_4/|Mother charged with sex trafficking disabled teen daughter
201808240000|w3-wn|https://article.wn.com/view/2018/08/23/Natural_sugar_defends_against_metabolic_syndrome_in_mice_2/|Natural sugar defends against metabolic syndrome, in mice
201808240000|w3-wn|https://article.wn.com/view/2018/08/23/NCPA_announces_Advocacy_Center_realignment_Cassity_named_VP_/|NCPA announces Advocacy Center realignment; Cassity named VP federal and state government affairs
201808240000|w3-wn|https://article.wn.com/view/2018/08/23/NFL_player_s_diagnosis_shines_light_on_GuillainBarre_syndrom/|NFL player's diagnosis shines light on Guillain-Barré syndrome
201808240000|w3-wn|https://article.wn.com/view/2018/08/23/North_America_Laboratory_Information_Management_Systems_LIMS_2/|North America Laboratory Information Management Systems (LIMS) Market 2018-2025 - ResearchAndMarkets.com
201808240000|w3-wn|https://article.wn.com/view/2018/08/23/Orthopedic_Power_Tools_Market_in_the_United_States_Outlook_t/|Orthopedic Power Tools Market in the United States - Outlook to 2025: Features Stryker, DePuy ...
201808240000|w3-wn|https://article.wn.com/view/2018/08/23/Purveyors_of_JuiceBox_Style_NicotineFilled_ELiquids_Quit_Sel/|Purveyors of Juice-Box Style, Nicotine-Filled E-Liquids Quit Selling the Products
201808240000|w3-wn|https://article.wn.com/view/2018/08/23/Rugby_Top_14_ASM_Top_14_Vahaamahina_Iturria_Lopez_et_Fofana_/|Rugby - Top 14 - ASM - Top 14 : Vahaamahina, Iturria, Lopez et Fofana présents ...
201808240000|w3-wn|https://article.wn.com/view/2018/08/23/Stem_Cell_Therapies_in_CVMD_20182025_New_Stem_Cell_Therapy_A/|Stem Cell Therapies in CVMD 2018-2025 - New Stem Cell Therapy Approvals will Drive CVMD ...
201808240000|w3-wn|https://article.wn.com/view/2018/08/23/TennisUS_Open_DimitrovWawrinka_des_le_1er_tour_un_possible_F/|Tennis-US Open : Dimitrov-Wawrinka dès le 1er tour, un possible Federer-Djokovic en quarts
201808240000|w3-wn|https://article.wn.com/view/2018/08/23/The_Bitter_Regrets_of_a_Useless_Chinese_Daughter/|The Bitter Regrets of a Useless Chinese Daughter
201808240000|w3-wn|https://article.wn.com/view/2018/08/23/Tout_le_monde_sest_dit_Mario_va_a_Marseille_alors_que_je_nav/|' Tout le monde s'est dit 'Mario va à Marseille' alors que je n'avais pas parlé '
201808240000|w3-wn|https://article.wn.com/view/2018/08/23/US_Cranio_Maxillofacial_Fixation_CMF_Market_Outlook_to_2025_/|US Cranio Maxillofacial Fixation (CMF) Market Outlook to 2025 - Featuring Medtronic, B. Braun Melsungen, ...
201808240000|w3-wn|https://article.wn.com/view/2018/08/23/US_Open_F_US_Open_Caroline_Garcia_affrontera_Johanna_Konta_a/|US Open (F) - US Open : Caroline Garcia affrontera Johanna Konta au premier tour
201808240000|w3-wn|https://article.wn.com/view/2018/08/23/US_Open_H_US_Open_Roger_Federer_et_Novak_Djokovic_pourraient/|US Open (H) - US Open : Roger Federer et Novak Djokovic pourraient s'affronter en ...
201808240000|w3-wn|https://article.wn.com/view/2018/08/23/US_Orthopedic_Bone_Cement_Casting_Materials_Market_Outlook_t/|US Orthopedic Bone Cement & Casting Materials Market Outlook to 2025 - Featuring Stryker, Zimmer ...
201808240000|w3-wn|https://article.wn.com/view/2018/08/23/Ventas_CEO_Named_to_Modern_Healthcare_s_List_of_100_Most_Inf/|Ventas CEO Named to Modern Healthcare's List of 100 Most Influential People in Healthcare
201808240000|w3-wn|https://article.wn.com/view/2018/08/23/Water_water_and_more_water/|Water, water and more water
201808240000|w3-wtop|https://wtop.com/national/2018/08/defiant-pelosi-says-shes-staying-i-can-take-the-heat/|Defiant Pelosi says she&#8217;s staying: &#8216;I can take the heat&#8217;
201808240000|w3-yenisafak-tr|https://www.yenisafak.com/dunya/yemen-suudi-arabistana-fuze-firlatti-3391469|Yemen Suudi Arabistan'a füze fırlattı
201808240000|w3-zerozero-pt|http://www.zerozero.pt/jogo.php?id=6149042|Belenenses 27-33 Boa-Hora
201808240000|w3-zik-ua|https://zik.ua/news/2018/08/23/sprobuyu_ne_pomerty_sentsov_napysav_novyy_lyst_z_rosiyskoi_vyaznytsi_1392891|Спробую не померти: Сенцов написав новий лист з російської в'язниці
201808240001|w3-168-am|https://168.am/2018/08/24/999010.html|Հոգեբանական թեստ. ընտրեք կատվին, որն ամենաշատն է ձեզ նման
201808240001|w3-24tv-ua|https://24tv.ua/zarja_rb_lejpcig_obzor_rezultat_schet_matcha_ligi_evropy_23_avgusta_2018_n1020246?lang=ru|'Заря' в меньшинстве сыграла вничью с 'РБ Лейпциг' в Лиге Европы
201808240001|w3-abcactionnews|https://www.abcactionnews.com/newsy/russian-election-trolls-also-spread-vaccine-misinformation|Russian election trolls shared bad vaccine info
201808240001|w3-abcaus|http://www.abc.net.au/news/2018-08-24/push-for-remembrance-day-and-formal-apology-coniston-massacre/10157304|Coniston Massacre anniversary sparks push to create day of remembrance and formal apology - ABC Message Stick
201808240001|w3-ad-nl|https://www.ad.nl/auto/bmw-onthult-de-nieuwe-z4-roadster%7Ea2956541/|BMW onthult de nieuwe Z4 Roadster
201808240001|w3-ad-nl|https://www.ad.nl/buitenlands-voetbal/besiktas-gelijk-bij-partizan-sleegers-en-van-wolfswinkel-scoren%7Ea550a5ba/|Besiktas gelijk bij Partizan, Sleegers en Van Wolfswinkel scoren
201808240001|w3-al-monitor|https://www.al-monitor.com/pulse/originals/2018/08/israel-us-palestinians-donald-trump-john-bolton-jordan-king.html|Is Trump's peace plan stillborn?
201808240001|w3-amarujala|https://www.amarujala.com/uttar-pradesh/pilibhit/21535053149-pilibhit-news|सरकारी योजनाओं का लाभ उठाकर आमदनी बढ़ाएं किसान
201808240001|w3-ballerstatus|https://www.ballerstatus.com/2018/08/23/madchild-x-nasty-oh-boy-video/|Madchild x Nasty &#8211; Oh Boy (Video)
201808240001|w3-bclocalnews|https://www.bclocalnews.com/entertainment/ubc-professor-creates-ancient-language-for-hollywood-blockbuster/|UBC professor creates ancient language for Hollywood blockbuster
201808240001|w3-bclocalnews|https://www.bclocalnews.com/news/new-liquor-store-robbed-in-bizarre-break-and-enter/|New liquor store robbed in bizarre break and enter
201808240001|w3-bclocalnews|https://www.bclocalnews.com/news/syringa-fire-continues-to-grow/|Syringa Fire continues to grow
201808240001|w3-blog-al|https://www.al.com/news/birmingham/index.ssf/2018/08/innocent_bystander_seriously_w.html|Innocent bystander seriously wounded when gunfire erupts in Inglenook neighborhood
201808240001|w3-broadcastingcable|https://www.broadcastingcable.com/news/ifc-picks-up-fourth-season-of-baroness-von-sketch-show|IFC Picks Up Fourth Season of 'Baroness von Sketch Show'
201808240001|w3-business-standard|https://www.business-standard.com/article/economy-policy/govt-imposes-standard-green-clearance-norms-for-as-many-as-25-sectors-118082400014_1.html|Govt imposes standard green clearance norms for as many as 25 sectors
201808240001|w3-business-standard|https://www.business-standard.com/article/economy-policy/orissa-hc-directs-authorities-not-to-take-action-against-importers-on-gst-118082400040_1.html|Orissa HC directs authorities not to take action against importers on GST
201808240001|w3-business-standard|https://www.business-standard.com/article/finance/end-dual-control-of-public-sector-banks-says-former-rbi-governor-y-v-reddy-118082301589_1.html|End dual control of public sector banks, says Former RBI governor Y V Reddy
201808240001|w3-business-standard|https://www.business-standard.com/article/opinion/conflict-of-interest-118082400011_1.html|Conflict of interest
201808240001|w3-business-standard|https://www.business-standard.com/article/opinion/no-thank-you-118082400018_1.html|No, thank you
201808240001|w3-campbellrivermirror|https://www.campbellrivermirror.com/community/a-kid-at-christmas/|A kid at Christmas
201808240001|w3-canoe|https://canoe.com/entertainment/celebrity/teen-mom-2-star-pleads-guilty-to-running-meth-lab|'Teen Mom 2' star pleads guilty to running meth lab
201808240001|w3-caracol-co|http://caracol.com.co/radio/2018/08/23/judicial/1535053138_467709.html|Envían proceso a la JEP relacionado con Masacre de Macayepo
201808240001|w3-caracol-co|http://caracol.com.co/radio/2018/08/23/nacional/1535054712_404585.html|Duque: No queremos pagar con impuestos hechos terroristas
201808240001|w3-cbc-ca|https://www.cbc.ca/news/canada/saskatchewan/government-of-saskatchewan-teepees-court-update-update2-1.4794969?cmp=rss|Government's lawyer says protesters infringing on Saskatchewan's authority to regulate, control park
201808240001|w3-chicagotribune|http://www.chicagotribune.com/news/nationworld/ct-democratic-national-committee-hack-20180823-story.html|Hack attempt on DNC voter database was a false alarm, the national committee says
201808240001|w3-chron|https://www.chron.com/news/article/Arkansas-abortion-pills-restriction-remains-on-13177446.php|Arkansas abortion pills restriction remains on hold
201808240001|w3-cnbc|https://www.cnbc.com/2018/08/23/reuters-america-general-mills-changing-nature-valley-labels-after-lawsuits-pesticide-claim.html|General Mills changing Nature Valley labels after lawsuit's pesticide claim
201808240001|w3-cnbc|https://www.cnbc.com/2018/08/23/the-associated-press-gap-fiscal-2q-earnings-snapshot.html|Gap: Fiscal 2Q Earnings Snapshot
201808240001|w3-cnbc|https://www.cnbc.com/2018/08/23/the-associated-press-the-latest-google-acts-against-iranian-influence-operation.html|The Latest: Google acts against Iranian influence operation
201808240001|w3-cnbc|https://www.cnbc.com/2018/08/23/the-associated-press-veeva-fiscal-2q-earnings-snapshot.html|Veeva: Fiscal 2Q Earnings Snapshot
201808240001|w3-controldesign|https://www.controldesign.com/vendors/products/2018/data-device-corporation-high-power-density-bldc-motor-controller/|Data Device Corp. High-power-density BLDC motor controller
201808240001|w3-controldesign|https://www.controldesign.com/vendors/products/2018/sankyo-automation-zero-backlash-servo-rotary-indexing-tables/|Sankyo Automation Zero-backlash servo rotary indexing tables
201808240001|w3-cqnews-au|https://www.cqnews.com.au/news/amber-alert-missing-toddler-significant-risk/3501942/|AMBER ALERT: Missing toddler at significant risk
201808240001|w3-dailymail-uk|http://www.dailymail.co.uk/news/article-6091867/Mother-charged-sex-trafficking-disabled-teen-daughter.html?ns_mchannel=rss&ito=1490&ns_campaign=1490|Mother charged with sex trafficking disabled teen daughter
201808240001|w3-dailymercury-au|https://www.dailymercury.com.au/news/96-year-old-brokenhearted-over-missing-wedding-ban/3501715/|96-year-old brokenhearted over missing wedding band
201808240001|w3-dailymercury-au|https://www.dailymercury.com.au/news/bikini-bashing-deputy-premier-should-apologise-mp/3501648/|'Bikini-bashing' Deputy Premier should apologise: MP
201808240001|w3-dailymercury-au|https://www.dailymercury.com.au/news/fantastic-qantas-news-lifts-regional-leaders-spiri/3501670/|'Fantastic' Qantas news lifts regional leaders' spirits
201808240001|w3-dailymercury-au|https://www.dailymercury.com.au/news/lindeman-island-mega-project-in-jeopardy/3501626/|Lindeman Island mega-project in jeopardy
201808240001|w3-dmagazine|https://www.dmagazine.com/publications/d-magazine/2018/september/your-dad-shoes-are-a-joke/|Your Dad Shoes Are A Joke
201808240001|w3-elbotola|https://www.elbotola.com/article/2018-08-23-16-14-315.html|الإنتر يستعيد ناينجولان بمواجهة تورينو
201808240001|w3-elitedaily|https://www.elitedaily.com/p/25-autumn-puns-for-instagram-thatll-give-your-followers-pumpkin-to-talk-about-10223473|25 Autumn Puns For Instagram That'll Give Your Followers Pumpkin' To Talk About
201808240001|w3-el-nacional|http://www.el-nacional.com/noticias/television/maria-alejandra-requena-conducira-panorama-mundial-cnn_249121|María Alejandra Requena conducirá Panorama Mundial en CNN - El Nacional.com
201808240001|w3-elobservadordellitoral|https://www.elobservadordellitoral.com/sarmiento-y-un-nuevo-triunfo-para-ser-firme-puntero/|Sarmiento y un nuevo triunfo para ser firme puntero
201808240001|w3-enimerosi24-gr|http://www.enimerosi24.gr/183444/%CE%BF%CE%B9-%CE%B4%CE%B9%CE%BF%CF%81%CE%B9%CE%B6%CF%8C%CE%BC%CE%B5%CE%BD%CE%BF%CE%B9-%CE%B1%CF%80%CF%8C-%CF%84%CE%B7%CE%BD-%CF%80%CF%85%CF%81%CE%BA%CE%B1%CE%B3%CE%B9%CE%AC-%CF%83%CF%84%CE%BF-%CE%BC/|Οι διοριζόμενοι από την πυρκαγιά στο Μάτι απολαμβάνουν όλα τα νόμιμα δικαιώματά τους
201808240001|w3-ennaharonline|https://www.ennaharonline.com/%D8%B3%D8%A7%D8%AA%D9%8A%D9%86%D9%87%D8%B0%D8%A7-%D9%87%D9%88-%D8%B3%D8%A8%D8%A8-%D8%A5%D8%AD%D8%AA%D9%81%D8%A7%D8%B8-%D8%A3%D9%86%D8%B4%D9%8A%D9%84%D9%88%D8%AA%D9%8A-%D8%A8%D8%A3%D9%88%D9%86%D8%A7/|ساتين:&#8221;هذا هو سبب إحتفاظ أنشيلوتي بأوناس&#8221;
201808240001|w3-entornointeligente|https://www.entornointeligente.com/detienen-en-venezuela-a-dos-gerentes-de-unidad-de-smurfit-kappa-tras-ocupacion-de-planta/|Detienen en Venezuela a dos gerentes de unidad de Smurfit Kappa tras ocupación de planta: ++
201808240001|w3-entornointeligente|https://www.entornointeligente.com/en-gaceta-oficial-corrigen-precio-de-harina-panadera-tras-acuerdo-de-25-articulos/|En Gaceta Oficial corrigen precio de harina panadera tras acuerdo de 25 artículos ++
201808240001|w3-entornointeligente|https://www.entornointeligente.com/envian-a-prision-a-filtradora-de-informe-secreto-sobre-rusia/|Envían a prisión a filtradora de informe secreto sobre Rusia ++
201808240001|w3-entornointeligente|https://www.entornointeligente.com/peru-recibira-en-su-frontera-a-20-000-venezolanos-en-las-proximas-48-horas/|Perú recibirá en su frontera a 20.000 venezolanos en las próximas 48 horas ++
201808240001|w3-es-besoccer|https://es.besoccer.com/noticia/lim-toma-el-mando-por-guedes-489429|Lim toma el mando por Guedes - BeSoccer
201808240001|w3-etonline|https://www.etonline.com/hailey-baldwin-flashes-massive-engagement-ring-on-cover-of-vogue-mexico-108483|Hailey Baldwin Flashes Massive Engagement Ring on Cover of 'Vogue Mexico' - Entertainment Tonight
201808240001|w3-europasur-es|https://www.europasur.es/sevillafc/Sigma-olomouc-sevillaFC-cronica-ida_0_1275473045.html|¿Y si los buenos son los buenos? (0-1)
201808240001|w3-finanznachrichten-de|https://www.finanznachrichten.de/nachrichten-2018-08/44613079-boersen-zeitung-weidmanns-pech-kommentar-von-claus-doering-zur-draghi-nachfolge-007.htm|Börsen-Zeitung: Weidmanns Pech / Kommentar von Claus Döring zur Draghi-Nachfolge
201808240001|w3-finanznachrichten-de|https://www.finanznachrichten.de/nachrichten-2018-08/44613112-roundup-aktien-new-york-schluss-zollkonflikt-truebt-stimmung-etwas-weiter-ein-016.htm|ROUNDUP/Aktien New York Schluss: Zollkonflikt trübt Stimmung etwas weiter ein
201808240001|w3-fm1today-ch|https://www.fm1today.ch/nullnummern-fuer-rb-leipzig-und-atalanta-bergamo/840277|Nullnummern für RB Leipzig und Atalanta Bergamo
201808240001|w3-fox5vegas|http://www.fox5vegas.com/story/38943760/autopsy-finds-iowa-student-killed-by-sharp-force-injuries|Autopsy finds Iowa student killed by 'sharp force injuries'
201808240001|w3-fox5vegas|http://www.fox5vegas.com/story/38950009/dead-great-white-shark-found-on-cape-cod-beach|Dead great white shark found on Cape Cod beach
201808240001|w3-france24|https://www.france24.com/ar/20180823-%D9%85%D9%86%D8%A7%D8%AE-%D9%85%D9%88%D8%AC%D8%A9-%D8%AC%D9%81%D8%A7%D9%81-%D8%A3%D9%88%D8%B1%D9%88%D8%A8%D8%A7-%D8%B1%D8%B9%D8%A7%D9%8A%D8%A9-%D9%85%D9%88%D8%A7%D8%B4%D9%8A-%D9%85%D8%A7%D8%B4%D9%8A%D8%A9|الجفاف يطال البلدان الأوروبية ويهدد تربية المواشي
201808240001|w3-freiepresse-de|https://www.freiepresse.de/chemnitz/landeskriminalamt-beim-cfc-verwirrung-um-polizeieinsatz-artikel10293085|Landeskriminalamt beim CFC - Verwirrung um Polizeieinsatz
201808240001|w3-fr-le360-ma|http://fr.le360.ma/societe/revue-du-web-la-grace-royale-des-detenus-du-hirak-ravit-la-toile-172940|Revue du web. La grâce royale des détenus du Hirak ravit la toile
201808240001|w3-garfield-dailyvoice|https://garfield.dailyvoice.com/business/american-dream-food-hall-munchies-explained-what-is-it/741236/|American Dream Food Hall MUNCHIES Explained: What Is It?
201808240001|w3-garfield-dailyvoice|https://garfield.dailyvoice.com/police-fire/ramsey-police-chief-sets-record-straight-against-false-claims/741205/|Ramsey Police Chief Sets Record Straight Against False Claims
201808240001|w3-gazeta-ru|https://www.gazeta.ru/social/news/2018/08/23/n_11943007.shtml|Опубликовано новое видео пыток в ярославской колонии
201808240001|w3-gazzetta-gr|http://www.gazzetta.gr/basketball/basket-league/article/1263152/agravanis-se-fortoyni-morfose-me-pic|Αγραβάνης σε Φορτούνη: 'Μόρφωσέ με'! (pic)
201808240001|w3-gazzetta-gr|http://www.gazzetta.gr/basketball/nba/article/1263148/nba-kai-o-ntoyrant-epistrefoyn-sto-siatl|To NBA και ο Ντουράντ... επιστρέφουν στο Σιάτλ!
201808240001|w3-gazzetta-gr|http://www.gazzetta.gr/football/europa-league/article/1262849/olympiakos-mpernli-3-1|Φορτούν-ιασε και πάει ομίλους! (vid)
201808240001|w3-gazzetta-gr|http://www.gazzetta.gr/football/europa-league/article/1263149/martins-tipota-den-teleiose|Μαρτίνς: 'Τίποτα δεν τελείωσε'
201808240001|w3-gazzetta-gr|http://www.gazzetta.gr/football/superleague/article/1263122/teleionei-me-martines-vitor|Τελειώνει με Μαρτίνες, Βίτορ
201808240001|w3-gazzetta-gr|http://www.gazzetta.gr/plus/koinwnia/article/1262985/ilikiomenos-aselgoyse-se-15hroni-stin-orestiada|Ηλικιωμένος ασελγούσε σε 15χρονη στην Ορεστιάδα
201808240001|w3-gazzetta-gr|http://www.gazzetta.gr/plus/koinwnia/article/1262988/paremvasi-tis-eisaggelias-gia-ton-16hrono-poy-vrethike-alysodemenos-se-kolona|Παρέμβαση της Εισαγγελίας για τον 16χρονο που βρέθηκε αλυσοδεμένος σε κολόνα
201808240001|w3-ghatreh|http://www.ghatreh.com/news/nn44001228/%D9%BE%D8%B1%D8%B3%D9%BE%D9%88%D9%84%DB%8C%D8%B3-%D8%A8%D8%B3%D8%AA-%D8%AA%D8%B3%D8%A7%D9%88%DB%8C-%D8%B3%D8%B1%D9%85%D8%B1%D8%A8%DB%8C%D8%A7%D9%86-%D8%AE%D8%A7%D8%B1%D8%AC%DB%8C-%D8%B5%D9%84%D8%AD-%D8%B1%D8%B3%DB%8C%D8%AF%D9%86%D8%AF|پرسپولیس در بن بست تساوی/ سرمربیان خارجی به صلح رسیدند
201808240001|w3-ghatreh|http://www.ghatreh.com/news/nn44001536/%D8%AF%D8%B1%D8%B5%D8%AF-%D8%AF%D8%A7%D8%B1%D9%88%DB%8C-%D9%85%D9%88%D8%B1%D8%AF-%D9%86%DB%8C%D8%A7%D8%B2-%DA%A9%D8%B4%D9%88%D8%B1-%D8%AF%D8%A7%D8%AE%D9%84-%D8%AA%D9%88%D9%84%DB%8C%D8%AF-%DA%A9%D9%86%DB%8C%D9%85|95 درصد داروی مورد نیاز کشور را در داخل تولید می کنیم
201808240001|w3-ghatreh|http://www.ghatreh.com/news/nn44001826/%D8%AA%D8%B5%D9%88%DB%8C%D8%B1%DB%8C-%D8%B3%D8%AA%D8%A7%D8%B1%D9%87-%D8%AC%D8%AF%DB%8C%D8%AF-%D8%A8%D8%A7%D8%B1%D8%B3%D8%A7-%D9%87%D9%85%D8%B3%D8%B1-%D8%B2%DB%8C%D8%A8%D8%A7%DB%8C%D8%B4|تصویری از ستاره جدید بارسا و همسر زیبایش
201808240001|w3-ghatreh|http://www.ghatreh.com/news/nn44001859/%D8%A8%D8%B3%D8%AA%D9%87-%D8%AE%D8%A8%D8%B1%DB%8C-%D9%85%D8%AF%D8%A7%D9%84-%D8%A8%D8%A7%D8%B1%D8%B3%D9%84%D9%88%D9%86%D8%A7-%D9%BE%DB%8C%D8%B4%D9%86%D9%87%D8%A7%D8%AF-%D9%85%DB%8C%D9%84%DB%8C%D9%88%D9%86-%DB%8C%D9%88%D8%B1%D9%88%DB%8C%DB%8C-%D8%A8%D8%B1%D8%A7%DB%8C-%D8%B1%D8%A7%DA%A9%DB%8C%D8%AA%DB%8C%DA%86-%D8%A8%D8%A7%D8%B1%D8%AA%D8%B1%D8%A7|بسته خبری مدال از بارسلونا؛ پیشنهاد 90 میلیون یورویی برای راکیتیچ، بارترا جانشین پیکه
201808240001|w3-ghatreh|http://www.ghatreh.com/news/nn44001887/%D8%A8%D8%B1%D8%AA%D8%B1%DB%8C%D9%86-%D8%AF%D8%A7%D9%86%D8%B4%DA%AF%D8%A7%D9%87-%D9%87%D8%A7%DB%8C-%D8%A7%D8%B3%D8%AA%D8%B1%D8%A7%D9%84%DB%8C%D8%A7-%D8%B3%D8%A7%D9%84-%D8%A2%D8%B4%D9%86%D8%A7-%D8%B4%D9%88%DB%8C%D8%AF|با برترین دانشگاه های استرالیا در سال 2018 آشنا شوید
201808240001|w3-ghatreh|http://www.ghatreh.com/news/nn44001916/%D8%AC%D9%86%DA%AF%D9%86%D8%AF%D9%87-%DA%A9%D9%88%D8%AB%D8%B1-%D8%A2%D8%BA%D8%A7%D8%B2-%D9%81%D8%B1%D8%A2%DB%8C%D9%86%D8%AF-%D8%A8%D8%B1%D8%A7%DB%8C-%D8%AA%D9%88%D9%84%DB%8C%D8%AF-%D8%AC%D9%86%DA%AF%D9%86%D8%AF%D9%87-%D8%A7%DB%8C%D8%B1%D8%A7%D9%86|جنگنده کوثر آغاز یک فرآیند برای تولید جنگنده در ایران
201808240001|w3-ghatreh|http://www.ghatreh.com/news/nn44001920/10%D9%87%D8%B2%D8%A7%D8%B1-%D9%88%D8%A7%D8%AD%D8%AF-%D9%85%D8%B3%DA%A9%D9%88%D9%86%DB%8C-%D9%85%D8%AF%D8%AF%D8%AC%D9%88%DB%8C%D8%A7%D9%86-%D9%86%DB%8C%D8%A7%D8%B2%D9%85%D9%86%D8%AF%D8%A7%D9%86-%D9%88%D8%A7%DA%AF%D8%B0%D8%A7%D8%B1-%D8%B4%D9%88%D8%AF|10هزار واحد مسکونی مددجویان به نیازمندان واگذار می شود
201808240001|w3-ghatreh|http://www.ghatreh.com/news/nn44001962/%D9%86%D9%88%D8%B3%D8%A7%D8%B2%DB%8C-%D9%86%D8%A7%D9%88%DA%AF%D8%A7%D9%86-%D8%AC%D8%A7%D8%AF%D9%87-%D8%AA%D9%86%D9%87%D8%A7-%D8%B4%D8%B9%D8%A7%D8%B1-%D9%81%D8%B1%D8%B3%D9%88%D8%AF%D9%87-%D8%AC%D8%A7%D8%AF%D9%87-%D8%AA%D8%A7%D8%B2%D9%86%D8%AF|نوسازی ناوگان جاده ای تنها در حد شعار!/فرسوده ها در جاده ها می تازند
201808240001|w3-ghatreh|http://www.ghatreh.com/news/nn44001969/%D9%88%D8%B2%DB%8C%D8%B1-%DA%A9%D8%A7%D8%A8%DB%8C%D9%86%D9%87-%D8%A8%D8%B1%D8%A7%DB%8C-%D9%BE%D8%A7%D8%B3%D8%AE%DA%AF%D9%88%DB%8C%DB%8C-%D9%85%D8%AC%D9%84%D8%B3-%D8%B1%D9%88%D9%86%D8%AF|7 وزیر کابینه برای پاسخگویی به مجلس می روند
201808240001|w3-ghatreh|http://www.ghatreh.com/news/nn44001983/%D9%81%DB%8C%D9%84%D9%85-%D8%A7%D9%85%DB%8C%D8%AF-%D8%AF%D8%A7%D9%86%D8%A7-%D8%B3%D8%B1%D8%AA%DB%8C%D9%BE-%D8%AD%D8%A7%D8%AA%D9%85%DB%8C-%D8%B3%D8%B1%D8%AF%D8%A7%D8%B1-%D8%AC%D8%B9%D9%81%D8%B1%DB%8C-%D9%82%D9%87%D8%B1%D9%85%D8%A7%D9%86%D8%A7%D9%86-%D9%87%D8%B3%D8%AA%D9%86%D8%AF|فیلم/ امید دانا: سرتیپ حاتمی و سردار جعفری قهرمانان من هستند
201808240001|w3-gottabemobile|https://www.gottabemobile.com/how-to-cancel-t-mobile-leave-for-good/|Comment on How to Cancel T-Mobile & Leave for Good by Kim
201808240001|w3-haberler|https://www.haberler.com/2018-para-atletizm-avrupa-sampiyonasi-11172727-haberi/?utm_source=feedburner&utm_medium=feed&utm_campaign=Feed%253A%2Bson-dakika-haberleri%2B%2528Haberler.com%2BSon%2BDakika%2BHaberleri%2529|2018 Para Atletizm Avrupa Şampiyonası
201808240001|w3-haberler|https://www.haberler.com/abd-acik-ta-eslesmeler-belli-oldu-11172718-haberi/?utm_source=feedburner&utm_medium=feed&utm_campaign=Feed%253A%2Bson-dakika-haberleri%2B%2528Haberler.com%2BSon%2BDakika%2BHaberleri%2529|ABD Açık ta Eşleşmeler Belli Oldu
201808240001|w3-haberler|https://www.haberler.com/besiktas-tan-ozan-tufan-aciklamasi-11172723-haberi/?utm_source=feedburner&utm_medium=feed&utm_campaign=Feed%253A%2Bson-dakika-haberleri%2B%2528Haberler.com%2BSon%2BDakika%2BHaberleri%2529|Beşiktaş tan Ozan Tufan Açıklaması!
201808240001|w3-haberler|https://www.haberler.com/dugunde-ateslenen-silahla-yaralandi-11172717-haberi/?utm_source=feedburner&utm_medium=feed&utm_campaign=Feed%253A%2Bson-dakika-haberleri%2B%2528Haberler.com%2BSon%2BDakika%2BHaberleri%2529|Düğünde Ateşlenen Silahla Yaralandı
201808240001|w3-haberler|https://www.haberler.com/moskova-da-polise-silahli-saldiri-11172714-haberi/?utm_source=feedburner&utm_medium=feed&utm_campaign=Feed%253A%2Bson-dakika-haberleri%2B%2528Haberler.com%2BSon%2BDakika%2BHaberleri%2529|Moskova da Polise Silahlı Saldırı
201808240001|w3-haberler|https://www.haberler.com/moskova-da-polise-silahli-saldiri-11172724-haberi/?utm_source=feedburner&utm_medium=feed&utm_campaign=Feed%253A%2Bson-dakika-haberleri%2B%2528Haberler.com%2BSon%2BDakika%2BHaberleri%2529|Moskova da Büyükelçilik Korumalarına Saldırı: 1 Polis ...
201808240001|w3-haberler|https://www.haberler.com/nusaybin-de-trafik-kazasi-1-yarali-2-11172715-haberi/?utm_source=feedburner&utm_medium=feed&utm_campaign=Feed%253A%2Bson-dakika-haberleri%2B%2528Haberler.com%2BSon%2BDakika%2BHaberleri%2529|Nusaybin de Trafik Kazası: 1 Yaralı
201808240001|w3-haberler|https://www.haberler.com/turk-kizilayi-bati-seria-da-kurban-eti-dagitti-11172719-haberi/?utm_source=feedburner&utm_medium=feed&utm_campaign=Feed%253A%2Bson-dakika-haberleri%2B%2528Haberler.com%2BSon%2BDakika%2BHaberleri%2529|Türk Kızılayı Batı Şeria da Kurban Eti Dağıttı
201808240001|w3-haberler|https://www.haberler.com/turk-kizilayi-bati-seria-da-kurban-eti-dagitti-11172730-haberi/?utm_source=feedburner&utm_medium=feed&utm_campaign=Feed%253A%2Bson-dakika-haberleri%2B%2528Haberler.com%2BSon%2BDakika%2BHaberleri%2529|Türk Kızılayı Batı Şeria da Kurban Eti Dağıttı
201808240001|w3-haberler|https://www.haberler.com/voleybol-19-yas-alti-kadinlar-balkan-sampiyonasi-11172728-haberi/?utm_source=feedburner&utm_medium=feed&utm_campaign=Feed%253A%2Bson-dakika-haberleri%2B%2528Haberler.com%2BSon%2BDakika%2BHaberleri%2529|Voleybol: 19 Yaş Altı Kadınlar Balkan Şampiyonası
201808240001|w3-haberturk|https://www.haberturk.com/whatsapp-yedekleme-google-drive-kotasindan-tuketmeyecek-2114899-ekonomi|WhatsApp ile Google'dan yüz milyonlarca kullanıcıyı sevindirecek anlaşma
201808240001|w3-hardzone-es|https://hardzone.es/2018/08/23/review-be-quiet-dark-base-900-pro-rev-2/|Review: be quiet! Dark Base 900 Pro Rev.2, una torre modular transparente con tiras LED RGB
201808240001|w3-heraldonline|https://www.heraldonline.com/news/nation-world/national/article217215595.html|This 9-foot shark turned up dead on a Massachusetts beach, its face mysteriously red
201808240001|w3-heraldonline|https://www.heraldonline.com/news/nation-world/national/article217222950.html|'Finish yourself off.' Illinois cops accused of taunting a man as he choked himself
201808240001|w3-heraldonline|https://www.heraldonline.com/news/state/north-carolina/article217227085.html|Can Scotty McCreery fling as well as he can sing? See how he did on the baseball mound.
201808240001|w3-heraldseries-uk|http://www.heraldseries.co.uk/news/national/16595867.US_attorney_general_hits_back_at_criticism_from_Donald_Trump/?ref=rss|US attorney general hits back at criticism from Donald Trump
201808240001|w3-heraldseries-uk|http://www.heraldseries.co.uk/news/national/16595881.Bots_and_Russian_trolls_stoked_vaccine_debate_on_Twitter__study_finds/?ref=rss|Bots and Russian trolls stoked vaccine debate on Twitter, study finds
201808240001|w3-heraldseries-uk|http://www.heraldseries.co.uk/news/national/16595887.All-star_line-up_for_Aretha_Franklin_funeral_service/?ref=rss|All-star line-up for Aretha Franklin funeral service
201808240001|w3-internethaber|http://www.internethaber.com/adnan-oktarin-kilit-ismi-belli-oldu-1898338h.htm|Adnan Oktar'ın kilit ismi belli oldu
201808240001|w3-investing|https://www.investing.com/news/stock-market-news/brazil-stocks-lower-at-close-of-trade-bovespa-down-170-1585385|Brazil stocks lower at close of trade; Bovespa down 1.70%
201808240001|w3-investing|https://www.investing.com/news/stock-market-news/canada-stocks-lower-at-close-of-trade-sptsx-composite-down-016-1585384|Canada stocks lower at close of trade; S&P/TSX Composite down 0.16%
