3011076|A tale of two friends / adapted by Ellie O'Ryan ; illustrated by Tom Caulfield, Frederick Gardner, Megan Petasky, and Allen Tam.|O'Ryan, Ellie|1481425730, 1481425749, 9781481425735, 9781481425742|2014.|Simon Spotlight,|Musicians Fiction, Bullfighters Fiction, Best friends Fiction, Friendship Fiction, Adventure and adventurers Fiction|jcbk|ncrdr|Floating|qna|2017-09-01T00:00:00.000|1
2248846|Naruto. Vol. 1, Uzumaki Naruto / story and art by Masashi Kishimoto ; [English adaptation by Jo Duffy].|Kishimoto, Masashi, 1974-|1569319006|2003, c1999.|Viz,|Ninja Japan Comic books strips etc, Comic books strips etc Japan Translations into English, Graphic novels|acbk|nycomic|NA|lcy|2017-09-01T00:00:00.000|1
3209270|Peace, love & Wi-Fi : a ZITS treasury / by Jerry Scott and Jim Borgman.|Scott, Jerry, 1955-|144945867X, 9781449458676|2014.|Andrews McMeel Publishing,|Duncan Jeremy Fictitious character Comic books strips etc, Teenagers United States Comic books strips etc, Parent and teenager Comic books strips etc, Families Comic books strips etc, Comic books strips etc, Comics Graphic works, Humorous comics|acbk|nycomic|NA|bea|2017-09-01T00:00:00.000|1
1907265|The Paris pilgrims : a novel / Clancy Carlile.|Carlile, Clancy, 1930-|0786706155|c1999.|Carroll & Graf,|Hemingway Ernest 1899 1961 Fiction, Biographical fiction, Historical fiction|acbk|cafic|NA|cen|2017-09-01T00:00:00.000|1
1644616|Erotic by nature : a celebration of life, of love, and of our wonderful bodies / edited by David Steinberg.||094020813X|1991, c1988.|Red Alder Books/Down There Press,|Erotic literature American, American literature 20th century|acbk|canf|NA|cen|2017-09-01T00:00:00.000|1
1736505|Children of Cambodia's killing fields : memoirs by survivors / compiled by Dith Pran ; introduction by Ben Kiernan ; edited by Kim DePaul.||0300068395, 0300078730|c1997.|Yale University Press,|Political atrocities Cambodia, Children Cambodia Biography, Cambodia History 1975|acbk|canf|NA|cen|2017-09-01T00:00:00.000|1
1749492|Anti-Zionism : analytical reflections / editors: Roselle Tekiner, Samir Abed-Rabbo, Norton Mezvinsky.||091559773X|c1989.|Amana Books,|Berger Elmer 1908 1996, Zionism Controversial literature|acbk|canf|NA|cen|2017-09-01T00:00:00.000|1
3270562|Hard-hearted Highlander / Julia London.|London, Julia|0373789998, 037380394X, 9780373789993, 9780373803941|[2017]|HQN,|Man woman relationships Fiction, Betrothal Fiction, Governesses Fiction, Highlands Scotland Fiction, Romance fiction, Historical fiction|acbk|nanew|NA|lcy|2017-09-01T00:00:00.000|1
3264577|The Sandcastle Empire / Kayla Olson.|Olson, Kayla|0062484877, 9780062484871|2017.|HarperTeen,|Survival Juvenile fiction, Islands Juvenile fiction, Dystopias Juvenile fiction, Fantasy fiction, Young adult fiction|acbk|nynew|NA|nga|2017-09-01T00:00:00.000|1
3236819|Doctor Who. The return of Doctor Mysterio / BBC ; BBC Wales ; produced by Peter Bennett ; [written] by Steven Moffat ; directed by Ed Bazalgette.|||[2017]|BBC Worldwide,|Doctor Fictitious character Drama, Time travel Drama, Human alien encounters Drama, Science fiction television programs, Fiction television programs, Television series, Video recordings for the hearing impaired|acdvd|nadvd|Floating|wts|2017-09-01T00:00:00.000|2
3018388|Burnt toast makes you sing good : a memoir of food and love from an American Midwest family / Kathleen Flinn.|Flinn, Kathleen|067001544X, 9780670015443|2014.|Viking,|Cooking American Midwestern style, Flinn Kathleen Family, Cooks United States Biography, Cookbooks|acbk|nanf|NA|mon|2017-09-01T00:00:00.000|1
3122831|Barbie & her sisters in the great puppy adventure [videorecording] / Universal ; Mattel Playground Productions ; produced by Margaret M. Dean and Gabrielle Miles, Genna du Plessis ; written by Amy Wolfram ; directed by Andrew Tan.|||[2015]|Universal Studios Home Entertainment,|Barbie Fictitious character Juvenile drama, Sisters Juvenile drama, Treasure troves Juvenile drama, Childrens films, Animated films, Feature films, Video recordings for the hearing impaired|jcdvd|ncdvd|Floating|rbe|2017-09-01T00:00:00.000|1
2519097|Stop bullying now! [videorecording] : Take a stand, lend a hand.|||[2006?]|U.S. Dept. of Health and Human Services ; Dept. of Education,|Bullying in schools United States Prevention, Bullying United States Prevention, Aggressiveness in children United States Prevention, Educational films, Animated films|acdvd|cadvdnf|NA|cen|2017-09-01T00:00:00.000|1
3274605|The only child : a novel / Andrew Pyper.|Pyper, Andrew|1476755213, 9781476755212|2017.|Simon & Schuster,|Forensic psychiatrists Fiction, Psychological fiction, Thrillers Fiction|acbk|cafic|NA|cen|2017-09-01T00:00:00.000|1
3265336|The Jolley-Rogers and the monster's gold / Jonny Duddle.|Duddle, Jonny|0763692921, 9780763692926|2017.|Templar Books, an imprint of Candelwick Press,|Pirates Juvenile fiction, Monsters Juvenile fiction, Treasure troves Juvenile fiction|jcbk|ncef|NA|net|2017-09-01T00:00:00.000|1
3154492|Duke in his own words : John Wayne's life in letters, handwritten notes and never-before-seen photos / [introduction by Ethan Wayne].||1942556195, 9781942556190|c2015.|Topix Media Lab,|Wayne John 1907 1979 Correspondence, Wayne John 1907 1979, Motion picture actors and actresses United States Correspondence, Motion picture actors and actresses United States Biography|acbk|nanf|NA|bro|2017-09-01T00:00:00.000|1
3167678|The Alchemists' Council / Cynthea Masson.|Masson, Cynthea, 1962-|1770412719, 9781770412712|2016.|ECW Press,|Alchemy Fiction, Fantasy fiction|acbk|nafic|NA|glk|2017-09-01T00:00:00.000|1
3137398|Parrots of the wild : a natural history of the world's most captivating birds / Catherine A. Toft and Timothy F. Wright ; foreword by James D. Gilardi.|Toft, Catherine Ann, 1950-2011,,|0520239253, 9780520239258|[2015]|University of California Press ; in collaboration with the World Parrot Trust,|Parrots, Parrots Conservation, Human animal relationships|acbk|nanf|NA|gwd|2017-09-01T00:00:00.000|1
3165211|The aromatherapy garden : growing fragrant plants for happiness and well-being / Kathi Keville.|Keville, Kathi|1604695498, 9781604695496|2016.|Timber Press,|Fragrant gardens, Aromatic plants Therapeutic use, Aromatherapy|acbk|nanf|NA|net|2017-09-01T00:00:00.000|1
2483968|The walking dead. Volume 8, Made to suffer / [Robert Kirkman, creator, writer ; Charlie Adlard, penciler, inker ; Cliff Rathburn, gray tones ; Rus Wooton, letterer ; Charlie Adlard & Cliff Rathburn, cover].|Kirkman, Robert|1582408831, 9781582408835|c2008.|Image Comics|Graphic novels, Horror comic books strips etc|acbk|nacomic|NA|bal|2017-09-01T00:00:00.000|1
3199800|Naked '76 / Kevin Brooks.|Brooks, Kevin|1512404187, 9781512404180|2016.|Carolrhoda Labs,|Bands Music Fiction, Punk rock music Fiction, Interpersonal relations Fiction, Romance fiction, Great Britain History 20th century Fiction|acbk|nyfic|NA|glk|2017-09-01T00:00:00.000|1
2268788|Abakada ng pag-ibig : Paula / Maia Jose.|Jose, Maia.|9718240357|2000.|Books for Pleasure,|Lesbianism Fiction, Same sex marriage Fiction, Love stories|acbk|caln|NA|cen|2017-09-01T00:00:00.000|1
797564|Broadcasting yearbook--marketbook issue.|||1960.|[Broadcasting Publications],|Broadcast advertising United States Periodicals, Television broadcasting United States Periodicals, Radio broadcasting United States Periodicals|arbk|cs6r|NA|cen|2017-09-01T00:00:00.000|1
2059264|House of dreams / Brenda Joyce.|Joyce, Brenda|158724036X|c2000.|Wheeler Pub.,|Aristocracy Social class Fiction, Spirit possession Fiction, Revenge Fiction, Large type books, Great Britain History Mary I 1553 1558 Fiction, Spain Fiction, Romantic suspense fiction, Paranormal fiction, Historical fiction|acbk|cs1malf|NA|cen|2017-09-01T00:00:00.000|1
2940843|Recentering the universe : the radical theories of Copernicus, Kepler, Galileo, and Newton / Ron Miller.|Miller, Ron, 1947-|0761358854, 9780761358855|c2014.|Twenty-First Century Books,|Astronomy History Juvenile literature, Astronomy Religious aspects Christianity History Juvenile literature|acbk|nynf|NA|nga|2017-09-01T00:00:00.000|1
3028235|Take a bow-wow / by Kristin Earhart ; illustrated by Vivienne To.|Earhart, Kristin|0545617618, 9780545617611|[2014]|Scholastic Inc.,|Dogs Juvenile fiction, Poodles Juvenile fiction, Pets Juvenile fiction, Magic Juvenile fiction, Talent shows Juvenile fiction, Stage fright Juvenile fiction, Dogs Fiction, Pets Fiction, Magic Fiction, Talent shows Fiction, Stage fright Fiction|jcbk|ncef|NA|gwd|2017-09-01T00:00:00.000|1
2985327|Everyday [videorecording] / Sundance Selects ; Bankside Films ; Film 4 ; a Revolution Films production ; produced by Melissa Parmenter ; written by Laurence Coriat, Michael Winterbottom ; directed by Michael Winterbottom.||0788617818, 9780788617812|©2014|distributed by MPI Home Video|Families Drama, Drug traffic Drama, Prisons Drama, Fiction films, Feature films, Video recordings for the hearing impaired|acdvd|nadvd|Floating|bal|2017-09-01T00:00:00.000|1
2352640|Morningstar guide to mutual funds : five-star strategies for success / [edited by] Christine Benz.||0471718327, 9780471718321|c2005.|John Wiley & Sons ,|Mutual funds|acbk|canf|NA|cen|2017-09-01T00:00:00.000|1
2552455|The great powers outage / William Boniface ; illustrations by Stephen Gilpin.|Boniface, William|0060774703, 0060774711, 9780060774707, 9780060774714|2008.|HarperCollins,|Heroes Juvenile fiction, Criminals Juvenile fiction, Humorous stories|jcbk|ncfic|NA|mgm|2017-09-01T00:00:00.000|1
2242143|Last day, hooray! / Nancy Poydar.|Poydar, Nancy|0823418073|2004.|Holiday House,|Schools Fiction, Parties Fiction|jcbk|ccpic|NA|cen|2017-09-01T00:00:00.000|3
3056809|My old lady [videorecording] / Universal ; Cohen Media Group ; BBC Films ; in association with Protagonist Pictures and Tumbledown Productions Limited ; a Deux Chevaux/Katsize Films production ; in association with Krasnoff/Foster Entertainment ; produced by Rachael Horovitz, Gary Foster, Nitsa Benchetrit, David C. Barrot ; written for the screen and directed by Israel Horovitz.|||[2015]|Universal Studios Home Entertainment,|Roommates Drama, Paris France Drama, Family secrets Drama, Feature films, Comedy films, Fiction films|acdvd|nadvd|Floating|nga|2017-09-01T00:00:00.000|2
2765249|Lone wolf [text (large print)] / Jodi Picoult.|Picoult, Jodi, 1966-|1611733669, 9781611733662|2012.|Center Point Publishing,|Accident victims Fiction, Terminal care Decision making Fiction, Parent and adult child Fiction, Brothers and sisters Fiction, Psychological fiction, Large type books|acbk|nalpfic|Floating|swt|2017-09-01T00:00:00.000|1
1932479|Travel forecasting procedures to support the Puget Sound transportation alternatives analysis-- north corridor / prepared by G. Scott Rutherford, transportation and planning consultant ; Puget Sound Council of Governments ; for Urban Mass Transportation Administration.|Rutherford, G. Scott, 1944-||[1983]|[The Council?],|Transportation Washington State Puget Sound Region Forecasting Mathematical models, Trip generation Washington State Puget Sound Region Forecasting Mathematical models, Local transit Ridership Washington State Puget Sound Region Forecasting Mathematical models|arbk|cs6r|NA|cen|2017-09-01T00:00:00.000|1
476602|The Amazing movie fakebook [music] : for all keyboards, electric & acoustic.|||c1987.|Warner Bros. Publications,|Motion picture music Fake books|armus|caref|NA|cen|2017-09-01T00:00:00.000|1
2963138|Promise land : my journey through America's self-help culture / Jessica Lamb-Shapiro.|Lamb-Shapiro, Jessica|1439100195, 1439100217, 9781439100196, 9781439100219|2014.|Simon & Schuster,|Self care Health, Self care Health Psychological aspects, Psychologists Psychology, Self management Psychology|acbk|nanf|NA|net|2017-09-01T00:00:00.000|1
2709870|A small hotel / Robert Olen Butler.|Butler, Robert Olen|0802119875, 9780802119872|2011.|Grove Press,|Man woman relationships Fiction, New Orleans La Fiction, Divorce Fiction|acbk|nafic|NA|bal|2017-09-01T00:00:00.000|1
2328787|Haiti / Rosalie Ng Cheong-Lum & Leslie Jermyn.|NgCheong-Lum, Roseline, 1962-|0761419683|2005.|Marshall Cavendish Benchmark,|Haiti Juvenile literature|jcbk|ncnf|NA|dlr|2017-09-01T00:00:00.000|1
2845634|You're doing it wrong! : how to improve your life by fixing everyday tasks you (and everyone else) are totally screwing up / Lee Thornton.|Thornton, Lee|1440544166, 9781440544163|c2012.|Adams Media,|Conduct of life Miscellanea, Life skills Miscellanea, Interpersonal relations Miscellanea, Home economics Miscellanea|acbk|nanf|NA|uni|2017-09-01T00:00:00.000|1
11879|Mirror to the American past; a survey of American genre painting: 1750-1900.|Williams, Hermann Warner, 1908-1974|0821204440|[1973]|New York Graphic Society|Genre painting American, Genre painting 18th century United States, Genre painting 19th century United States|acbk|canf|NA|cen|2017-09-01T00:00:00.000|1
3174946|Pete the Cat. Snow daze / by James Dean.|Dean, James, 1957-|0062404253, 0062404261, 9780062404251, 9780062404268|[2016]|Harper, an imprint of HarperCollinsPublishers,|Pete the Cat Fictitious character Juvenile fiction, Cats Juvenile fiction, Snow Juvenile fiction, Pete the Cat Fictitious character Fiction, Cats Fiction, Snow Fiction|jcbk|ncrdr|Floating|bal|2017-09-01T00:00:00.000|3
168951|Glove toys.|Hutchings, Margaret||[1958]|Studio Publications|Puppets|acbk|canf|NA|cen|2017-09-01T00:00:00.000|1
2796048|Back and deader than ever / a novel by Lisi Harrison.|Harrison, Lisi|0316099171, 9780316099172|2012.|Poppy/Little, Brown,|Monsters Juvenile fiction, High schools Juvenile fiction|acbk|nyfic|NA|uni|2017-09-01T00:00:00.000|1
3230596|Nicaragua / by Wil Mara.|Mara, Wil|0531220907, 9780531220900|[2016]|Children's Press,|Nicaragua Juvenile literature|jcbk|ncnf|NA|col|2017-09-01T00:00:00.000|1
2613611|Japan took the J.A.P. out of me : [a memoir] / Lisa Fineberg Cook.|Cook, Lisa Fineberg|1439110034, 9781439110034|c2009.|Downtown Press,|Cook Lisa Fineberg, Cook Lisa Fineberg Marriage, Americans Japan Nagoya shi Biography, Jewish women Japan Nagoya shi Biography, Newlyweds Japan Nagoya shi Biography, Newlyweds United States Biography, Nagoya shi Japan Biography, Nagoya shi Japan Social life and customs, Beverly Hills Calif Biography|acbk|canf|NA|cen|2017-09-01T00:00:00.000|1
3259688|The English daughter / Maggie Wadey.|Wadey, Maggie|1910985139, 9781910985137|2016.|Sandstone Press Ltd,|Wadey Maggie Family, Kavanagh Agnes Teresa Childhood and youth, Kavanagh Agnes Teresa Anecdotes, Mother and child, Tipperary Ireland County Social life and customs 20th century, Autobiographies|acbk|canf|NA|cen|2017-09-01T00:00:00.000|2
2490088|Curious George rides a bike [videorecording] : and a lot more monkeying around / Weston Woods.||0545073073, 9780545073073|2008.|New Video,|Curious George Fictitious character Juvenile fiction, Bicycles and bicycling Fiction, Mice Juvenile fiction, Rats Juvenile fiction, Animated films, Childrens films|jcdvd|ncdvd|Floating|rbe|2017-09-01T00:00:00.000|1
2535499|Acid precipitation : hearings before the Subcommittee on Health and the Environment of the Committee on Energy and Commerce, House of Representatives, Ninety-seventh Congress, first session, on effects and solutions to combat acid precipitation.|United States. Congress. House. Committee on Energy and Commerce. Subcommittee on Health and the Environment||1982.|U.S. G.P.O.,|Acid rain United States, Acid pollution of rivers lakes etc United States|acbk|canf|NA|cen|2017-09-01T00:00:00.000|2
35714|On Noam Chomsky; critical essays.|Harman, Gilbert|0385037651|1974.|Anchor Press,|Chomsky Noam, Linguistics Research United States|acbk|canf|NA|cen|2017-09-01T00:00:00.000|1
2737405|How to help the Earth / by the Lorax with Tish Rabe ; illustrated by Christopher Moroney and Jan Gerardi.|Rabe, Tish|0375869778, 0375969772, 9780375869778, 9780375969775|c2012.|Random House,|Refuse and refuse disposal Juvenile literature, Recycling Waste etc Juvenile literature, Refuse and refuse disposal|jcbk|ncrdr|Floating|gwd|2017-09-01T00:00:00.000|1
2064271|Our Native American legacy : Northwest towns with Indian names / Sandy Nestor.|Nestor, Sandy|087004401X|2001.|Caxton Press,|Names Indian Northwest Pacific, Names Indian Alaska, Names Geographical Northwest Pacific, Names Geographical Alaska, Northwest Pacific History Local, Alaska History Local|arbk|caref|NA|cen|2017-09-01T00:00:00.000|1
3160162|Finding luck / by Kristin Earhart ; illustrated by Serena Geddes.|Earhart, Kristin|1481414232, 9781481414234|2016.|Aladdin,|Brothers and sisters Juvenile fiction, Ponies Juvenile fiction, Chincoteague Island Va Juvenile fiction, Brothers and sisters Fiction, Ponies Fiction, Chincoteague Island Va Fiction|jcbk|ncef|NA|rbe|2017-09-01T00:00:00.000|1
2590075|Preliminaires [sound recording] / Iggy Pop.|Pop, Iggy, 1947-||p2009.|Astralwerks,|Popular music 2001 2010, Rock music 2001 2010|accd|nacd|Floating|glk|2017-09-01T00:00:00.000|1
3272492|Hothouse / Karyna McGlynn.|McGlynn, Karyna|1941411452, 9781941411452|[2017]|Sarabande Books,|Poetry|acbk|nanf|NA|uni|2017-09-01T00:00:00.000|1
723015|Heteroptera or true bugs of Ecuador : a partial catalog / Richard C. Froeschner.|Froeschner, Richard C.||1981.|Smithsonian Institution Press,|Hemiptera Ecuador Catalogs and collections, Hemiptera Galapagos Islands Catalogs and collections, Insects Catalogs and collections, Insects Ecuador Catalogs and collections, Insects Galapagos Islands Catalogs and collections|arbk|cs7r|NA|cen|2017-09-01T00:00:00.000|1
2872935|The U.S. Army Rangers : the missions / by William Caper.|Caper, William|1429686596, 9781429686594|2013.|Capstone Press,|United States Army Commando troops Juvenile literature|jcbk|ncnf|NA|rbe|2017-09-01T00:00:00.000|1
2792404|Wishes and worries : coping with a parent who drinks too much alcohol / presented by the Centre for Addiction and Mental Health ; illustrated by Lars Rudebjer.||1770492380, 9781770492387|2011.|Tundra Books,|Children of alcoholics Juvenile literature, Alcoholics Family relationships Juvenile literature|jcbk|ccnf|NA|cen|2017-09-01T00:00:00.000|1
2967007|Robots / Melissa Stewart.|Stewart, Melissa|1426313446, 1426313454, 9781426313448, 9781426313455|[2014]|National Geographic,|Robots Juvenile literature, Robots|jcbk|ncnf|NA|gwd|2017-09-01T00:00:00.000|1
2987954|The Romanov sisters : the lost lives of the daughters of Nicholas and Alexandra / Helen Rappaport.|Rappaport, Helen|1250020204, 9781250020208|2014.|St. Martin's Press,|Nicholas II Emperor of Russia 1868 1918 Assassination, Nicholas II Emperor of Russia 1868 1918 Family Assassination, Romanov House of History 20th century Sources, Princesses Russia Biography Sources, Sisters|acbk|nanf|NA|cap|2017-09-01T00:00:00.000|1
2130621|Fire fighters : stories of survival from the front lines of firefighting / edited by Clint Willis.||1560254025|c2002.|Thunder's Mouth Press : Distributed by Publishers Group West,|Fire extinction, Survival, Fires|acbk|canf|NA|cen|2017-09-01T00:00:00.000|2
3167001|Melba's American comfort : 100 recipes from my heart to your kitchen / Melba Wilson ; photography by Melissa Hom.|Wilson, Melba (Chef),|1476795282, 1476795304, 9781476795287, 9781476795300|2016.|Atria Books,|Cooking American Southern style, Comfort food, Cookbooks|acbk|nanf|NA|bea|2017-09-01T00:00:00.000|1
2745277|The corn maiden and other nightmares / Joyce Carol Oates.|Oates, Joyce Carol, 1938-|0802126022, 9780802126023|c2011.|Mysterious Press,|Short stories, Suspense fiction, Horror fiction|acbk|nafic|NA|bro|2017-09-01T00:00:00.000|1
3277676|Filling her shoes : a memoir of an inherited family / Betsy Graziana Fasbinder.|Fasbinder, Betsy Graziani.|1631521985, 9781631521980|2017.|She Writes Press,|Fasbinder Betsy Graziani Family, Stepmothers United States Biography, Stepfamilies United States Biography|acbk|canf|NA|cen|2017-09-01T00:00:00.000|1
3068849|The autumn republic / Brian McClellan.|McClellan, Brian, 1986-|0316219118, 0316219126, 9780316219112, 9780316219129|2015.|Orbit,|Kings and rulers Fiction, Imaginary wars and battles Fiction, Imaginary places Fiction, Betrayal Fiction, Wizards Fiction, Fantasy fiction|acbk|casf|NA|cen|2017-09-01T00:00:00.000|2
2044450|American furniture : tables, chairs, sofas & beds / Marvin D. Schwartz ; with revisions by Elizabeth von Habsburg ; photographs by Chun Y. Lai.|Schwartz, Marvin D.|157912108X|c2000.|Black Dog & Leventhal : Distributed by Workman Pub. Co.,|Tables United States, Chairs United States, Sofas United States, Beds United States|acbk|canf|NA|cen|2017-09-01T00:00:00.000|2
443857|||||||acmus|camus|NA|cen|2017-09-01T00:00:00.000|1
2968611|Iron Man. The secret origin of Tony Stark, Book 1 / writer, Kieron Gillen ; penciler, Greg Land (#6-8) ; artist, Dale Eaglesham (9-11) ; inker, Jay Leisten (#6-8) ; colorist, Guru-eFX ; letterer, VC's Joe Caramagna.|Gillen, Kieron|0785168346, 9780785168348|2013.|Marvel Worldwide, Inc.,|Iron Man Fictitious character Comic books strips etc, Superheroes Comic books strips etc, Science fiction comic books strips etc, Graphic novels, Superhero comic books strips etc|acbk|nycomic|NA|col|2017-09-01T00:00:00.000|1
488817|Dutch and Flemish paintings from the Hermitage.||0810911396, 087099509X, 0870995103|1988.|Metropolitan Museum of Art ; Art Institute of Chicago ; Distributed by Abrams,|Gosudarstvennyi Ermitazh Russia Exhibitions, Painting Dutch 17th century Exhibitions, Painting Dutch 18th century Exhibitions, Painting Flemish 17th century Exhibitions, Painting Flemish 18th century Exhibitions|acbk|canf|NA|cen|2017-09-01T00:00:00.000|1
3275106|The secret grave / Lois Ruby.|Ruby, Lois|0545932505, 9780545932509|[2017]|Scholastic Inc.,|Haunted places Juvenile fiction, Friendship Juvenile fiction, Friendship Fiction, Ghosts Fiction, Ghost stories|jcbk|ccfic|NA|cen|2017-09-01T00:00:00.000|1
445120|||||||acmus|camus|NA|cen|2017-09-01T00:00:00.000|1
2874263|The wild beasts of Wuhan : an Ava Lee novel / Ian Hamilton.|Hamilton, Ian, 1946-|1250032296, 1250035155, 9781250032294, 9781250035158|2013.|Picador,|Lee Ava Fictitious character Fiction, Women accountants Fiction, Forensic accounting Fiction, Elite Social sciences China Fiction, Painting Forgeries Fiction, Art dealers Fiction, Mystery fiction|acbk|nafic|NA|bal|2017-09-01T00:00:00.000|1
3220551|Da da da! Die di chao ren / wen/tu, Gongxi Daye ; yi, Chen Yushu.|Miyanishi, Tatsuya, 1956-|9789862116326, 9862116323|2016.|Xiao lu wen hua,|Fathers Juvenile fiction, Picture books for children, Chinese language materials|jcbk|ncln|NA|lcy|2017-09-01T00:00:00.000|1
3174467|13 hours [videorecording] : the secret soldiers of Benghazi / Paramount Pictures ; a 3 Arts Entertainment/Bay Films production ; produced by Erwin Stoff, Michael Bay ; screenplay by Chuck Hogan ; directed by Michael Bay.|||[2016]|Paramount,|Terrorism Drama, Benghazi Consulate Attack Banghazi Libya 2012 Drama, Courage Drama, War films, Action and adventure films, Feature films, Fiction films, Video recordings for the hearing impaired, Video recordings for people with visual disabilities|acdvd|nadvd|Floating|spa|2017-09-01T00:00:00.000|2
2440310|Frankenstein : a cultural history / Susan Tyler Hitchcock.|Hitchcock, Susan Tyler|0393061442, 9780393061444|c2007.|W.W. Norton,|Shelley Mary Wollstonecraft 1797 1851 Frankenstein, Frankenstein Victor Fictitious character, Literature and society History, Scientists in literature, Monsters in literature|acbk|canf|NA|cen|2017-09-01T00:00:00.000|1
83737|Imagination and the spirit; essays in literature and the Christian faith, presented to Clyde S. Kilby. Edited by Charles A. Huttar.|||[1971]|Eerdmans|Christianity and literature|acbk|canf|NA|cen|2017-09-01T00:00:00.000|1
311693|Women in aviation.|Peckham, Betty Clock, 1906-||c1945.|Nelson,|Women in aeronautics|arbk|caaero|NA|cen|2017-09-01T00:00:00.000|1
3165152|No shred of evidence / Charles Todd.|Todd, Charles|0062386182, 9780062386182|[2016]|William Morrow, an imprint of HarperCollinsPublishers,|Rutledge Ian Fictitious character Fiction, Police Great Britain Fiction, Murder Investigation Fiction, Mystery fiction, Historical fiction|acbk|camys|NA|cen|2017-09-01T00:00:00.000|4
3271750|Sex and the city. Season 4 / HBO.||1419889974, 9781419889974|[2010]|Home Box Office : Distributed by Warner Bros. Entertainment,|Female friendship New York State New York Drama, Dating Social customs New York State New York Drama, Sex customs New York State New York Drama, New York N Y Social life and customs Drama, Television series, Television comedies, Fiction television programs, Video recordings for the hearing impaired|acdvd|cadvd|NA|cen|2017-09-01T00:00:00.000|2
2856305|Memorial / written by Chris Roberson ; art by Rich Ellis ; colors by Grace Allison ; letters by Neil Uyetake, Robbie Robbins, and Shawn Lee.|Roberson, Chris|1613773544, 9781613773543|c2012.|IDW Publishing,|Fantasy comic books strips etc, Graphic novels|acbk|nacomic|NA|net|2017-09-01T00:00:00.000|1
1646212|The comic toolbox : how to be funny even if you're not / by John Vorhaus.|Vorhaus, John|1879505215|c1994.|Silman-James Press,|Comedy|acbk|canf|NA|cen|2017-09-01T00:00:00.000|2
732430|Pioneering Ganders : a genealogy of John and Leah Ganders on the Bickleton frontier of the Territory and State of Washington, 1884-1974 / by Harry S. Ganders.|Ganders, Harry Stanley, 1894-||1974.|Syracuse University,|Ganders family|arbk|caref|NA|cen|2017-09-01T00:00:00.000|1
3009698|Riptide / Catherine Coulter.|Coulter, Catherine|0515130966, 9780515130966|2001, c2000.|Jove Books,|Women speechwriters Fiction, Stalkers Fiction, United States Federal Bureau of Investigation Fiction, Savich Dillon Fictitious character Fiction, Sherlock Lacey Fictitious character Fiction, Government investigators Fiction, New York N Y Fiction, Suspense fiction, Mystery fiction, Love stories|acbk|cafic|NA|cen|2017-09-01T00:00:00.000|1
292021|Lyon memorial; Massachusetts families including descendants o the immigrants William Lyon of Roxbury, Peter Lyon of Dorchester, George Lyon of Dorchester.|Lyon, Sidney Elizabeth, 1846-||1905.|Graham,|Lyons family|arbk|caref|NA|cen|2017-09-01T00:00:00.000|1
2176355|A birthday for Frances / by Russell Hoban ; pictures by Lillian Hoban.|Hoban, Russell|0060223383, 0060223391, 0064430073|1995.|HarperCollins,|Birthdays Juvenile fiction, Badgers Juvenile fiction, Behavior Fiction|jcbk|ncpic|NA|wts|2017-09-01T00:00:00.000|1
2459355|Hanukkah & Chinese New Year [sound recording]|||p2002.|Kimbo Educational,|Hanukkah Songs and music Juvenile sound recordings, Chinese New Year Songs and music Juvenile sound recordings, Childrens songs Juvenile sound recordings, Hanukkah Songs and music, Chinese New Year Songs and music, Songs|jccd|cccd|NA|cen|2017-09-01T00:00:00.000|2
2709212|Thea Stilton and the cherry blossom adventure / [Thea Stilton ; illustrations by Alessandro Battan ... et al. ; translated by Julia Heim].|Stilton, Thea|0545227720, 9780545227728|2011.|Scholastic,|Stilton Thea Juvenile fiction, Stilton Geronimo Juvenile fiction, Mice Juvenile fiction, Sisters Juvenile fiction, Student exchange programs Juvenile fiction, Japanese flowering cherry Juvenile fiction, Stealing Fiction, Kyoto Japan Juvenile fiction, Japan Juvenile fiction|jcbk|ncfic|NA|wts|2017-09-01T00:00:00.000|1
2503772|Your pet cat / by Elaine Landau.|Landau, Elaine|0531167666, 9780531167663|c2007.|Children's Press,|Cats Juvenile literature|jcbk|ncnf|NA|dlr|2017-09-01T00:00:00.000|1
2698355|Lemonade : and other poems squeezed from a single word / by Bob Raczka ; illustrated by Nancy Doniger.|Raczka, Bob|1596435410, 9781596435414|2011.|Roaring Brook Press,|Word games Juvenile literature, Childrens poetry American, American poetry Juvenile literature|jcbk|ncnf|NA|lcy|2017-09-01T00:00:00.000|1
2801586|Thạch Sanh & Sơn Tinh Thủy Tinh / lời, Nguyên Anh, Tú Anh ; tranh, Nhật Minh, Tịnh Lâm.|Đinh, Nguyên Anh.||c2011.|[Nhà xuất bản Dân Trí],|Tales Vietnam Juvenile literature, Folklore Juvenile literature, Vietnamese language materials|jcbk|ncln|NA|lcy|2017-09-01T00:00:00.000|1
2083884|A collection of beauties at the height of their popularity : a novel / Whitney Otto.|Otto, Whitney|0375505458|c2002.|Random House,|Young adults Fiction, Bars Drinking establishments Fiction, San Francisco Calif Fiction, Bildungsromans|acbk|cafic|NA|cen|2017-09-01T00:00:00.000|1
2697048|Celtic Thunder [videorecording] : Christmas / producer, Sharon Browne ; director, Julia Knowles.|Celtic Thunder (Musical group : 2007-)||c2010.|Decca : Distributed by Universal Music Distribution,|Christmas music, Carols English, Concert films|acdvd|cadvdnf|NA|cen|2017-09-01T00:00:00.000|3
2833067|Miss Peregrine's Home for Peculiar Children / Ransom Riggs.|Riggs, Ransom|1410450236, 9781410450234|2012.|Thorndike Press,|Grandfathers Juvenile fiction, Orphanages Juvenile fiction, Islands Juvenile fiction, Mystery and detective stories, Wales Juvenile fiction, Large type books Juvenile fiction, Paranormal fiction|acbk|nylp|Floating|bea|2017-09-01T00:00:00.000|1
1303954|The legendary Italian westerns [sound recording] / Ennio Morricone.|Morricone, Ennio||p1990.|RCA : Distributed by BMG Music,|Motion picture music Excerpts|accd|nacd|Floating|bro|2017-09-01T00:00:00.000|1
2216058|The floating book / Michelle Lovric.|Lovric, Michelle|0060578564|c2003.|ReganBooks,|Printing Fiction, Printers Fiction, Venice Italy Fiction, Historical fiction|acbk|cafic|NA|cen|2017-09-01T00:00:00.000|1
2959221|Powers. [3], Little deaths / created and produced by Brian Michael Bendis & Michael Avon Oeming ; color art, Pete Pantazis & Pat Garrahy with Brian Michael Bendis ; letters, Ken Bruzenak & Pat Garrahy with Brian Michael Bendis.|Bendis, Brian Michael|0785159843, 9780785159841|c2011.|Marvel Worldwide,|Superheroes Comic books strips etc, Police Comic books strips etc, Homicide investigation Comic books strips etc, Groupies Comic books strips etc, Graphic novels, Mystery comic books strips etc|acbk|nacomic|NA|net|2017-09-01T00:00:00.000|1
1804689|A field guide to western trees : Eastern [i.e. Western] United States and Canada / George A. Petrides ; illustrated by Olivia Petrides.|Petrides, George A.|0395904544|1998.|Houghton Mifflin,|Trees West U S Identification, Trees Canada Western Identification, Trees West U S Pictorial works, Trees Canada Western Pictorial works|acbk|nanf|NA|glk|2017-09-01T00:00:00.000|1
2935743|Angry birds playground : dinosaurs : a prehistoric adventure / by Jill Esbaum ; dinosaur art by Franco Tempesta.|Esbaum, Jill|1426313241, 142631325X, 9781426313240, 9781426313257|c2013.|National Geographic,|Dinosaurs Juvenile literature, Fossils Juvenile literature, Angry Birds Game Juvenile literature, Fossils|jcbk|ncnf|NA|col|2017-09-01T00:00:00.000|1
2566973|Poppy and Ereth / Avi ; illustrated by Brian Floca.|Avi, 1937-|0061119695, 0061119709, 9780061119699, 9780061119705|2009.|HarperCollinsPublishers,|White footed mouse Fiction, Mice Juvenile fiction, Porcupines Juvenile fiction, Bats Juvenile fiction, Friendship Fiction, Adventure stories|jcbk|ncfic|NA|net|2017-09-01T00:00:00.000|1
441852|||||||acmus|camus|NA|cen|2017-09-01T00:00:00.000|1
2900921|Al Capone does my homework / Gennifer Choldenko.|Choldenko, Gennifer, 1957-|0803734727, 9780803734722|c2013.|Dial Books for Young Readers,|United States Penitentiary Alcatraz Island California Juvenile fiction, Alcatraz Island Calif History 20th century Juvenile fiction, Swindlers and swindling Juvenile fiction, Fires Juvenile fiction, Autism Juvenile fiction, Brothers and sisters Juvenile fiction, Brothers and sisters Fiction|jcbk|ccfic|NA|cen|2017-09-01T00:00:00.000|1
3164326|Strawberry Shortcake. Berry bake shop [videorecording] / American Greetings.|||[2015]|20th Century Fox Home Entertainment,|Strawberry Shortcake Fictitious character Juvenile drama, Friendship Juvenile drama, Childrens television programs, Animated television programs, Fiction television programs, Television series, Video recordings for the hearing impaired|jcdvd|ncdvd|Floating|cap|2017-09-01T00:00:00.000|1
2582997|Report to Congress for the period of ... / United States Maritime Commission.|United States. Maritime Commission||1937-1950.|U.S. G.P.O.,|Merchant marine United States Periodicals, Shipping United States Periodicals|arbk|caref|NA|cen|2017-09-01T00:00:00.000|3
450744|Eroticon; [music] seven piano-pieces rev. and fingered by William Scharfenberg.|Jensen, Adolf, 1837-1879||c1889.|Schirmer,|Piano music|acmus|camus|NA|cen|2017-09-01T00:00:00.000|1
3032381|The forks over knives plan : how to transition to the life-saving, whole-food, plant-based diet / Alona Pulde, M.D. and Matt Lederman, M.D. ; with Marah Stets and Brian Wendel ; recipes by Darshana Thacker and Del Sroufe.|Pulde, Alona.|1476753296, 9781476753294|2014.|Simon & Schuster,|Natural foods Health aspects, Veganism Health aspects, Cooking Natural foods, Vegan cooking, Menus, Cookbooks|acbk|nanf|NA|cap|2017-09-01T00:00:00.000|1
2049266|America and the intellectual cold wars in Europe : Shepard Stone between philanthropy, academy, and diplomacy / Volker R. Berghahn.|Berghahn, Volker R. (Volker Rolf), 1938-|0691074798|2001.|Princeton University Press,|Stone Shepard, Cold War Public opinion, Public opinion Europe History 20th century, Ideology, Anti Americanism Europe, Economic assistance American Europe, United States Foreign public opinion European, United States Relations Europe, Europe Relations United States, United States Cultural policy, United States Foreign relations 1945 1989 Public opinion|acbk|canf|NA|cen|2017-09-01T00:00:00.000|1
2639784|Current diagnosis & treatment, surgery.||||McGraw-Hill Medical|Surgery, Diagnosis Surgical Handbooks manuals etc, Surgery Operative Handbooks manuals etc|arbk|cs7r|NA|cen|2017-09-01T00:00:00.000|1
2973939|Kicking the sky : a novel / Anthony De Sa.|De Sa, Anthony|156512927X, 9781565129276|2014.|Algonquin Books of Chapel Hill,|Boys Fiction, Portuguese Canada Fiction, Toronto Ont Fiction, Bildungsromans, Domestic fiction|acbk|cafic|NA|cen|2017-09-01T00:00:00.000|1
2926288|Musk Ox counts / Erin Cabatingan ; illustrated by Matthew Myers.|Cabatingan, Erin|1596437987, 9781596437982|2013.|Roaring Brook Press,|Muskox Juvenile fiction, Zebras Juvenile fiction, Counting Juvenile fiction, Counting Fiction, Humorous stories|jcbk|ncpic|NA|gwd|2017-09-01T00:00:00.000|1
2695359|The low GI guide to living well with PCOS : lose weight, boost fertility and gain control over polycystic ovarian syndrome with the glycemic index / Jennie Brand-Miller, Nadir R. Farid, Kate Marsh ; recipes by Chrissy Freer ... [and others].|Brand Miller, Janette, 1952-|073821390X, 9780738213903|c2011.|Da Capo Press,|Polycystic ovary syndrome, Polycystic ovary syndrome Diet therapy, Glycemic index|acbk|nanf|NA|lcy|2017-09-01T00:00:00.000|1
2496929|Balto [videorecording] / Universal Pictures ; Amblin Entertainment ; produced by Steve Hickner ; directed by Simon Wells ; story by Cliff Ruby & Elana Lesser ; screenplay by Cliff Ruby ... [and others].||0783219601, 9780783219608|2002.|Universal Studios Home Video,|Balto Dog Juvenile drama, Sled dogs Juvenile drama, Human animal relationships Juvenile drama, Animated films, Childrens films, Fiction films, Animal films, Video recordings for the hearing impaired|jcdvd|ncdvd|Floating|nga|2017-09-01T00:00:00.000|1
3118062|Exposed / Brighton Walsh.|Walsh, Brighton.|125005964X, 9781250059642|2015.|St. Martin's Griffin,|Young women Fiction, Criminals Fiction, Man woman relationships Fiction, Love stories, Romantic suspense fiction|acbk|cafic|NA|cen|2017-09-01T00:00:00.000|1
517562|Mississippi to Madrid : memoir of a Black American in the Abraham Lincoln Brigade / by James Yates.|Yates, James, 1906-|0940880199, 0940880202|c1989.|Open Hand Pub.,|Yates James 1906, Spain Ej‚rcito Popular de la Rep£blica Brigada Internacional XV Biography, African Americans Biography, African Americans Spain Biography, Spain History Civil War 1936 1939 Participation African American|acbk|naaanf|NA|dth|2017-09-01T00:00:00.000|1
2653487|On the town [sound recording] / Leonard Bernstein, music ; Betty Comden & Adolph Green, lyrics.|Bernstein, Leonard, 1918-1990||p1998.|Sony Classical/Columbia/Legacy,|Musicals|accd|cacd|NA|cen|2017-09-01T00:00:00.000|2
3149247|Trace [sound recording] / Son Volt.|Son Volt (Musical group)||p2015.|Rhino/Warner Bros.,|Rock music 1991 2000, Country music 1991 2000|accd|cacd|NA|cen|2017-09-01T00:00:00.000|2
2363867|A million dots / Andrew Clements ; illustrated by Mike Reed.|Clements, Andrew, 1949-|0689858248|c2006.|Simon & Schuster Books for Young Readers,|Million The number Juvenile literature|jcbk|ncnf|NA|lcy|2017-09-01T00:00:00.000|1
2721929|Good night, world / words by Willa Perlman ; pictures by Carolyn Fisher.|Perlman, Willa|1442401974, 9781442401976|2011.|Beach Lane Books,|Stories in rhyme Juvenile fiction, Bedtime Juvenile fiction|jcbk|ncpic|NA|rbe|2017-09-01T00:00:00.000|1
1801370|Charts and publications. 2, United States Pacific Coast, including Hawaii, Guam, and Samoa Islands.||||National Oceanic and Atmospheric Administration, National Ocean Service,|Nautical charts Pacific Coast U S Catalogs Periodicals, Nautical charts Hawaii Catalogs Periodicals, Nautical charts Mariana Islands Catalogs Periodicals, Nautical charts Samoan Islands Catalogs Periodicals|acmap|canf|NA|cen|2017-09-01T00:00:00.000|1
3044157|Gluten-free artisan bread in five minutes a day : the baking revolution continues with 90 new, delicious, and easy recipes made with gluten-free flours / Jeff Hertzberg, M.D. and Zoë François ; photographs by Stephen Scott Gross.|Hertzberg, Jeff|1250018315, 9781250018311|2014.|Thomas Dunne Books/St. Martin's Press,|Gluten free diet Recipes, Bread, Cooking Bread, COOKING Courses Dishes Bread, COOKING Methods Baking, Cookbooks|acbk|canf|NA|cen|2017-09-01T00:00:00.000|2
251291|Our navy for a thousand years; a concise account of all the principal operations in which the British navy has been engaged from the reign of King Alfred to the present time.|Eardley-Wilmot, Sydney Marow, Sir, 1847-1929.||[1932?]|S. Low|Great Britain Royal Navy History, Great Britain History Naval|arbk|caref|NA|cen|2017-09-01T00:00:00.000|1
3091442|The horse Comanche [sound recording] / Chadwick Stokes.|Stokes, Chadwick.||[2015]|Ruff Shod Records,|Popular music 2011 2020|accd|nacd|Floating|net|2017-09-01T00:00:00.000|1
3082810|Mama Seeton's whistle / by Jerry Spinelli ; art by LeUyen Pham.|Spinelli, Jerry|0316122173, 9780316122177|2015.|Little, Brown and Company,|Whistling Juvenile fiction, Mother and child Juvenile fiction, Families Juvenile fiction|jcbk|ncpic|NA|bea|2017-09-01T00:00:00.000|1
1873603|Structural details manual / David R. Williams.|Williams, David R., P.E.|0070704430|c1999.|McGraw Hill,|Building Details|acbk|canf|NA|cen|2017-09-01T00:00:00.000|1
345206|Handbook of structural concrete / edited by F.K. Kong ... [and others].||0070115737|1983.|McGraw-Hill,|Concrete Handbooks manuals etc|arbk|caref|NA|cen|2017-09-01T00:00:00.000|1
3262481|The 5 second rule : transform your life, work, and confidence with everyday courage / Mel Robbins.|Robbins, Mel, 1968-|1682612384, 9781682612385|2017.|Savio Republic,|Self esteem Psychological aspects, Courage Popular works, Motivation Psychology|acbk|nanf|NA|bro|2017-09-01T00:00:00.000|1
2973471|Side effects may vary / Julie Murphy.|Murphy, Julie, 1985-|006224535X, 9780062245359|[2014]|Balzer + Bray, an imprint of HarperCollinsPublishers,|Leukemia Juvenile fiction, Revenge Juvenile fiction, Interpersonal relations Juvenile fiction, Love Fiction, Friendship Fiction|acbk|nyfic|NA|wts|2017-09-01T00:00:00.000|1
3093908|The tricks and treats of Halloween / by Angela Murphy ; illustrated by Rich Wake.|Murphy, Angela.|1481409786, 1481409794, 9781481409780, 9781481409797|[2014]|Simon Spotlight,|Halloween Juvenile literature|jcbk|nchol|NA|lcy|2017-09-01T00:00:00.000|1
2760676|Let's throw a St. Patrick's Day party! / Rachel Lynette.|Lynette, Rachel|1448825741, 144882737X, 1448827388, 9781448825745, 9781448827374, 9781448827381|2012.|PowerKids Press,|Saint Patricks Day decorations Juvenile literature, Saint Patricks Day Juvenile literature, Cooking Irish Juvenile literature, Childrens parties Juvenile literature, Parties|jcbk|nchol|NA|bro|2017-09-01T00:00:00.000|1
2001090|Hens dancing / Raffaella Barker.|Barker, Raffaella, 1964-|0375503862|2001.|Random House,|Single mothers Fiction, Mother and child Fiction, Norfolk England Fiction, Domestic fiction, Pastoral fiction|acbk|cafic|NA|cen|2017-09-01T00:00:00.000|1
2774333|Why be happy when you could be normal? / Jeanette Winterson.|Winterson, Jeanette, 1959-|0802120105, 9780802120106|[2012].|Grove Press,|Winterson Jeanette 1959, Lesbians England Biography, Authors English Biography, Women authors Biography, Mothers and daughters Biography|acbk|nab|NA|lcy|2017-09-01T00:00:00.000|1
2667150|Henry and the bully / Nancy Carlson.|Carlson, Nancy L.|0670011487, 9780670011483|2010.|Viking,|Bullies Fiction, Mice Juvenile fiction, Animals Fiction, Schools Fiction|jcbk|ncpic|NA|lcy|2017-09-01T00:00:00.000|1
1785040|Sóng trôi : tập truyện / Ngự Thuyét.|Ngự Thuyét||1996.|Thanh Văn,||acbk|caln|NA|cen|2017-09-01T00:00:00.000|1
2622635|A very big bunny / Marisabina Russo.|Russo, Marisabina|0375844635, 037594463X, 9780375844638, 9780375944635|c2010.|Schwartz & Wade Books,|Size Fiction, Individuality Juvenile fiction, Schools Fiction, Friendship Fiction, Rabbits Juvenile fiction|jcbk|ncpic|NA|swt|2017-09-01T00:00:00.000|1
258271|Massachusetts memorial to her soldiers and sailors who died in the Department of No. Carolina, 1861-1865, dedicated at New Bern, No. Carolina, November 11, 1908.|Gardner, James Browne, 1842-||[1909]|[Gardner and Taplin],|Massachusetts Militia, North Carolina History Civil War 1861 1865, United States History Civil War 1861 1865 Regimental histories Massachusetts, National Cemetery New Bern N C|arbk|caref|NA|cen|2017-09-01T00:00:00.000|1
3286332|Lowlands : [a novel] / Terence Gallagher.|Gallagher, Terence|1604891912, 9781604891911|[2017]|Livingston Press, The University of West Alabama,|High school students Fiction, Bildungsromans, Time travel Fiction, Queens New York N Y Fiction, Ireland Fiction, Scotland Fiction, Young adult fiction, Coming of age Fiction, Celts Fiction, Teenage boys Fiction, Queens New York N Y Fiction|acbk|nyfic|NA|bal|2017-09-01T00:00:00.000|1
204414|Ways and means of using birds in combating noxious insects; proceedings of conferences held on 25-28 November 1953 and 21-23 December 1954. Edited by L.P. Poznanin. [Translated by E. Rosenthal].|Soviet Union. Upravlenie po zapovednikam i okhotnichʹemu khoz︠i︡aĭstvu||1956 [1960]|Ministry of Agriculture of the USSR, [Israel Program for Scientific Translations; available from the Office of Technical Services, Washington],|Beneficial birds Congresses, Insect pests Biological control Congresses|arbk|cs7r|NA|cen|2017-09-01T00:00:00.000|1
3056858|Strangers / Bill Pronzini.|Pronzini, Bill|1410470857, 9781410470850|2014.|Thorndike Press, a part of Gale, Cengage Learning,|Teenage boys Fiction, Rape Investigation Fiction, Rapists Fiction, Nameless Detective Fictitious character Fiction, Private investigators Nevada Fiction, Large type books, Suspense fiction, Mystery fiction|acbk|nalpfic|Floating|hip|2017-09-01T00:00:00.000|1
1591913|Home to Harlem / by Claude McKay ; foreword by Wayne F. Cooper.|McKay, Claude, 1890-1948|1555530230, 1555530240, 1555530249|c1987.|Northeastern University Press,||acbk|nafic|NA|rbe|2017-09-01T00:00:00.000|1
2730727|Jasmine and the treasure chest / written by Katy Kit ; illustrated by Tom Knight..|Kit, Katy|0807550809, 0807550817, 9780807550809, 9780807550816|2011.|Albert Whitman & Co.,|Mermaids Fiction, Buried treasure Fiction, Mystery and detective stories|jcbk|ncef|NA|mag|2017-09-01T00:00:00.000|1
2918726|Oil and honey [sound recording] : [the education of an unlikely activist] / Bill McKibben.|McKibben, Bill|1427233462, 9781427233462|p2013.|Macmillan Audio,|McKibben Bill, Environmentalism United States, Climatic changes Environmental aspects, Petroleum industry and trade Environmental aspects, Petroleum industry and trade Political aspects United States, Environmentalists United States Biography, Beekeepers United States Biography|accd|cacdnf|NA|cen|2017-09-01T00:00:00.000|2
2638542|End your addiction now : the proven nutritional supplement program that can set you free / Charles Gant, Greg Lewis.|Gant, Charles|0757003133, 9780757003134|c2010.|Square One Publishers,|Substance abuse Nutritional aspects|acbk|nanf|NA|net|2017-09-01T00:00:00.000|1
2449232|Spinning in the old way : how (and why) to make your own yarn with a high-whorl handspindle / by Priscilla A. Gibson-Roberts ; with illustrations by Susan Strawn ; based on drawings by Priscilla A. Gibson-Roberts.|Gibson-Roberts, Priscilla A.|0966828984, 9780966828986|c2006.|Nomad Press,|Hand spinning, Spun yarns|acbk|nanf|NA|gwd|2017-09-01T00:00:00.000|1
2830815|The secret lives of codebreakers : the men and women who cracked the Enigma code at Bletchley Park / Sinclair McKay.|McKay, Sinclair|0452298717, 9780452298712|c2012.|Penguin Group,|Great Britain Government Communications Headquarters History, World War 1939 1945 Cryptography, World War 1939 1945 Electronic intelligence Great Britain, Bletchley Park Milton Keynes England History|acbk|canf|NA|cen|2017-09-01T00:00:00.000|1
3136799|Follow me! : animal parents and babies / Shira Evans.|Evans, Shira|1426323476, 1426323484, 9781426323478, 9781426323485|[2016]|National Geographic,|Parental behavior in animals Juvenile literature, Familial behavior in animals Juvenile literature, Animal behavior Juvenile literature, Animals Infancy Juvenile literature, Parental behavior in animals, Familial behavior in animals, Animal behavior, Animals Infancy|jcbk|ncenf|NA|rbe|2017-09-01T00:00:00.000|1
3102588|Sick in the head : conversations about life and comedy / Judd Apatow.|Apatow, Judd, 1967-|0812997573, 9780812997576|[2015]|Random House,|Comedians United States Interviews, Stand up comedy United States, Television actors and actresses United States Interviews, Motion picture actors and actresses United States Interviews, HUMOR Form Anecdotes, PERFORMING ARTS Comedy, PERFORMING ARTS Film Video General|acbk|nanf|NA|rbe|2017-09-01T00:00:00.000|1
2865436|Lincoln's Gettysburg address : a pictorial interpretation / painted by James Daugherty.|Daugherty, James, 1889-1974|0807545503, 9780807545508|2013.|Albert Whitman & Co.,|Lincoln Abraham 1809 1865 Gettysburg address Juvenile literature, Gettysburg Battle of Gettysburg Pa 1863 Juvenile literature|jcbk|naover|NA|nga|2017-09-01T00:00:00.000|1
2627459|Christmas chants [sound recording] / Gregorian.|Gregorian (Musical group)||p2009.|Curb Records,|Christmas music, Carols English|accd|nacd|Floating|rbe|2017-09-01T00:00:00.000|1
2389604|Kids inventing : a handbook for young inventors / Susan Casey.|Casey, Susan (Susan Mary)|0471660868, 9780471660866|2005.|John Wiley,|Inventions Juvenile literature, Children as inventors Juvenile literature, Inventors Juvenile literature|jcbk|ncnf|NA|dth|2017-09-01T00:00:00.000|1
2016155|Grief pool : poems / by Jeff Crandall.|Crandall, Jeff|0967982405|c2000.|Firestorm Press,||acbk|canf|NA|cen|2017-09-01T00:00:00.000|1
1731789|New Scottish writing / edited by Harry Ritchie.||0747528241|1996.|Bloomsbury Pub.,|English literature Scottish authors, English literature 20th century, Scotland Literary collections|acbk|canf|NA|cen|2017-09-01T00:00:00.000|1
3254362|We'll always have Casablanca : the life, legend, and afterlife of Hollywood's most beloved movie / Noah Isenberg.|Isenberg, Noah William.|0393243125, 9780393243123|c2017.|W. W. Norton & Company,|Casablanca Motion picture, Casablanca Motion picture History, Motion pictures Production and direction United States|acbk|nanf|NA|nga|2017-09-01T00:00:00.000|1
438742|||||||acmus|camus|NA|cen|2017-09-01T00:00:00.000|1
2802318|Making babies : stumbling into motherhood / Anne Enright.|Enright, Anne, 1962-|0393078280, 9780393078282|2012, c2004.|W.W. Norton,|Motherhood, Parenting|acbk|canf|NA|cen|2017-09-01T00:00:00.000|1
3204880|Hidden Christmas : the surprising truth behind the birth of Christ / Timothy Keller.|Keller, Timothy, 1950-|0735221650, 9780735221659|[2016]|Viking,|Jesus Christ Nativity, Christmas, Christianity Essence genius nature, Christian life, RELIGION Christian Life Inspirational, RELIGION Holidays Christmas Advent|acbk|canf|NA|cen|2017-09-01T00:00:00.000|2
2835411|The real name of God : embracing the full essence of the divine / Wayne Dosick.|Dosick, Wayne D., 1947-|1594774730, 9781594774737|c2012.|Inner Traditions,|God Judaism Name|acbk|canf|NA|cen|2017-09-01T00:00:00.000|1
3181806|"Avengers assemble. Civil war / based on the TV series written by Danielle Wolff, Jacob Semahn, Kevin Burke & Chris ""Doc"" Wyatt ; directed by Phil Pignotti & Tim Eldred ; adapted by Joe Caramagna ; art by Marvel Animation."|Caramagna, Joe|1302901648, 9781302901646|[2016]|Marvel Worldwide, Inc., a subsidiary of Marvel Entertainment, LLC,|Superheroes Comic books strips etc, Adventure and adventurers Comic books strips etc, Cartoons and comics, Comics Graphic works|jcbk|nccomic|NA|uni|2017-09-01T00:00:00.000|1
3077219|Rebel power! / written by Lauren Nesworthy.|Nesworthy, Lauren.|1465435956, 1465435964, 9781465435958, 9781465435965|2015.|DK Publishing,|Star Wars rebels Television program Juvenile literature, Star Wars films Juvenile literature, Imaginary wars and battles Juvenile fiction, Space warfare Juvenile fiction, Extraterrestrial beings Juvenile fiction|jcbk|ncrdr|Floating|rbe|2017-09-01T00:00:00.000|1
2840736|Domestic malice : a novel / by Jessica Fletcher and Donald Bain.|Bain, Donald, 1935-|0451238036, 9780451238030|2012.|Obsidian,|Fletcher Jessica Fiction, Women novelists Fiction, Mystery fiction|acbk|namys|Floating|dth|2017-09-01T00:00:00.000|1
2731293|Middle of everywhere [sound recording] / Pokey LaFarge and the South City Three.|LaFarge, Pokey||p2011.|Free Dirt Records,|Popular music 2011 2020, Blues Music 2011 2020, Country music 2011 2020|accd|cacd|NA|cen|2017-09-01T00:00:00.000|2
2498521|Cuộc du lịch kỳ diệu của Nin Hơ Gớc Xơn / Xen Ma La Gớc Lốp.|Lagerlöf, Selma, 1858-1940||2007.|Nhà xuất bản Văn hóa - thông tin,|Geese Juvenile fiction, Sweden Juvenile fiction, Conduct of life Juvenile fiction, Geese Fiction, Sweden Fiction, Conduct of life Fiction, Fantasy, Vietnamese language materials|jcbk|ccln|NA|cen|2017-09-01T00:00:00.000|1
2946394|Capturing the light : the birth of photography, a true story of genius and rivalry / Roger Watson and Helen Rappaport.|Watson, Roger (Museum curator)|1250009707, 9781250009708|2013.|St. Martin's Press,|Daguerre Louis Jacques Mand‚ 1787 1851, Talbot William Henry Fox 1800 1877, Photographers France Biography, Photographers England Biography, Inventors France Biography, Inventors England Biography, Photography France History 19th century, Photography England History 19th century|acbk|nanf|NA|fre|2017-09-01T00:00:00.000|1
2111930|Defying Hitler : a memoir / Sebastian Haffner ; translated by Oliver Pretzel.|Haffner, Sebastian|0374161577|2002.|Farrar, Straus and Giroux,|Haffner Sebastian, Historians Germany Biography, National socialism, Germany History 1918 1933|acbk|canf|NA|cen|2017-09-01T00:00:00.000|1
3177459|Victor Frankenstein [videorecording] / Twentieth Century Fox ; directed by Paul McGuigan ; screen story and screenplay by Max Landis ; produced by John Davis ; a Davis Entertainment Company production.|||[2016]|Twentieth Century Fox Home Entertainment,|Frankenstein Victor Fictitious character Drama, Frankensteins monster Fictitious character Drama, Human experimentation in medicine Drama, Scientists Drama, Monsters Drama, Science fiction films, Thrillers Motion pictures, Fiction films, Feature films, Video recordings for the hearing impaired, Video recordings for people with visual disabilities|acdvd|nadvd|Floating|glk|2017-09-01T00:00:00.000|3
3165861|The complete photo guide to cardmaking / Judi Watanabe ; photographs: Rob Bostick and Judi Watanabe.|Watanabe, Judi, 1963-|1589238826, 9781589238824|[2016]|Creative Publishing International, an imprint of Quarto Publishing Group USA Inc.,|Greeting cards, Paper work|acbk|nanf|NA|bea|2017-09-01T00:00:00.000|1
3014817|Daughters of the declaration : how women social entrepreneurs built the American dream / Claire Gaudiani & David Graham Burnett.|Gaudiani, Claire|1610390318, 9781610390316|c2011.|PublicAffairs,|Women philanthropists United States History, Social entrepreneurship United States History, Endowments Economic aspects United States, Social change United States History|acbk|canf|NA|cen|2017-09-01T00:00:00.000|2
3106320|Stampede of the supermarket slugs / by Bill Doyle ; illustrated by Scott Altmann.|Doyle, Bill H., 1968-|0375869344, 0375969349, 9780375869341, 9780375969348|c2012.|Random House,|Slugs Mollusks Fiction, Cousins Fiction, Magic Fiction, Slugs Mollusks Juvenile fiction, Cousins Juvenile fiction, Magic Juvenile fiction|jcbk|ncef|NA|gwd|2017-09-01T00:00:00.000|1
271815|Elegy written in a country churchyard.|Gray, Thomas, 1716-1771||1960.|A.J. St. Onge,||arbk|cs8r|NA|cen|2017-09-01T00:00:00.000|1
2954535|The Martian : a novel / Andy Weir.|Weir, Andy|0804139024, 9780804139021|[2014], c2011.|Crown,|Astronauts Fiction, Survival Fiction, Wilderness survival Fiction, Mars Planet, Science fiction|acbk|nasf|NA|nhy|2017-09-01T00:00:00.000|1
1706536|Oh pray my wings are gonna fit me well / Maya Angelou.|Angelou, Maya|0679457070|[c1997]|Random House,||acbk|canf|NA|cen|2017-09-01T00:00:00.000|1
3264005|The wishing foxes / Margaret Read MacDonald with Jen and Nat Whitman ; illustrated by Kitty Harvill.|MacDonald, Margaret Read, 1940-|1945268018, 9781945268014|2017.|Plum Street Publishers,|Folklore Appalachian Region Juvenile literature, Folklore Appalachian Region|jcbk|ncfft|NA|col|2017-09-01T00:00:00.000|1
2673420|Malta / Sean Sheehan and Yong Jui Lin.|Sheehan, Sean, 1951-|1608700240, 9781608700240|c2011.|Marshall Cavendish Benchmark,|Malta Juvenile literature|jcbk|ncnf|NA|bro|2017-09-01T00:00:00.000|1
562584|A journal by Thos. Hughes for his amusement, & designed only for his perusal by the time he attains the age of 50 if he lives so long. (1778-1789) With an introd. by E. A. Benians.|Hughes, Thomas, 1759 or 60-1790.||1947.|University Press,|Hughes Thomas 1759 or 60 1790, Canada Description and travel, United States History Revolution 1775 1783 Prisoners and prisons, United States History Revolution 1775 1783 Personal narratives British|arbk|cs9r|NA|cen|2017-09-01T00:00:00.000|1
2900075|Toys in space / by Mini Grey.|Grey, Mini|0307978125, 030797815X, 0307978478, 9780307978127, 9780307978158, 9780307978479|2013.|Alfred A. Knopf,|Toys Juvenile fiction, Storytelling Juvenile fiction, Night Juvenile fiction|jcbk|ncpic|NA|cap|2017-09-01T00:00:00.000|1
1787791|From the devotions.|Phillips, Carl, 1959-|1555972632|c1998.|Graywolf Press,|American poetry|acbk|canf|NA|cen|2017-09-01T00:00:00.000|1
3236201|Prussian blue : a Bernie Gunther novel / Philip Kerr.|Kerr, Philip|1524756156, 9781524756154|[2017]|Random House Large Print,|Gunther Bernhard Fictitious character Fiction, Private investigators Fiction, Nazis Fiction, Fugitives from justice Fiction, Detective and mystery fiction, Thrillers Fiction, Spy fiction, Large type books|acbk|nalpfic|Floating|dlr|2017-09-01T00:00:00.000|1
2806133|Cole : ninja of Earth / by Greg Farshtey.|Farshtey, Greg|0545369932, 9780545369930|c2012.|Scholastic,|Ninja Juvenile fiction, Martial arts Training Juvenile fiction, LEGO toys Juvenile fiction|jcbk|ncef|NA|nga|2017-09-01T00:00:00.000|1
3215746|The wonder of you / Elvis with the Royal Philharmonic Orchestra.|Presley, Elvis, 1935-1977||[2016]|RCA/Legacy,|Popular music 2011 2020, Rock music 2011 2020, Rock music, Popular music|accd|nacd|Floating|wts|2017-09-01T00:00:00.000|1
413969|German art in the 20th century : painting and sculpture 1905-1985 / edited by Christos M. Joachimides, Norman Rosenthal, Wieland Schmied ; with contributions by Werner Becker ... [and others] ; co-ordinating editor, Walter Grasskamp.||3791307436|c1985.|Prestel ; Distributed in the U.S.A. by Neues Pub. Co.,|Art German 20th century Exhibitions, Art German Exhibitions|acbk|canf|NA|cen|2017-09-01T00:00:00.000|1
3238144|Pete the cat and the treasure map / by James Dean.|Dean, James, 1957-|0062404415, 9780062404411|[2017]|HarperFestival, an imprint of HarperCollinsPublishers,|Cats Juvenile fiction, Pirates Juvenile fiction, Treasure troves Juvenile fiction, Buried treasure Juvenile fiction, Sea monsters Juvenile fiction, Cats Fiction, Pirates Fiction, Treasure troves Fiction, Buried treasure Fiction, Sea monsters Fiction|jcbk|ncpic|NA|col|2017-09-01T00:00:00.000|1
1846744|Aleksandr Rodchenko / Magdalena Dabrowski, Leah Dickerman, Peter Galassi ; with essays by Aleksandr Lavrentʹev and Varvara Rodchenko.|Dabrowski, Magdalena|0810961873|1998.|Museum of Modern Art,|Rodchenko Aleksandr Mikhailovich 1891 1956, Photography Artistic|acbk|canf|NA|cen|2017-09-01T00:00:00.000|2
449282|Musica da camera [music]|Moevs, Robert, 1920-2007||[1968]|Piedmont Music Co.; sole selling agent: Marks Music Corp., New York|Instrumental ensembles Scores|acmus|camus|NA|cen|2017-09-01T00:00:00.000|1
1101468|Kantate Nr. 212, Mer hahn en neue Oberkeet [music] : (Bauern-Kantate) (BWV 212) / Bach.|Bach, Johann Sebastian, 1685-1750||[19--]|Breitkopf & Härtel,|Cantatas Secular Vocal scores with piano|acmus|camus|NA|cen|2017-09-01T00:00:00.000|1
3126062|Sweet ruin / Kresley Cole.|Cole, Kresley|1451649975, 9781451649970|2015.|Gallery Books,|Vampires Fiction, Paranormal romance stories|acbk|cafic|NA|cen|2017-09-01T00:00:00.000|2
2903335|Paleo cooking from Elana's pantry : gluten-free, grain-free, dairy-free recipes / Elana Amsterdam ; photography by Leigh Beisch.|Amsterdam, Elana|1607745518, 9781607745518|c2013.|Ten Speed Press,|High protein diet Recipes, Prehistoric peoples Nutrition, Cooking Natural foods, Cookbooks|acbk|canf|NA|cen|2017-09-01T00:00:00.000|2
3146689|A gathering of shadows / V.E. Schwab.|Schwab, Victoria|0765376474, 9780765376473|2016.|Tor,|Magic Fiction, Contests Fiction, Fantasy fiction, Science fiction|acbk|nanew|NA|bal|2017-09-01T00:00:00.000|1
2127084|Pimsleur language programs. Spanish 1 A [sound recording] : the complete course.||0788797581|1998.|Simon and Schuster Audio [producer] : Recorded Books [distributor],|Spanish language Sound recordings for English speakers, Spanish language Self instruction|accd|nanf|NA|nga|2017-09-01T00:00:00.000|2
2850292|Pokupal baran baranki / khudozhnik, Boris Trzheme︠t︡skiĭ.||5389031768, 9785389031760|2012.|"""Makhaon"","|Childrens poetry Russian Juvenile literature, Russian language materials|jcbk|ccln|NA|cen|2017-09-01T00:00:00.000|1
3170881|Same but different : teen life on the autism express / Holly Robinson Peete, Ryan Elizabeth Peete, RJ Peete.|Peete, Holly Robinson, 1964-|0545094682, 9780545094689|2016.|Scholastic Press,|Autistic children Juvenile fiction|acbk|nyfic|NA|glk|2017-09-01T00:00:00.000|1
1274604|The William S. Paley collection / William Rubin, Matthew Armstrong.|Museum of Modern Art (New York, N.Y.)|0870701703|c1992.|Museum of Modern Art : Distributed by Harry N. Abrams,|Paley William S William Samuel 1901 1990 Art collections Exhibitions, Museum of Modern Art New York N Y Exhibitions, Art Modern 19th century Exhibitions, Art Modern 20th century Exhibitions, Art Private collections New York State New York Exhibitions|acbk|canf|NA|cen|2017-09-01T00:00:00.000|1
3199176|Let the circle be unbroken / Mildred D. Taylor.|Taylor, Mildred D.|1101997540, 9781101997543|2016.|Puffin Books,|Logan family Fictitious characters Taylor Juvenile fiction, African Americans Juvenile fiction, Mississippi Juvenile fiction|jcbk|ncfic|NA|lcy|2017-09-01T00:00:00.000|1
2979627|Kedamiha Letibeb Feriha / ʾAbā Mātéyās Desta.|Aba Matthias Desta.||2000.|[Multicultural Books, distributor],|YaItyopya ortodoks tawahedo b‚ta kerestiyan, Ethiopian Orthodox Tewahedo Church, Christianity Ethiopia, Christian education Ethiopia|acbk|caln|NA|cen|2017-09-01T00:00:00.000|1
2664280|Suburban nature [sound recording] / Sarah Jaffe.|Jaffe, Sarah, 1986-||p2010.|Kirtland Records,|Popular music 2001 2010|accd|cacd|NA|cen|2017-09-01T00:00:00.000|2
3255663|Wild Kratts. Panda-monium / PBS Kids ; a Kratt Brothers Company/9 Story Entertainment production.||1531700233, 9781531700232|[2017]|PBS Distribution,|Giant panda Juvenile films, Animated television programs, Childrens television programs, Educational television programs, Television series, Video recordings for the hearing impaired|jcdvd|ncdvd|Floating|hip|2017-09-01T00:00:00.000|1
2277393|Inside the kingdom [text (large print)] : my life in Saudi Arabia / Carmen Bin Ladin.|Bin Ladin, Carmen|0786270675|2004.|Thorndike Press,|Bin Ladin Carmen, Women Saudi Arabia Biography, Large type books|acbk|cs1malp|NA|cen|2017-09-01T00:00:00.000|1
625870|Company of adventurers / Peter C. Newman.|Newman, Peter Charles|0670803790, 0670808776|1985-<1991 >|New York, N.Y., U.S.A. : Viking,|Hudsons Bay Company, Fur trade Northwest Canadian History, Northwest Canadian History|acbk|canf|NA|cen|2017-09-01T00:00:00.000|1
3204834|Ghosts and goblins and ninja, oh my! / by Walker Styles ; illustrated by Ben Whitehouse.|Styles, Walker|1481463063, 1481463071, 9781481463065, 9781481463072|2016.|Little Simon,|Mystery and detective stories, Detectives Fiction, Dogs Fiction, Animals Fiction, Martial arts Fiction, Dogs Juvenile fiction, Animals Juvenile fiction|jcbk|ncef|NA|nhy|2017-09-01T00:00:00.000|1
2444175|The rough guide to world party [sound recording].|||p2007.|World Music Network,|Popular music, World music|accd|cacd|NA|cen|2017-09-01T00:00:00.000|1
2877476|Maria's story [videorecording] / a Camino Film Projects production in association with Channel Four Television ; produced by Pamela Cohen and Catherine M. Ryan ; directed by Monona Wali and Pamela Cohen.||1604863226, 9781604863222|c2010.|PM Press,|Serrano Mar¡a, Women guerrillas El Salvador Chalatenango Department Biography, El Salvador History 1979 1992, El Salvador Politics and government 1979 1992, Guerrillas El Salvador Chalatenango Department Interviews, Frente Farabundo Mart¡ para la Liberaci¢n Nacional, Documentary films, Biographical films, Nonfiction films, Feature films|acdvd|nadvdnf|Floating|qna|2017-09-01T00:00:00.000|1
3038971|Hesitant alien [sound recording] / Gerard Way.|Way, Gerard||[2014]|Reprise,|Rock music 2011 2020|accd|cacd|NA|cen|2017-09-01T00:00:00.000|1
2762453|Time for a hug / Phillis Gershator & Mim Green ; illustrated by David Walker.|Gershator, Phillis|1402778627, 9781402778629|2012.|Sterling Pub. Co.,|Stories in rhyme Juvenile fiction, Hugging Juvenile fiction, Rabbits Juvenile fiction|jcbk|ncpic|NA|lcy|2017-09-01T00:00:00.000|1
3104204|First grade dropout / written by Audrey Vernick ; illustrated by Matthew Cordell.|Vernick, Audrey|0544129857, 9780544129856|[2015]|Clarion Books/Houghton Mifflin Harcourt,|Schools Juvenile fiction, Embarrassment in children Juvenile fiction, Schools Fiction, Embarrassment Fiction, Humorous stories|jcbk|ncpic|NA|bro|2017-09-01T00:00:00.000|1
3164323|Pound puppies. Showstopping pups [videorecording] / Hasbro Studios.|||[2016]|Shout Factory,|Puppies Juvenile drama, Animal shelters Juvenile drama, Dog adoption Juvenile drama, Animated television programs, Childrens television programs, Fiction television programs, Television series|jcdvd|ncdvd|Floating|wts|2017-09-01T00:00:00.000|1
1633614|La barbarie à visage humain / Bernard-Henri Lévy.|Lévy, Bernard-Henri|2253037400|[1985]|Grasset,|Socialism History, Power Social sciences, Totalitarianism|acbk|caln|NA|cen|2017-09-01T00:00:00.000|1
2657586|Once upon a baby brother / Sarah Sullivan ; pictures by Tricia Tusa.|Sullivan, Sarah|0374346356, 9780374346355|2010.|Farrar, Straus, Giroux,|Storytelling Juvenile fiction, Creative writing Juvenile fiction, Brothers and sisters Fiction, Babies Fiction|jcbk|ncpic|NA|lcy|2017-09-01T00:00:00.000|1
3166125|Rookie blue. The complete third season [videorecording] / an ICF Films/Entertainment One production ; Shaw Media.||1417237961, 9781417237968|c2013.|Entertainment One,|Police Drama, Crime Drama, Television cop shows, Fiction television programs, Television series, Video recordings for the hearing impaired|acdvd|cadvd|NA|cen|2017-09-01T00:00:00.000|2
2991835|A fighting chance [sound recording]/ Elizabeth Warren.|Warren, Elizabeth|1427239169, 9781427239167|p2014.|Macmillan Audio|Warren Elizabeth, Women legislators United States Biography, Legislators United States Biography, United States Congress Senate Biography, United States Politics and government 2009, Audiobooks|accd|nacdnf|Floating|glk|2017-09-01T00:00:00.000|1
3160538|Mi vida loca [videorecording] / Cineville ; HBO Showcase ; in association with Film Four International ; produced by Daniel Hassid, Carl-Jan Colpaert ; written and directed by Allison Anders.||0783128371, 9780783128375|c2004|HBO Video,|Gangs California Los Angeles Drama, Mexican American teenagers California Los Angeles Drama, Mexican American women Drama, Mexican Americans California Los Angeles Drama, Youth Conduct of life Drama, Hispanic American teenagers Drama, Hispanic Americans Drama, Hispanic American women California Los Angeles Drama, Feature films, Fiction films, Video recordings for the hearing impaired|acdvd|nadvd|Floating|bro|2017-09-01T00:00:00.000|1
