20100101|100 Most Anticipated books releasing in 2010
20100101|10 best films of 2009 - What's on your list?
20100101|10 days of free admission at Lan Su Chinese Garden to celebrate their 10th birthday
20100101|10 PlayStation games to watch out for in 2010
20100101|10 resolutions for a Happy New Year for you and your dachshund
20100101|10 Tips to a healthy diet that works
20100101|10 tips to avoid the drive-thru and encourage weight loss
20100101|10 trends to end in 2010
20100101|11 year-old girl and 15 year-old boy accused of attempting to kill mother: Who is the adult?
20100101|12 Days of Rotoff: Vijay Singh
20100101|12 New Year's resolutions for better eating
20100101|14 Hours of Energy Conference
20100101|2009 Entertainment farewells
20100101|2009 in Review: Lacrosse inches into the mainstream
20100101|2009 Review: Climategate to Copenhagen Part I
20100101|2009's best pet moments for me
20100101|2009 Sprint Cup season in review: Clint Bowyer
20100101|'2009: The Year in Viral Videos, a Retospective' covers all the bases (with funny video)
20100101|2009 Top 10 Christian Fiction Atlanta Based Authors Announced
20100101|2009 was Adam Lambert's year to star: 2010 should be bigger (video & slide show)
20100101|2009 was a year of great tunes and great shows
20100101|2009 Weather Highlights
20100101|2010
20100101|2010 and beyond, beyond ...
20100101|2010, A New Year and a new decade dawns: What dreams will come, what will we do?
20100101|2010; a space fairy tale
20100101|2010 - A Whole New Year
20100101|2010: A year of races ... GOP Gov. race
20100101|2010 ball drop video from Times Square - Happy New Year 2010!
20100101|2010 California fishing license: No Wear initiative, voluntary Warden Stamp, Delta Bay Stamp gone
20100101|2010 California restaurant law: No more trans fats in restaurant cooking
20100101|2010: Challenge yourself to save money
20100101|2010 coupon schedule is now available for you to plan your newspaper purchases
20100101|2010 fitness trend: get fit with Wii Fit
20100101|2010 Grammy Awards: Best Contemporary R&B Album prediction & analysis
20100101|2010 Heavy Music Preview
20100101|2010 - How do you say it, 'twenty ten' or 'two-thousand ten'?
20100101|2010 is the Year of the Tiger
20100101|2010 make it your best year ever!
20100101|2010 New Year resolutions for dog owners
20100101|2010 New Year's Resolution: Attend the Benson's Flea Market and Antique Show
20100101|2010 NLL preview: Philadelphia Wings
20100101|2010 Pierce County elections - County level
20100101|2010 Predictions by Post Road Advisors
20100101|2010 Scholarship Listings
20100101|2010's first Pop of King gives us the author's 10 best movies of 2009
20100101|2010's first UFC event to be held Saturday
20100101|2010: The future is here and I want my money back!
20100101|2010: The Top 5 Albums of the past Decade - Nico Stai
20100101|2010 volunteer vacations and opportunities in Arizona
20100101|2010 Wardrobe Essentials: Platform Sandals and Flats
20100101|3 mistakes to avoid when making weight loss resolutions
20100101|3 steps to turn your resolution into results
20100101|4 Winter cycling products to keep you warm and dry
20100101|5 clean recipes to start the New Year
20100101|5 days of Disney on Ice in Long Beach, CA
20100101|5 New Year resolutions for teen parents
20100101|5 Penguins named to Olympic rosters
20100101|5 simple New Year's resolutions you can keep
20100101|5 Tips to credit card identity theft prevention
20100101|5 ways to save $500 in 2010
20100101|60 second success tip: blind marching band leads the way
20100101|80stees com - shop for retro super hero garb
20100101|8 Job search resolutions for 2010
20100101|8-month-old Arizona boy Gabriel Johnson still missing after mother's arrest in Miami Beach
20100101|8 Tips to refresh your relationship in the New Year
20100101|Aamir Khan's 3 Idiots breaks all box office records, earns Rs.100 crores in 4 days - watch online
20100101|A better you equals better prospects
20100101|A Black Tie Affair
20100101|A broken rosary
20100101|Acer unveiling laptop at CES 2010 with new Intel Technology and boasting a 10 hour battery
20100101|ACLS classes in central and eastern Virginia - updated January 1, 2010
20100101|A College Students Guide To Disney World: Hollywood Studios
20100101|A connection that's ... Thicker than Blood
20100101|A cool wet December for most of California
20100101|A cynics look back
20100101|Adam Lambert flashed by Pamela Anderson on New Year's Eve: Nude breast a free show - photo
20100101|Adam Lambert Gridlock performance on New Year's Eve (video)
20100101|Adam Lambert is stylish and 'shiny' at Gridlock's New Year's Eve Bash (photo slideshow and video)
20100101|Adam Lambert on New Year's Eve: No New York TV, see his LA Gridlock performance here (video)
20100101|Adam Lambert performing at Gridlock ( watch video here ) Sleepwalker
20100101|Adam Lambert rocked the red carpet and stage at Gridlock New Year's Eve party (photos, video)
20100101|Adam Lambert too risky for Rockin' New Year's Eve, but Jennifer Lopez's outfit outrageous (video)
20100101|A Decade in Flames - Top 10 Moments
20100101|A decade of indie
20100101|A decade of unforgettable designers
20100101|A delicious dip recipe - spinach and parmesan cheese
20100101|A different take on 2009
20100101|Aerial fireworks display from the back yard
20100101|A few more changes that yield big results - part 3
20100101|A few New Year's resolutions for the Bucs
20100101|Afghan suicide bomber update: CIA revenge, Afghan National Army, invited on Afghanistan base (video)
20100101|A green pet
20100101|A harried experience of traveling with Fido during the Christmas rush
20100101|A healthy New Year
20100101|A highlight of what happened in the transportation industry in 2009
20100101|Air Force uses ground attack to beat Houston in Armed Forces Bowl
20100101|Airline delays on the tarmac - the rules are changing
20100101|Airport pat-downs not effective
20100101|A law enforcement officer is asked to predict the future of medical marijuana in Colorado for 2010
20100101|Albania: Prime Minister Sali Berisha is the most successful leader in Europe
20100101|Albuquerque palmist forecasts 2010 for writers
20100101|Alfred Hitchcock thrillers Sundays on BBC
20100101|Alganon state of the game - December
20100101|Al Hoang Inauguration Reception
20100101|A life coach can help you make those New Year's resolutions come true
20100101|A life lesson for Tiger
20100101|Aliso Creek restoration stakeholders hoping for federal stimulus dollars
20100101|All-Day New Years Brunch at Goose Island Clybourn
20100101|A look at a Taliban New Year
20100101|A look back at 2009's cancelled TV shows and a glimpse ahead at what 2010 holds in store
20100101|Alternative healing for horses? How about a magnet!
20100101|Amanda Knox conviction leads to Seattle scrapping 'Perugia' as name for new park
20100101|A Medieval Themed Wedding part 2 The Wedding Apparel on Wedding Fashion Friday!
20100101|Americana Vineyards and Crystal Lake Cafe: Wine Tasting on Lake Cayuga in the Finger Lakes Region
20100101|'American Idol:' Adam Lambert chats with reporters before performance
20100101|'American Idol:' Kris Allen hits up Las Vegas
20100101|'American Idol:' see Adam Lambert's New Year's Eve performance
20100101|American Idol's new season
20100101|Amo Joy tour begins today
20100101|A Multicultural Celebration of New Years in Washington DC
20100101|Anatomy of a couple squabble that could have become a war
20100101|A new God both Atheists and Theists can believe in
20100101|A new idea for your vacation - voluntourism
20100101|A New Year and a new slate
20100101|A new year, a new location
20100101|A new year fresh start with free on demand yoga
20100101|A new year in gaming
20100101|A New Year's Resolution Diet Primer
20100101|A New Year's resolution for activists
20100101|A New Year's Resolution for an Allergy-Friendly Year
20100101|A New Year's resolution to get your art degree at a school in Austin
20100101|Angeleana M. Walker is missing girl in Spokane, Washington
20100101|Angelina Jolie wins title of 'Beauty Icon of the Decade' in the U.K.
20100101|An interview with Minnesota homeschool mother and author Erica Vetsch
20100101|Annual New Years 'Twilight Zone' marathon on the Syfy channel
20100101|Another outstanding effort wasted in loss to Lakers
20100101|Anticipating new fiction books in 2010
20100101|Antiques & auction marketplace predictions for 2010
20100101|ANTM winner Whitney Thompson takes on Crystal Renn in plus-size model market
20100101|An updated history of San Francisco climate
20100101|Aoke breaks Hirato arm (video), not for the weak of heart
20100101|A Perfect Ten ...
20100101|A positive attitude creates positive pet grooming
20100101|Apple Boot Camp users frustrated over Windows 7 support delay
20100101|Apple Pancake- a weekend treat
20100101|Arctic air locks in over region; Lake effect snow warning for northern Indiana and SW Michigan
20100101|Are fights over food & nutrition the number one cause that sends gals to abused spouses shelters?
20100101|Arenas, Crittenton pull guns Christmas Eve
20100101|Aren't Coaches supposed to be teachers?
20100101|Are there more bacteria on blown-on birthday cakes and in machine-made ice than in toilets?
20100101|Arizona Republican Party wants no change: McCain again?
20100101|Arizona's resurrection Mary
20100101|Arizona Wildcats fall to USC in Pac-10 basketball opener
20100101|Armored
20100101|Arrest and release Rabbi Meir Kahane grandson for West Bank mosque fire
20100101|Arrests made by Ecorse police in drug-related killing of Keon Butcher
20100101|'Art After Five' at the Philadelphia Art Museum
20100101|Artists to keep an eye on in 2010
20100101|Ashley Jo Beach
20100101|As of today, Mayo Clinic in Arizona drops most Medicare patients
20100101|Assessing Obama's 2009 foreign policy: time for him to walk the talk
20100101|As temperatures fall, so do room rates at The Colonnade Hotel, Boston
20100101|As the pendulum swings ...
20100101|ATA-CODEGA offer driver training materials
20100101|A tale of two Presidents
20100101|A toast to J.R.R. Tolkien for his January 3 birthday - author of faith-based Lord of the Rings
20100101|A Travel Photographer's New Year's Resolution for 2010
20100101|Attempted bombing of airplane highlights 'Security Illusion'
20100101|AT&T joins Gillette, Gatorade, Tag Heuer, and Accenture in cutting or scaling back sponsor deals
20100101|Attorney general opines that electronic communications by elected officials are public record
20100101|Auburn squeeks by Northwestern in wild Outback Bowl 38-35 (OT)
20100101|Auditions for Arkansas Shakespeare Theatre announced
20100101|Audrina Patridge's obsessed fan sentenced to community service
20100101|Au pairs 101: Au pair phone interview questions, part II
20100101|Austin Theater Examiner Award Winners
20100101|Autism 2010: Keep Your Resolution to Autism
20100101|Avatar is a powerful metaphor for our own challenges
20100101|'Avatar' rings in the new year as the leader of the Friday Night Five at the box office (UPDATE)
20100101|Avoiding a (relationship) hangover
20100101|Avoid injuries while starting your New Year fitness resolution
20100101|A wake up call for Rush Limbaugh
20100101|A West Hollywood New Year
20100101|A winter dog walk at Waterbury Reservoir
20100101|Bad news for mega-pastor over this weekend
20100101|Bama wraps up phase two of practices, quotes from Arenas/Maze
20100101|Basic pork brine recipe
20100101|Basterds leads OFCS nominations
20100101|Bath time is both sacred and healthy
20100101|Bayonetta, Mass Effect 2 and Army of Two: The 40th Day highlight January releases
20100101|BBC offers fashion reality with a twist on Britain's Missing Top Model
20100101|BCS works at New Year's Day's expense
20100101|Beat Cabin Fever with Free Nature Hikes
20100101|Become Facebook friends with the City of Longmont's Fire, Police and Office of Emergency Management
20100101|Beef stroganoff recipe
20100101|Behold! Understanding the Tower of Babel
20100101|Being able to withstand the storms of the coming years
20100101|Benjamin Bratt to guest star on Modern Family
20100101|Bensalem pigeon shoot highlights need for new law in Pennsylvania
20100101|Best and worst pet scenarios of 2009
20100101|Best beauty bet? Kale!
20100101|Best films of the decade
20100101|Best free office productivity websites
20100101|Best life 2010, Or, using your feelings for a change
20100101|Best newspaper headline advice for Las Vegas Valley heading into 2010
20100101|Best of 2009 Grooming the Groom winners
20100101|Best video games of 2009
20100101|Better than a New Year's Resolution: Keeping a journal: Healthy living journals
20100101|Beverly Hills Chihuahuas bound for Boulder
20100101|BHO's INTERPOL executive order harmless?
20100101|BIG CLUB; BIG HEART THE CLUB FITNESS CENTER FOR WOMEN OFFERS 2010 DISCOUNTS FOR WOMEN WITH CANCER
20100101|Biggest Loser Erik Chopin loses weight and regains health on 'Confessions of a Reality Show Loser'
20100101|Big gluten-free news of 2009
20100101|Blackwater case tossed by judge
20100101|Blackwater charges dismissed
20100101|Black Writers' Guild kicking off New Year with writing workshop at Forest Park library
20100101|Blame BET's Top 100 video list on Jamie Foxx
20100101|Blaming Barack Obama for eight years of George W.Bush
20100101|Blasted in Guatemala
20100101|Blazers without two more players as they host Warriors
20100101|Bloody good Marys to be found at Max's Tavern by the Basketball Hall of Fame
20100101|Bloomberg, Liu, de Blasio to be sworn in
20100101|Bloomberg sworn in for historic third term; outlines policy agenda
20100101|Bloomberg to push for immigration reform in third term
20100101|Blue Moon - Lunar eclipse - 2009
20100101|BMW introduces the ActiveE at the Detroit Auto Show, but what would 'The Jetsons' do?
20100101|BMW recalls some F650 and F800GS bikes
20100101|Bobby Bowden retires after bowl win, Florida State v West Virginia
20100101|Bobby Orr drops puck at 2010 Winter Classic, US Hockey Team 2010 announced
20100101|Bombing raises questions of concern
20100101|Bomb sniffing dogs at airports and traveling with a cat
20100101|Book launch party for Veracity
20100101|Book Review: Cleopatra's Daughter
20100101|Book Review: Rowan Williams, 'thought provoking book, matters of the heart for lay people, too'
20100101|Boomer generation grandparents flock to 'It's Complicated'-leave with aching sides & raised spirits
20100101|Boozing it up amid the pyramids in Cairo
20100101|Borders offers a new chapter in the story for 2010
20100101|Boxing News for the weekend of January 1
20100101|Boxing pound-for-pound: January 2010
20100101|Boy Scout float wins National Award in 2010 Tournament of Roses Parade
20100101|Breakfast - the most important meal for weight loss
20100101|Breaking News: James Ray International Event Matrix
20100101|Breaking news: One teen dead one in critical condition in apparent double-suicide attempt in Burien
20100101|Breaking the myths can save you money on your energy bill in 2010
20100101|Breed spotlight: the ragdoll
20100101|(Br)ew Year's resolutions
20100101|Bring it on, 2010
20100101|British Columbia to ring in the 2010 New Year, hands free
20100101|Brittany Murphy's dog breed the Maltese
20100101|Broadway celebrates New Year's Eve
20100101|Brooke Mueller reportedly okay with Charlie Sheen restraining order
20100101|Brown recluse spiders: Not as dangerous as you think!
20100101|Browns claim Titus Adams off waivers, Eric Mangini's obsession with Patriots continues
20100101|Bruce Springsteen: Will he fire producer for working with Madonna?
20100101|Bruins upset the Flyers at Fenway
20100101|B-Sens send Lowry back to Elmira
20100101|Budgeting quick cash: Find extra money in your budget right now
20100101|Buenos Aires the Paris of South America
20100101|Burning Man new art grant application process for 2010
20100101|Business words to banish in education for 2010
20100101|But of course: A course on the Game of Life
20100101|Buttermilk pancakes
20100101|Butternut Squash Soup popular with weight-loss enthusiasts after New Years Day
20100101|Buy one suit, get two absolutely free at Jos. A. Bank ends tomrorrow
20100101|Cablevision drops Food Network and HGTV
20100101|Cablevision loses Food Network, HGTV, still available online, iPhone
20100101|Call them opportunities, not resolutions! part 2
20100101|Cal-Stanford men basketbal slideshow
20100101|Can't-miss soccer articles start the new year
20100101|Capital One Bowl game thread, Penn State and LSU in top non-BCS game
20100101|Captain Chesley 'Sully' Sullenberger grand marshall of Rose Bowl Parade; begins media tour
20100101|Cardinals likely to face Green Bay Packers two consecutive weeks: NFC playoffs start next week
20100101|Carpet freshener - make your own (MYO)
20100101|Casey Anthony gets special holiday meal to ring in the New Year
20100101|Cayenne a fiery wonder spice
20100101|Celebrate 2010 with a traditional New Year's Day meal of pork and sauerkraut
20100101|Celebrities share their New Year's resolutions
20100101|Celebrity hangover cures: Hollywood stars suggest how to avoid turning green the morning after
20100101|Celebrity M.D. reveals secret to speed up metabolism and win your battle of the bulge (no gym!)
20100101|Celebrity New Year's Resolutions: Stars gather their goals for a Happy New Year 2010
20100101|Census Bureau seeks 2,000 for Las Vegas Census jobs paying $14-$20/hour
20100101|CES 2010 general info
20100101|Change in trend of where to stash your cash
20100101|Charleston's ABC News 4 gets it wrong on 'assault weapons'
20100101|Charlie Sheen and Brooke Mueller want partial restraining order: Wants court order changed
20100101|Charlie Sheen did not attempt to bribe Brooke Mueller
20100101|Charlie Sheen may have to pay $1 million to keep his marriage
20100101|Charlie Sheen's alleged assault on Brooke Mueller could hurt syndication deal
20100101|Charlie Sheen's wife wants back in
20100101|Chick Lit financial self improvement with Marianna Olszewski
20100101|Child abuse prevention groups still making noise against Townshend
20100101|Children and abuse
20100101|Chilly, dry weather welcomes 2010 to South Florida
20100101|China's ties with Iran is hurting US and EU interests
20100101|ChocoLate Coffee in Atlanta, GA: To Your Tastes
20100101|Chocolate oatmeal cookies sweetened with agave nectar
20100101|Choose goals over New Year's resolutions
20100101|Chris Cornell announces Soundgarden reunion for 2010
20100101|Christian Writing 101: How can I better manage my time?
20100101|Christina Aguilera hosts Tao @ Venetian & Nicole Richie hosts Lavo at the Palazzo's New Year's Eve
20100101|Christmas is over - now what?
20100101|Christmas terror suspect: security compromised, signs, signals overlooked?
20100101|Chutney Turkey Burgers- a spicy, low-fat start to the New Year
20100101|Chuy's Restaurant review
20100101|Cincinnati Bengals' top five most memorable games from the decade
20100101|Cleaning, tossing, and analyzing your makeup
20100101|Climate Change 101: I can see Canada from my California spa!
20100101|Cold temperatures in store first week of 2010
20100101|Cold weather calls for comfort food
20100101|Cold weather Thursday night a preview of weekend weather
20100101|College Football Morning Buzz - January 1, 2010
20100101|Colorado 'Regulate Medical Marijuana' Act has new version
20100101|Comcast SportsNet Philadelphia Offers Streaming Service of Sixers Games
20100101|Comparing London's ambitious 100,000 electric vehicle's ASAP plan to U.S. EV plans
20100101|Complete 2010 Grammy Awards coverage: Analysis, predictions & features
20100101|ComputerTraining edu closes without refunding students, creates bad press for Microsoft
20100101|Congratulations to my colleague, Randy Montgomery!
20100101|Connecticut winter vacation guide #3: Ice skating
20100101|Conservative New Year's resolutions
20100101|Continue to party, party, party at Red Emma's!
20100101|Controversy surrounds the choice of USA men's olympic hockey team
20100101|Cooking 101, salt part 1: what it is, where it comes from, what it's good for
20100101|Could Kate Gosselin's new reality show be a dating show?
20100101|Country Weekly magazine celebrates 15 years of covering country music with special collector issue
20100101|'Cowboy' Bill Watts speaks on the passing of 'Dr. Death' Steve Williams
20100101|Crabby resolves: a 2010 Crabby Kickoff
20100101|Crist's Tailspin: Demember polls place Rubio with larger, growing lead than Crist over Democrat Meek
20100101|Cross country skiing comes to the Midwest update
20100101|Cubs fly in another direction for center field
20100101|Cuckoo Heads at Koko Head, Oahu, Hawai'i
20100101|Curvy hot, twiggy not: Kate Winslet voted most attractive celebrity
20100101|CVS 77% savings: week ending 01/01/2010 Results
20100101|Cyclones hold off Gophers 14-13 in Insight Bowl
20100101|Dakar 2010 - KTM's Coma and Despres off to conquer world's most challenging rally
20100101|Dallas Cowboys can still get playoff bye and second seed
20100101|Dallas-Fort Worth 2009 weather summary: Quite a year
20100101|Dallas Mavericks lose to Houston Rockets, 97-94
20100101|Dancing makes the heart healthy
20100101|Dancing With the Stars: Kelly Osbourne swims with the dolphins in Hawaii
20100101|'Dancing With the Stars:' Samantha Harris, Mya share New Year's resolutions
20100101|Darwin film too controversial to be shown in the United States
20100101|Dating advice for those looking for love online in the New Year
20100101|Dating a stereotype for ladies
20100101|David Archuleta wows his fans at Brut Sun Bowl performance and meet and greet
20100101|DawgHugger's Tail Waggers First wag for 2010
20100101|Daytona International Speedway
20100101|Dayton faces Lobos in The Pit
20100101|DC Restaurant week winter 2010 menus and promotion extentions roundup
20100101|Deadliest Catch greenhorn Joshua Tel Warner arrested for 3 bank robberies
20100101|'Deadliest Catch' participant arrested for bank robbery
20100101|'Deadliest Catch' star gets caught robbing banks
20100101|Dec 31, 2009 news recap: AT&T hangs up on Tiger, memorable 2009 headlines, new film about Foxy Knoxy
20100101|Decade's #3 worst skepticfail: Propaganda and fake news
20100101|Delle Donne, Devlin, and Muir carry 2009 expectations to 2010
20100101|Demons a modern day Dracula story on BBC America
20100101|Denver City Council first reading on medical marijuana regulation bill
20100101|DEP unveils new state parks history web site to celebrate 75th anniversary
20100101|Des Moines Restaurant Examiner's Top Five Restaurant Visits of 2009
20100101|Detective Conan
20100101|Determining the importance of an internet presence
20100101|Detroit Lions still have an outside shot at first overall pick
20100101|Development, land use decisions important in determining transportation mode-choice mix
20100101|Dick Clark rocks in 2010: His 37th year in Times Square
20100101|Dick Clark's New Years Eve: How old is Dick Clark in 2010?
20100101|Dick Clark's 'New Years Rockin' Eve' kicks off 2010 despite countdown flub (video)
20100101|Dick Clark the man behind the Times Square television specials makes an appearance on Broadway
20100101|Diet budget friendly; low fat blueberry bran muffins
20100101|Diet budget friendly; veggie and lentil soup
20100101|Diet plans for the new year: Kim Kardashian's resolution
20100101|Diet Resolutions for 2010 to help with depression and anxiety
20100101|Differences in imaginary companions between boys and girls
20100101|Digital camera tricks for artistic results
20100101|Dilution Methods
20100101|Discover the Holy Quran, Surah 29. Al-'Ankabut (The Spider) Verses 1-23
20100101|Discover the Holy Quran, Surah 29. Al-'Ankabut (The Spider) Verses 24-44
20100101|Discover the Holy Quran, Surah 29. Al-'Ankabut (The Spider) Verses 45-69
20100101|Discover the Holy Quran, Surah 30. Ar-Rum (The Romans, The Byzantines) verses 1-32
20100101|Discover the Holy Quran, Surah 30. Ar-Rum (The Romans, The Byzantines) verses 33-60
20100101|Discovery Health Channel kicks off 2010 with New Year, New You and 'Half-Ton Teen'
20100101|Disney World's Give a Day, Get a Day
20100101|District Love: Dating and (rotten?) apples; where to begin in 2010?
20100101|Divorce, love and a light hearted thought
20100101|DJ alert: Bob Sinclar comes to The Venue
20100101|Dog-friendly gym, Fit Bernal Fit, wins PETA award for 'Most Progressive Fitness Center 2009'
20100101|Dominoes tells Snooki from Jersey Shore shore that her 15 minutes of fame are up
20100101|Domino's Pizza slams Jersey Shore's Snooki: 'Tick tock ... her 15 minutes are almost up!'
20100101|Domino's Pizza versus Jersey Shore's Snookie
20100101|Do more with less in 2010
20100101|Don't let your holiday wish list go unanswered
20100101|Don't waste your time at Town of Islip's Winter by the Bay
20100101|Doors News Patti Smith/Ray Manzarek/John Densmore
20100101|Double Billing: The Writer and The Artist
20100101|Do you garden organically? Try organic house cleaners, too!
20100101|Do you know the way to San Jose?
20100101|Drake Records Song With Jay-Z for upcoming album
20100101|Dr. James Dobson to host new radio program with son Ryan
20100101|DVD release: Parents with older kids should check out '9'
20100101|DWI forklift driver destoys hundreds of cases of booze (video)
20100101|Ear coning is an age old remedy to remove excess ear wax relieve sinus problems
20100101|Early 2010 restaurant openings around Philadelphia
20100101|Eating healthy on a budget: Fruits and vegetables
20100101|Eat more vegetables: cabbage-cheese soup recipe
20100101|EBay Predictions 2010
20100101|E.B. Williams funeral arrangements announced
20100101|Economy: Russia's and China's steel production increased 37- 42%
20100101|Egyptian police continue violence
20100101|Elective Control: Advent
20100101|Ellen Tsay into winter nationals finals
20100101|End of year truth in justice for West Memphis Three, none since 1993
20100101|End Segregation in Alabama - Bryce Hospital sale offers a golden opportunity
20100101|Enfield Town Council to honor local golfer Bob Linn
20100101|Enjoy better health in 2010: resolve to set smaller, more reasonable goals
20100101|Enter 2010 - a new Renaissance period
20100101|Entertainment New Year's Resolution List - and a cool New Year 2010 video
20100101|Enter your healthy recipe in the Contessa New Year's Resolution Healthy Recipe Contest!
20100101|Ephesians 2:8-10: Tim Tebow chooses Ephesians 2:8-10 for Sugar Bowl
20100101|Equestrian units step proudly in 2010 Rose Parade
20100101|Eric Berry to enter draft as highest rated safety prospect
20100101|Eric Berry will not return for his senior season at UT
20100101|Erik Gates of Mythbusters dies at 47
20100101|Establishing personal prosperity in 2010
20100101|Event: Cuba: What Everyone Needs to Know
20100101|Examiner com 2009 MMA Awards: Fighter of the year
20100101|Examiner com Baseball Hall of Fame balloting: No one receives enough votes for enshrinement
20100101|Examiner com baseball writers keep Hall doors closed in 2010
20100101|Examiner reader asks Christians to reconsider Jesus as a 'human being'
20100101|Examples of horse whispering
20100101|Excellent New Year's Resolution: Be Out There
20100101|Exercise recommendations for individuals with arthritis
20100101|Experts forecast Fantasy Week 17
20100101|Explaining that Canadian word 'prorogue'
20100101|Extreme training resolutions for 2010
20100101|Eyes of Texas will be on Pats and Texans
20100101|eze
20100101|Fabulous Baker Boys - New Year's Day movie?
20100101|Facebook and Tweet your way to rocking resolutions
20100101|Facebook, Twitter, Myspace; social media overtakes porn
20100101|Fact or fiction: Robert Pattinson doesn't shower?
20100101|Faith in action: Rev Hans bikes the USA as compassionate ministry
20100101|Fall of the Republic and the Global Warming Scam
20100101|False alarm! Van Morrison baby report a hoax
20100101|Family-fun activities for your Scottsdale Arizona vacation Part II
20100101|Family fun: Request free tickets to The Wonder of Physics Show now
20100101|Family stories about Admiral Baker of wartime and golfing fame
20100101|Fantabulous finds!
20100101|Fargo rallies past Team USA
20100101|Farmer's Almanac best days for January: cleaning
20100101|Fashion entertainment for January 1, 2010. National Hangover Day
20100101|Fashion models needed
20100101|Fashion Spotlight Slideshow: First Lady Michelle Obama
20100101|Fashion trends in 2010: Take a fashion cue from the Spring/Summer 2010 fashion week runways
20100101|FBI Academy graduates Galveston County deputy
20100101|Fiesta Bowl preview part one: TCU's special teams vs. Boise State's
20100101|Fiesta Bowl preview part three: TCU's QB and receivers vs. Boise State's secondary
20100101|Fiesta Bowl preview part two: TCU running backs vs. Boise State's front seven
20100101|Fight calendar: January's local boxing schedule
20100101|Fights that need to happen in 2010
20100101|Final Rams-49ers injury report; Singletary post-practice transcript
20100101|Financial resolutions for the New Year
20100101|Finding a yoga teacher
20100101|Finding the right athletic shoes for your foot type
20100101|Find the season's hottest learning toys in Cosmotot's Jolly Holiday Guide
20100101|Fire at Indian Nuclear centre raises worries about the country's nuclear program
20100101|Fired Mike Leach Texas Tech accolades and credentials
20100101|First and last ten years of this new millennium
20100101|First baby of 2010 born at 12:02 am in Michigan
20100101|First Day of Twenty-Ten
20100101|First half of 'FlashForward' season 1 coming to DVD Feb. 23
20100101|First Night 2010 celebration in St. Petersburg
20100101|First ride of 2010: The Sangre de Cristo Range and Skyline Drive
20100101|Five Door Hatchbacks under $15,000: Toyota Yaris vs. Chevy Aveo5 vs. Kia Rio5
20100101|Five needs for the Colorado Rockies in 2010
20100101|Five private colleges with January 15 application deadlines
20100101|Five ways to celebrate New Year's
20100101|'FlashForward' character pages hub
20100101|'FlashForward:' Goyer and Borsiczky talk about Simon Campos' morality
20100101|'FlashForward' to return to U.K. screens March 8
20100101|Fleas: a year round issue
20100101|Fleming's Happy Hour: Quality Cuisine for Less
20100101|Flight 253 Terrorist Attack: Will it Lead to Airport Full Body 'Naked' Scanners?
20100101|Florida State beats #16 West Virginia in Bobby Bowden's last game
20100101|Floyd Mayweather's Plan B: Dismantling all Hatttons
20100101|Floyd should leave the vampire act behind with the twilight of 2009
20100101|Flying high with 'Up in the Air'
20100101|FMCSA orders Arrow Trucking to secure Trucks and Trailers and Loads
20100101|Foley fire fighters respond to Gulf Shores Fire fighter home
20100101|Fondue, elegant and easy to make
20100101|Food Network's Worst Cooks in America premieres Sunday, January 3
20100101|Football bowl games schedule, New Years bowl games plus Fiesta and Orange bowls
20100101|For Atlanta Falcons, finishing strong will make them historic
20100101|Former Miss Universe Priyanka Chopra India's top brand endorser of 2009
20100101|Former SNL cast member Tracy Morgan stars with Bruce Willis in Kevin Smith film 'Cop Out' (video)
20100101|Former Texas Tech coach Mike Leach speaks to the media
20100101|Forza dev: 2010 incredibly busy year for franchise
20100101|Foundation Beyond Belief is up and running
20100101|Four Tennessee basketball players face weapons and drug charges
20100101|Franciscan Studies: St. Francis' devotion to Mary, Mother of God
20100101|Frank Mir discusses the Lesnar Effect with Stephan Bonnar, Kenny Florian on ESPN MMA Live (video)
20100101|Free e-Book of the month: Mindfulness in Plain English by Bhante Gunaratana
20100101|Free Florida Keys hour-long lectures highlight nature's delicate balance
20100101|Free Publicity Leads
20100101|Free shipping on fitness equipment
20100101|Freeze Out - 2010 - Sponsored by the Delaware Humane Society
20100101|Friday Movie Flashback: Better Off Dead
20100101|Friday Policy Plug: Interview with Georgia Governor candidate, (D) Carl Camon
20100101|Frostbite - signs, symptoms, risks and treatment
20100101|Full Body Scanners: Safety or Invasion of Privacy?
20100101|Fun Friday: East meets West in the east bay
20100101|Furthur NYE show first of many for 2010
20100101|Gallery opening @ The Hive in LA 1/9/10
20100101|Games of the Past: Shake Kids
20100101|Games of the Past: The Terminator (Sega CD)
20100101|Gaming's New Year's resolutions
20100101|Gator Bowl game thread, West Virginia and Florida State in Bobby Bowden's final game
20100101|General Hospital Weekly Wrap Up: Happy New Year!
20100101|Germany News Shorts: Berlin was the hot spot for nearly a million people on New Year's Eve
20100101|Get cooking in 2010: Portland ethnic cooking classes
20100101|Get fit for love this New Year
20100101|Get healthy for a happier and longer love life
20100101|Getting your flu shot against viral videos
20100101|Ghostbusters 3 to begin shooting this summer?
20100101|'Ghost Hunters' may film at notorious Norwich State Hospital
20100101|Gi Joe Origins, issues 8-10: fun military fantasy
20100101|Gilbert Arenas pulls gun on teammate
20100101|Give a Day Get a Disney Day program: Disney website is crashing to overwhelming response
20100101|Give a Day Get a Disney Day program gives free Disneyworld tickets with blood donation
20100101|Giving: Starting the New Year off on the right paw
20100101|Glenn Beck's New Year's Resolutions - He is such a hoot and a riot. Funny News
20100101|Global warming in the excluded middle
20100101|Gluten-free roasted potatoes: humble, healthy, heavenly
20100101|Goals
20100101|Goal setting your 2010 online income goals
20100101|Goals for the new year - notice I didn't say resolution
20100101|Gobi Lumberjacks: Atlanta's Answer to the Notorious Improv Everywhere
20100101|Going to CES? Check out the 'Follow Me' app for your smartphone!
20100101|Goodbuy 2009 at Sephora
20100101|Good Dog Agility Club interview
20100101|Good year or bad year? How can we tell?
20100101|Google logo: New Year's Day logo
20100101|Gospel music channel video awards at 7/6 c
20100101|'Gov.' John Wilder dies: Was among Tennessee's most powerful stalwarts for 36 years
20100101|Goyer and Borsiczky talk about Demetri Noh's impending doom
20100101|Greater-Seattle Weddings: Good-value Venues, Part 4 - Tibbetts Creek Manor, Issaquah
20100101|Great food at great prices, Ristorante Quartino in River North
20100101|Great Seed Catalogs for 2010!
20100101|Green Intention #1 - Reduce
20100101|Green living in the urban jungle
20100101|Greet winter with the best all-weather baby blankets
20100101|Gregory Funaro's debut novel, The Sculptor, is a thriller from beginning to the end
20100101|Groupthink: The cost of wanting to belong
20100101|Growing Broccolli and Cauliflower and other brassica varieties in Florida
20100101|Growing Wheat Grass-For a Healthy New Year
20100101|Guns in the Washington Wizards locker room?
20100101|Gwyneth Paltrow serves up 'Best Dirty Martini' recipe to 'nourish the inner aspect'
20100101|Gyro sandwich
20100101|Hailey Glassman and Jon Gosselin: Domestic violence isn't stopping
20100101|Hailey Glassman's friend dishes ugly details of her relationship with Jon Gosselin
20100101|Hailey Glassman's friends reveal Hailey is afraid of Jon Gosselin
20100101|Hamstring injuries often sideline football players
20100101|Hangover folklore in the mile high city
20100101|Hangover Helper
20100101|Hangover Party Segafredo Brickell with Complimentary Hangover cocktails 1/1/10
20100101|Happy 2010! What are your New Beer's Resolutions?
20100101|Happy Birthday J.D. Salinger!
20100101|Happy New Year!
20100101|Happy New Year!
20100101|Happy New Year!
20100101|Happy New Year!
20100101|Happy New Year
20100101|Happy New Year 2010
20100101|Happy New Year 2010
20100101|Happy New Year 2010; gadgets and technology to watch for
20100101|Happy New Year 2010 (Gregorian New Style)!
20100101|Happy new year, 2010 is here
20100101|Happy New Year 2010! Morning-after tips for post-party recovery from the worst hangover symptoms
20100101|Happy New Year 2010! Mummers Parade, New Year's Day Bowl games, Winter Classic 2010 & more
20100101|Happy New Year 2010! Time to make those New Year's resolutions
20100101|Happy New Year 2010; Top 50 Websites of 2009, by 'Time Magazine'
20100101|Happy New Year 2010! Traditional pork and sauerkraut recipe for a crock pot feast on January 1, 2010
20100101|Happy New Year - A Weekend Challenge
20100101|Happy New Year! Clear some clutter and remember the dogs in area shelters
20100101|Happy New Year: creating your happiest year ever in 2010
20100101|Happy New Year Tiger - AT & T latest sponsor to drop Woods
20100101|Happy New Year to all - A list of quotes to enjoy today!
20100101|Happy New Year to one and All!
20100101|Happy New Year - What's on your mind in terms of business development?
20100101|Have breakfast with the Gruffalo in Marshall!
20100101|Have you hugged (praised) your Au pair today? The Power of Praise
20100101|Hawaiian Tropic Zone to host UFC 108 viewing party and after-fight bash
20100101|Headlines, horseshoes and the future of newspapers
20100101|Healthy living resolution: Take a bite out of America's obesity epidemic in 2010
20100101|Heart Transplant
20100101|Heavy fog in Bangladesh kills 17, injures 40 in bus accident
20100101|Heavy lake effect snow and hazardous travel
20100101|Helping working moms get healthy in the new year
20100101|HG's EZ Cheesy Lasagna for Two
20100101|Hidden antiques treasures revealed at Mystic Seaport
20100101|Hironobu Sakaguchi gives status update on his next project
20100101|Historic Fort Mifflin one of the 11 most endangered historical sites for 2010
20100101|Historic inauguration ushers in Houston's first openly Gay Mayor
20100101|Hitting the gym in 2010? Watch out for gym germs
20100101|Homemade Graham cracker crumb crust
20100101|Hones questionable for Stanford's Pac-10 women's opener against Cal
20100101|Honesty is the best policy
20100101|Hooping to lose weight this January?
20100101|Horse of the Year: Rachel Alexandra or Zenyatta?
20100101|Hot Rod's 50's Diner - a review of a great 50's style restaurant in Maryville-Alcoa
20100101|House guest injured by drive-by shooter
20100101|Houston's Nigerian leaders respond to terror Incident
20100101|How are you going to make 2010 the best year yet?
20100101|How do I get my household on board for a more Feng Shui and organized 2010?
20100101|How Not to Ride Cleaning Out Your Horsemanship Closet
20100101|How the financial and economic crisis are related to health care (part 5/final)
20100101|How the U.S. Army stays in shape
20100101|How to apply griptape
20100101|How to avoid failing from reaching your New Year Resolution goals
20100101|How to benefit your business bottom line in 5 steps with marketing online
20100101|How to define your style
20100101|How to draw Prince Naveen
20100101|How to drop your risk of health problems when dropping pounds
20100101|How to gain weight without really trying
20100101|How to know what people want on Twitter
20100101|How to NOT make 30 million dollars and get sued in the process
20100101|How to pray for healing
20100101|How to resist temptation
20100101|How to speak with your hands so you don't embarrass your kids
20100101|How to start your business as a successful entrepreneur in 2010
20100101|How to stick to your weight loss goals
20100101|How to 'strip' away those pounds
20100101|How to Survive The Financial Crisis in 2010
20100101|How to use Colored Mascara
20100101|How well do you know your foreign policy?
20100101|How Zhu Zhu Pets led to Target employee firings
20100101|Hugh Grant: author?
20100101|Humane farming FAQs
20100101|'Humans in Crisis' focus of Jan. 3 radio show featuring MTSU geosciences professor
20100101|Hungover? Here is some help
20100101|Iconic Shanghai 1930s San Francisco Restaurant remembered
20100101|IDF-Jewish-Muslim noise dispute in Hebron in West Bank
20100101|If your New Year's resolution is getting more horse knowledge, short courses might be for you
20100101|Important Records - Helpful tips for everyday life
20100101|Impressions of you
20100101|Increase your online presence with a cyber-friendly resume
20100101|Indianapolis Motor Speedway condenses schedule for 'Month of May'
20100101|Indoor soccer clinics offered at Wichita parks; Registration has begun for winter session
20100101|Indoor winter family activities
20100101|Ineligible football players - let's be real
20100101|Info 101: Arkansas State motorcycle laws
20100101|Info 101: Charter schools as an option for gifted children in NYC (Part #2)
20100101|Info 101: The best knitting, sewing and craft supplies and prices in Portland
20100101|In God We Still Trust
20100101|Injury gods strike again: Steve Blake hospitalized
20100101|In Loving Memory
20100101|Innkeepers resolutions for 2010
20100101|In retrospect : Would you bribe a judge?
20100101|Insects and Hibernation
20100101|Inspirational Poetry for the New Year
20100101|Instant Payday is a colorful way to try for $25K
20100101|International Sportmen's Expo coming to Denver January 7-10, 2010
20100101|Interview with Adam Frey's parents; other tributes to late Cornell wrestler
20100101|Interview with Comics Legend Bob Layton
20100101|Interview with Ryan Neff of Miss May I
20100101|In the beginning great love is best not rushed
20100101|In the new cold-war on energy, China wins
20100101|Introspection - a nutritional goal for 2010
20100101|Iowa men hope to rebound
20100101|Iowa State knocks off Minnesota in tight Insight Bowl
20100101|Iran: Truth or consequences
20100101|Iraqi officials angered as US judge dismisses charges against Blackwater guards
20100101|Iron Chefs compete at White House in Super Chef America on Food Network
20100101|Is 2010 YOUR year to homeschool?
20100101|Is a typical January thaw going to be canceled?
20100101|Is customer service important to a home-based business
20100101|Is Janet Napolitano up to the job? A cartoon!
20100101|Is Kelly Johnson Arizona's long-term solution at second base?
20100101|Is Narnia drifting from its Christian message?
20100101|Israel launches several airstrikes, injures two in the Gaza Strip
20100101|Is the City Museum in St. Louis too dangerous for kids?
20100101|Is the FAA Scrutiny a Good Thing?
20100101|Is your New Year's Day resolution to lose weight? Seven easy tips for weight loss
20100101|Italian food on a budget
20100101|I think, therefore I don't listen to Rush Limbaugh
20100101|It matters to this one - January 2 - Part 1
20100101|It matters to this one - January 2 - Part 2
20100101|It's 2010 - The Dark Ages are over and horses still don't need shoes
20100101|It's 2010- What to do now
20100101|It's a new year, make your marriage like new
20100101|It's the little things you do together, that make perfect relationships
20100101|It's time to bring back the Orange Blossom Classic
20100101|Izzy the Great Dane is an amazing survivor of animal abuse
20100101|Jaffe on the possibility of developing for iPhone
20100101|January 1, 1985: 25 years ago
20100101|January 1 Middle East quotes of the week
20100101|January 1: New Year's Day
20100101|January 1 - New Year's Day in Denver weather history
20100101|January 1st, 2010
20100101|January 1st 2010 Art Walk - Art Fair on January 2nd in the Patio de Leon
20100101|January 1st marks the birthday of J.D. Salinger
20100101|January 7 is National Tempura Day
20100101|January Races in Los Angeles
20100101|January release dates
20100101|January's must-see films
20100101|January vegetable planting and picking for Central Florida
20100101|January yoga trainings and workshops in Grand Rapids
20100101|Jay-Z debuts 'On to the next one' video with Swizz Beatz
20100101|Jay-Z video: On to the next one
20100101|Jennifer Aniston and St. Jude's Children Research Hospital
20100101|Jennifer Aniston is force behind anti-paparazzi law
20100101|Jennifer Lopez and her 'booty outfit' steal the show on New Year's Eve (video)
20100101|Jennifer Lopez in skin tight leotard at Times Square pictures and video
20100101|Jennifer Lopez' New Year's Eve outfit the talk of 2010 (photos)
20100101|Jennifer Lopez New Year's Eve outfit wows crowd (photos/video)
20100101|Jennifer Lopez New Year's outfit has created an internet buzz (see photos)
20100101|Jennifer Lopez New Year's outfit (photo slideshow and video)
20100101|Jennifer Lopez New Years outfit; quite the Internet buzz
20100101|Jennifer Lopez or Kim Kardashian: Who has the better body? (POLL)
20100101|Jennifer Lopez shows up for New Year's performance in semi-nude bodysuit
20100101|Jennifer Lopez sings in Times Square to a packed crowd on New Years Eve: Outfit has Twitter talking
20100101|Jennifer Lopez's moon shines on New York - pictures, video
20100101|Jennifer Lopez's new year's outfit: Jennifer Lopez rocks a sheer catsuit (view photos and video)
20100101|Jennifer Lopez steams up Times Square on a cold night in NYC for New Year's Eve (photos, video)
20100101|Jennifer Lopez was too much too: Dick Clarks New Year's Rockin' Eve screwed Adam Lambert
20100101|Jersey Shore's Snooki gives nay-sayers the middle finger
20100101|Jessica Watson wishes all a Happy New Year as she sails towards Cape Horn - Part 12
20100101|Jill Haugen moved her two sons across the country illegally eleven years ago has turned herself in
20100101|Jim Cole tapped to be the next Georgia Secretary of State
20100101|Job trends to consider for 2010
20100101|Join Fontana's nights of rhythm
20100101|Join SparkPeople's boot camp to jump start weight loss
20100101|'Jon and Kate Plus 8' - Hailey Glassman reportedly 'very scared' of Jon Gosselin, says friend
20100101|'Jon and Kate Plus 8:' Jon Gosselin frightens Hailey Glassman, says friend
20100101|Journalist found in contempt for calling court 'thieves' and 'basket of rotten apples'
20100101|Judge cites government missteps: Tosses Blackwater case
20100101|Juicy, Lepore and Vera Wang: The latest fragrances for a fabulous 2010
20100101|Julia Stiles admits she was wrong in dissing former vegan diet
20100101|Just Bieber serenades Selena Gomez on Dick Clark's Rockin' New Year's Eve
20100101|Justin Bieber gets emotional support from Selena Gomez on stage at NYE concert (video)
20100101|Just in case you're running out of ideas to liven up your party weekend ...
20100101|Kate Gosselin lands a new TV gig
20100101|Kate Spade Linea Pelle and Hype handbags at up to 75% off ends TODAY
20100101|Kate Winslet tops list of most desirable celebrity bodies; Victoria Beckham, Kate Moss ranked last
20100101|Kathy Griffin almost makes it
20100101|Kathy Griffin and Anderson Cooper CNN New Year's Eve tradition: She used the F word
20100101|Kathy Griffin curses, utters 'F-word' on CNN's live New Years Eve special (video)
20100101|Kathy Griffin drops f bomb on CNN New Years Eve special
20100101|Kathy Griffin drops F-bomb on CNN New Year's special
20100101|Kathy Griffin drops f-bomb on CNN's New Year's special
20100101|Kathy Griffin F-Bombs on CNN's New Years (Wasn't that Expected?)
20100101|Kathy Griffin uses f word on CNN New Years Eve special with Anderson Cooper (video)
20100101|Keeping up the the Kardashians sneak peak: Scott deadbeat dad?
20100101|'Keeping Up With The Kardashians' sneak peek: Scott's ignores Kourtney and fatherly duties (videos)
20100101|Keep your New Years resolution for a healthy weight Part I
20100101|Keith Oberman rips Glen Beck for 'Whack job' hallucinations about socialism
20100101|Kelis channels woman powers during natural birth delivery, will 'never do it again'
20100101|Kelley's Korner Tavern in Placentia
20100101|Kemetic Metaphysics part 2
20100101|Kenya to implement new constitution in 2010
20100101|Kettering police officer Geisel to retire
20100101|Kick-off for Silicon Valley Reads 2010 all set!
20100101|Kim Kardashian's pre-new year's eve dress: Fashion hit or miss? (view photos and watch video)
20100101|Knicks are victims to the Nets
20100101|Korean martial arts remain popular
20100101|Kurdish fashion slide show
20100101|Kurdistani Jews in the wild tribal regions of Kurdistan
20100101|Kwanzaa Symbolism : 7 Imani
20100101|Kyle Busch news and notes
20100101|Lady Gaga in Downtown Miami
20100101|Lady GaGa, Snoop Dogg among many artists ready to perform with Susan Boyle
20100101|Larry Flynt's Challenge Cup Kicks-off the New Year at Hustler Casino
20100101|Last chance for 85% off fashions at Blair
20100101|Last Restaurant Standing on BBC America
20100101|Last-second bounce propels the Kalamazoo Wings over the Toledo Walleye
20100101|Las Vegas: Lion King
20100101|Las Vegas yoga calendar of events
20100101|Launch of the interactive recipe blog
20100101|Leafs will try for 1st win in over 7 years in Calgary (Jan 2)
20100101|Leapfrog toys discounted up to 80% in post holiday sale
20100101|Learn about adoption referral services and networking as you get started in your adoption process
20100101|Lee's overtime tally gives B-Sens much needed divisional win
20100101|Leftover Champagne & Sparkling wine recipes: Part 1
20100101|Leftovers = hash
20100101|Legends of microbiology and infectious diseases: Robert Koch
20100101|Lessons learned from Tiger Woods in 2009
20100101|Let's hit the road on a long journey through Comments, thank you all once more
20100101|Let there be Peace on Earth, and let it begin with we ...
20100101|Letting the Christmas celebration continue
20100101|Liberals wish death on Rush Limbaugh
20100101|Liberals wish death on Rush: one shows class, humor even Rush would love
20100101|Lightning sign goaltender Jaroslav Janus to entry level contract
20100101|Lightning's Ryan Malone named to USA Olympic team
20100101|Ligonier Academy's 2010 Winter Conference
20100101|Limbaugh released from hospital, no heart attack
20100101|Lindsay Lohan in bikini shows off bod on New Year's Day after partying with Beyonce, Jay-Z and Usher
20100101|Lindsay Lohan starts New Year with 'no boyfriends'
20100101|Lindsay Lohan to launch her own contemporary fashion line in 2010 (view sketches and watch video)
20100101|Lisa Miller, daughter still missing despite order to give girl to lesbian ex-girlfriend
20100101|Listening to it all ... LIVE!
20100101|List: Sports predictions for 2010
20100101|Little Cottonwood ice climber rescued
20100101|Little Prince Museum in Hakone, Japan
20100101|LIV: David Berrie with Ross One 1/2/10
20100101|LIVE: Bastard Saints at the Ramona Mainstage, 12-31-09
20100101|Live Pittsburgh weather cam, conditions, and radar
20100101|Livescribe into my life: Smartpen changes note taking
20100101|Local father's book reaches #1 sales rank in special needs category of Amazon com. (with video)
20100101|Local First in 2010
20100101|Long-lasting poinsettia care tips - How to keep your indoor garden plants bright all winter
20100101|Look back on 2009 by creating a family time capsule
20100101|Looking for a fun and romantic outing - check out the lights
20100101|Lose weight: your New Year's resolution (again)
20100101|'LOST' creator Damon Lindelof is retweeted more often than 99.87% of people
20100101|Lots of sports to see with friends in Flint this weekend the inexpensive way
20100101|Louisville vs. Kentucky preview: Keys to a Wildcat victory pt. 1
20100101|Louisville vs. Kentucky preview: Keys to a Wildcat victory, pt. 2
20100101|Love letters to babies
20100101|Loving what you do means doing what you love
20100101|Low-carb diets are more relevant in 2010 than ever before
20100101|Lucas Vineyard and Winery in New York's Finger Lakes Region: Lake Cayuga's Oldest Winery
20100101|Mac's Midget Finals are set
20100101|Macworld readers diss Snow Leopard
20100101|Maine Red Claws win their 10th game by beating the Erie Bayhawks
20100101|Make a 2010 New Years resolution to travel light this year
20100101|Make a new, New Year's resolution this year!
20100101|Make Mine a Builder's Tea- it's manly!
20100101|Makeover your marriage and your budget
20100101|Make sure you see 'Up' on DVD this year
20100101|Makeup application for wrinkles
20100101|Make your resolution an inside job - Part 3
20100101|Making new year's resolutions
20100101|Making prearranged funeral plans
20100101|Manifest Your Desires in 2010 with Seven Steps
20100101|Manny and Floyd to go head to head for pay per view buys in March
20100101|Manny Pacquiao resolves: Despite crabs, I'll remain that Happy Warrior
20100101|Manny Pacquiao set to climb the weight divisions once more
20100101|Man stabbed 3 people and escaped in a taxicab in San Francisco
20100101|Man survives 140' dive, then drowns
20100101|Mariah Carey may play Vanessa Hudgens' mother in movie (video)
20100101|Mariah Carey to play Vanessa Hudgen's mother
20100101|Marion Square: A great place to start for budget friendly fun
20100101|Martial arts of Ancient Rome: Gladiators in combat
20100101|Maryland falls to William & Mary; same old Terps team?
20100101|'Mastering the Art of French Cooking' sales up, New Year's Resolutions down
20100101|Matchmaker Joe Quiambao reflects on the progression of his first world champion, Andre Berto
20100101|Maui Travel 101: where is Kaanapali Beach Resort on Maui, Hawaii?
20100101|Mayon volcano alert lowered: some evacuees allowed to return home
20100101|Mayor-elect Annise Parker, Ronald Green, Houston City Council to be sworn in
20100101|Mayweather has until Monday to take Pacquiao's drug testing deal
20100101|Mayweather shows his class by verbally abusing his sparring partner (video)
20100101|McDaniels benches Marshall for season finale
20100101|Media Watch: Welcome to 2010 ... NOT the beginning of a new decade
20100101|Mediterranean diet may improve your health
20100101|Mediterranean Shrimp recipe: Delicious and easy any day meal
20100101|Meet Mr. Pricklepants (Toy Story 3)
20100101|Mental illness has no specific demography
20100101|Message from the World Food Programme on fighting hunger in 2010
20100101|Metabolism boosters for 2010
20100101|MFJ-986: a transmatch that will handle just about anything
20100101|Michael Jackson's dad demands medical records
20100101|Michael Jacksons Death tops MTV News list of 2009 moments
20100101|Microsoft announces new MVP awardees ...
20100101|Middle school teacher robbed two banks
20100101|'Mighty Mouse' revival series coming to DVD
20100101|Mika Miko's third and final Los Angeles show is indeed their 'FINAL' show
20100101|Mike D'Antoni confirms Knicks' interest in Tracy McGrady
20100101|Mike Leach, fired Texas Tech coach update, offers new story on James controversy
20100101|Mike Leach Interview Video: Coach slams Adam and Craig James, says acted responsibly
20100101|Miley Cyrus convincing rumored boyfriend to move to California
20100101|Miley Cyrus' prank backfires
20100101|Miners an Obstacle
20100101|Minor earthquake hits northern Philippines just before New Years
20100101|Mission: lose weight? Start your success now
20100101|Miss Universe / Miss Venzuela 2009 evening gown pictures 1 of 2
20100101|Miss USA 2009 evening gown pictures 1 of 2 - Miss Universe pageant
20100101|Miss USA 2009 evening gown pictures 2 of 2 - Miss Universe pageant
20100101|Mitrice Richardson: Los Angeles woman still missing, new developments in case
20100101|MMA fight of the year awards (video)
20100101|MMA technique of the day, escape from anaconda choke
20100101|Mobile fire fighters find man dead in Johnson Street fire
20100101|Models continue to be inconsistent with late week storm
20100101|Models of the Runway returns to Lifetime TV
20100101|Molecular Cocktails: Bar flair with class
20100101|Montana joins Oregon and Washington as third state to legalize doctor-assisted suicide
20100101|More airport full body scanners to be deployed
20100101|More benefits of going to bed early: teens
20100101|More discussion of the mono remasters in latest 'Fab Fourum' podcast
20100101|Most corrupt politicians of 2009 named by Judicial Watch
20100101|Most fun, less mess gingerbread house
20100101|Mousavi defiant after threats to his life: Ready for martyrdom
20100101|Movie Review: Up in the Air (2009)
20100101|Movies for back to school: A student's guide
20100101|Moving your military family
20100101|Mr. Fantasy's Best/Worst of Week 17
20100101|Mr Pricklepants introduced in Walt Disney film Toy Story 3 - Video
20100101|Mrs. Howard Stern eats bread, loses weight
20100101|Mummers march on Broad Street
20100101|Mummers results are in
20100101|Musburger on the Rose Bowl - Myers gets exclusive on the Gators
20100101|My 30 Greatest Films of the Decade, Part 1 (#1-15, in alphabetical order)
20100101|My retro gaming resolutions for 2010
20100101|Naming Your Garden and Creating a Garden Mission Statement
20100101|National Cream Puff Day is January 2!
20100101|National Weather Highlight for 12/31/09: South Bend prepares for massive lake effect snowstorm
20100101|Nautical treasures to star at Florida Keys' nautical flea markets
20100101|Navy gives Missouri a Texas Bowl beating, photo gallery
20100101|Netherlands starts using full body scans on everyone, despite privacy issues. (video)
20100101|Newark Liberty Airport to receive full-body scanners
20100101|New Bern's First Night Celebration is more than a hit
20100101|New book on Portland theaters joins illustrated series
20100101|New crazy love for Jason Stackhouse on True Blood
20100101|New footage from 'Toy Story 3' now online
20100101|New H1N1 advertisements to air throughout New Year's College Football Bowl games
20100101|New Hampshire proposes state sovereignty law - with a twist
20100101|New information revealed on alleged underwear bomber Umar Farouk Abdulmutallab (photos)
20100101|New non-fiction books to be released in 2010
20100101|New puppy, now what?
20100101|New Report Ranks Carolinas in Middle Tier of Animal Protection Laws
20100101|New Texas laws take effect today
20100101|New Wolfman site launches
20100101|New Year 2010: Video from Times Square and pictures around the world
20100101|New Year brings new Jersey's Mike's restaurant to La Canada
20100101|New Year Financial To-Dos
20100101|New Year fitness goal
20100101|New Year message from the Mayor of Standish
20100101|New year, new crooks with guns law in Tennessee
20100101|New year, new music
20100101|New year, new restaurant picks
20100101|New Year Resolutions: the single's way
20100101|New Years around the world: Finding a place for the sacred, love, and forgiveness (video)
20100101|New Year's Budget Fashion Resolutions
20100101|New Years Celebrations: Bringing out the Bubbly
20100101|New Year's Day food traditions
20100101|New Year's Day food traditions around the U.S. and around the world
20100101|New Years Day full of Ironman coverage on NBC Universal
20100101|New Year's Day only - 50% off sale and last call fashions at My Shape
20100101|New Year's Day weather forecast for northern Maine
20100101|New Year's Declaration: Be more engaging in your reality this year
20100101|New Year's Eve at the Adventure Aquarium Splash
20100101|New Year's Eve Fashion Recap
20100101|New Year's Eve Las Vegas Britney Spears successful performance in front of Bellagio
20100101|New Years gun rights resolution: last installment
20100101|New Year's gun rights resolution: Practice daily activism
20100101|New Year's intentions
20100101|New Year's message from President Obama (video)
20100101|New Years Predictions
20100101|New Year's resolution
20100101|New Years resolution: 10 Montana hikes to conquer in 2010
20100101|New Year's resolution: Bible reading plans
20100101|New Year's resolution, cook meals at home to save money and bring your family closer
20100101|New Year's resolution: More happy hours
20100101|New Year's resolution: more retro baking recipes
20100101|New Year's Resolution: Organize your genealogy files
20100101|New Year's Resolution: Read the entire Bible in one year countdown #365
20100101|New Year's Resolution Re-dux ... keeping in touch!
20100101|New Year's Resolution: Resolve to eat fewer animal products
20100101|New Year's resolutions
20100101|New years resolutions 2010
20100101|New year's resolutions and your personal branding
20100101|New Year's Resolutions around Parenting
20100101|New year's resolutions: begin the year by giving back to one of these great local organizations
20100101|New Year's Resolutions: Detox getaways for you and your relationship
20100101|New Year's Resolution: Service to others
20100101|New Years Resolutions for 2010: The new trend says it's not about you
20100101|New Year's Resolutions for Booklovers
20100101|New Year's Resolutions for dogs and cats
20100101|New Year's resolutions for foodies and gardeners
20100101|New Year's resolutions for iPhone game developers
20100101|New Year's resolutions for job seekers
20100101|New Year's resolutions for kids
20100101|New Year's resolutions for parents
20100101|New Year's Resolutions: Getting Fit for Pregnancy in 2010
20100101|New Year's resolutions? Go with God and you can do it. Bible verses and quotes to keep you going
20100101|New Year's resolutions: Just for today
20100101|New Year's Resolutions, Make 'IT' Happen!
20100101|New Year's Resolutions: Make them don't break them
20100101|New years resolutions making them successful
20100101|New Year's resolutions: pet photography
20100101|New Year's Resolutions - some quotes
20100101|New Year's Resolutions - the green way
20100101|New Year's resolutions: The seven deadly sins
20100101|New Year's Resolutions: top 10 ways to avoid being labeled a transplant
20100101|New Year's resolution: Support a local charity in 2010
20100101|New Years Resolution: Support local agriculture by participating in a CSA
20100101|New Year's resolutions your dog would cheer for
20100101|New Year's Resolution to lose weight? Cut your sugar intake
20100101|New Years Resolution: Win 'Battle of the Bulge' in 2010 via New Motivational Website
20100101|New Year's split pea soup
20100101|New Year's travel predictions, trends and advice for 2010
20100101|New Years weather: 2009 records lead to a return of old man winter
20100101|New York City welcomes 2010
20100101|New York dog scene 2009 in review - part one
20100101|New York dog scene 2009 year in review - part two
20100101|New York Times bestselling author Beverly Barton's latest suspense offering is Dead By Midnight
20100101|NHL's Winter Classic: a success in outdoor hockey that college hockey should mimic
20100101|Nickelback breaks Billboard record for most No 1 songs on Adult Pop Song chart
20100101|Nicole Richie talks about plans for 2010
20100101|Nicole Richie to be guest judge on Project Runway
20100101|Nightmares: Latest release from local band Morphine Killer
20100101|Nobody did it better in 2009 than Manny Pacquiao
20100101|Noche Vieja: The Spanish New Year
20100101|No Food Network for 4.7m CableVision subscribers in the New York area
20100101|Nominate a Parker teen for the Metro Mayors and Commissioners Youth Award
20100101|NOMOTC - Fifty years of supporting families with multiple birth children
20100101|Non-attachment could save your life - or at least some grief - this year! (video - Pema Chodron)
20100101|North Korea tells US wants peace while persecuting Christians
20100101|Northwest Airlines flight diverted for Christmas ornament, caution to the point of ridiculous?
20100101|Norway: the most infection free country in the world
20100101|Not a fan of the Crimson Lounge
20100101|Not again! Kathy Griffin rings in second new year cursing with Anderson Cooper on CNN
20100101|November of 2009 was the busiest ever at Milwaukee's General Mitchell International Airport
20100101|NYC rings in 2010
20100101|NYC's Rock ANNEX closing its doors this weekend
20100101|NY Daily News: Jeter is NEW YORK-ER of the Year
20100101|NYPD accused of racial profiling
20100101|Odie, the only dog to make the 2010 stamp program
20100101|Off-duty deputy charged with drunk driving, removed from duty
20100101|Ohio State Buckeyes defeat the Oregon Ducks 26-17 in the 96th Rose Bowl
20100101|Ohio State defeats Oregon 26-17
20100101|Ohio State leads Oregon 16-10 at the half
20100101|Ohio teacher John Feshwater allegedly used Legos to teach creationism, burned cross on student's arm
20100101|Oklahoma beats Toby Gerhart and Stanford in Sun Bowl, photo gallery
20100101|Old Navy's After Holiday Sale
20100101|Old reads for the new year
20100101|Olympic hockey stage is set at the Winter Classic
20100101|Olympic snowboarding hopeful Kevin Pearce critically injured
20100101|One click away
20100101|One giant leap for Travis Pastrana
20100101|One writer's picks for top college wrestling stories of the decade
20100101|Only 30% oppose water-boarding
20100101|Only one thing shocked me as a pastor
20100101|Ontario's Sam Stout featured on main card at UFC 108
20100101|On This Day: The Times (London) first published
20100101|Open adoption resolutions for 2010
20100101|Orlando weather forecast: Wet and windy. Wind chill advisory tonight (Jan 1st)
20100101|Oslos' Semi Annual Sale begins Saturday
20100101|Our seeds to bear fruit in 2010 : The Year of Court Reform or Revolution
20100101|Outback Bowl game thread, Northwestern and Auburn in cat fight
20100101|Out of control drugs ... prescription drugs
20100101|Outside Omaha 01.01.10: 2009 in review
20100101|Out with the old and in with the new, organizing your scrapbooking supplies
20100101|Oysters from Heller's Seafod
20100101|Packers' Ryan Grant snubbed by Pro Bowl voters
20100101|Pacman Fever Infests 2009
20100101|Pacquiao fans want Paulie Malignaggi to be included in lawsuit
20100101|Pacquiao vs Mayweather: A doubt that Manny Pacquiao will meet Floyd Mayweather?
