1|data
4|c#
4|winforms
4|type-conversion
4|decimal
4|opacity
6|html
6|css
6|css3
6|internet-explorer-7
8|c#
8|code-generation
8|j#
8|visualj#
9|c#
9|.net
9|datetime
11|c#
11|datetime
11|datediff
11|relative-time-span
13|javascript
13|html
13|browser
13|timezone
13|timezoneoffset
14|.net
16|c#
16|linq
16|web-services
16|.net-3.5
17|mysql
17|database
17|binary-data
17|data-storage
19|performance
19|algorithm
19|language-agnostic
19|unix
19|pi
23|php
24|mysql
24|database
24|triggers
25|c++
25|c
25|sockets
25|mainframe
25|zos
34|actionscript-3
34|flex
34|bytearray
36|sql
36|sql-server
36|datatable
36|rdbms
38|c#
38|vb.net
38|timer
39|c#
39|.net
39|vb.net
39|timer
40|c#
40|inversion-of-control
40|structuremap
40|alt.net
42|php
42|plugins
42|architecture
42|hook
48|html
48|form-submit
48|html-form
48|submit-button
59|c#
59|linq
59|.net-3.5
61|office-2007
61|file-type
66|linq
66|.net-3.5
72|ruby
72|rdoc
79|eclipse
79|svn
79|aptana
79|subclipse
80|flex
80|actionscript-3
80|air
85|php
85|sql
85|database
85|flat-file
88|linux
88|winapi
88|visual-c++
88|unix
88|timer
90|svn
90|tortoisesvn
90|branch
90|branching-and-merging
104|.net
104|performance
104|memory-leaks
104|com-interop
108|windows
108|svn
108|64bit
109|c#
109|sql
109|vb.net
109|ascii
109|hex
120|sql
120|asp.net
120|sitemap
123|java
123|xml
123|csv
123|data-conversion
126|java
126|php
126|oop
126|theory
129|mysql
129|sql-server
129|csv
129|sql-server-2005
129|bcp
134|.net
134|database
134|xsd
136|tools
136|website
136|sysadmin
136|webmaster
145|c#
145|.net
145|compression
145|decompression
146|php
146|apache
146|logging
146|download
146|analytics
163|.net
163|asp.net
163|svn
163|versioning
164|windows
164|embed
164|media
173|sql-server
173|database
173|svn
173|version-control
174|c#
174|html
174|web-services
174|printing
175|youtube
175|reverse-engineering
176|linux
176|apache
176|virtualhost
177|.net
177|pdf
180|algorithm
180|language-agnostic
180|colors
180|color-space
181|language-agnostic
181|coding-style
181|styles
181|convention
181|notation
192|c#
192|.net
192|asp.net
192|internationalization
192|globalization
194|sql-server
194|migration
196|search
203|linux
203|filesystems
203|ext3
203|zfs
208|stackoverflow
208|tags
217|t
225|hardware
225|hdd
227|php
227|arrays
227|cloud
227|tag-cloud
231|windows
231|mailto
234|mysql
234|sql-server
234|sql-server-2005
237|git
237|version-control
237|github
237|dvcs
246|.net
246|database
246|sqlite
249|php
249|forms
260|c#
260|.net
260|scripting
260|compiler-construction
263|c
263|linux
263|gtk
263|x11
264|c++
264|berkeley-db
265|svn
265|collaboration
270|stackoverflow
279|asp.net
279|visual-studio
279|svn
286|stackoverflow
286|css
286|belongs-on-uservoice
289|c#
289|sorting
289|dictionary
296|c
308|sql
308|database
308|oracle
308|version-control
313|.net
313|ruby
313|database
317|stackoverflow
317|reputation
328|security
328|php
330|c++
330|oop
330|class
330|nested-class
336|language-agnostic
336|types
337|python
337|xml
361|string
361|language-agnostic
361|cross-platform
369|ant
369|build-process
369|phing
371|email
371|email-spam
374|stackoverflow
374|hacking
374|game-development
382|java
382|generics
382|warnings
382|casting
382|type-safety
387|search
387|lucene
395|.net
395|vb.net
395|vb6
395|vb6-migration
402|iphone
402|objective-c
403|code-review
403|collaboration
409|code-review
409|guidelines
415|hash
415|exploit
415|gravatar
419|com
419|vb6
427|internet-explorer
427|windows-mobile
427|pocketpc
429|windows
429|windows-services
429|scheduled-tasks
437|language-agnostic
437|interview-questions
437|code-golf
437|rosetta-stone
437|fizzbuzz
438|ruby-on-rails
438|ruby
438|http
463|stackoverflow
463|openid
469|python
469|osx
469|fonts
469|photoshop
470|.net
470|web-services
482|c#
482|winforms
482|data-binding
484|html
484|css
484|design
487|c#
487|c++
487|c
487|linux
487|stackoverflow
498|stackoverflow
502|python
502|windows
502|image
502|pdf
505|stackoverflow
505|beta
514|ruby-on-rails
514|ruby
514|crash
523|untagged
535|python
535|continuous-integration
535|extreme-programming
543|stackoverflow
549|security
549|http
549|authentication
549|language-agnostic
549|article
553|hardware
559|language-agnostic
559|books
559|polls
561|unit-testing
561|language-agnostic
561|testing
562|c#
562|asp.net
562|medium-trust
564|c#
564|java
564|integer
564|int
580|sql-server
580|sql-server-2005
580|deployment
580|release-management
588|php
588|windows
588|exchange-server
588|webdav
588|mapi
592|python
592|sql
592|database
592|oracle
592|cx-oracle
594|python
594|sql
594|database
594|oracle
594|cx-oracle
601|c#
601|c++
601|random
609|c++
609|visual-studio
609|compatibility
609|windows-nt
610|gui
610|language-agnostic
610|api
610|application
622|performance
622|algorithm
622|primes
624|git
626|ruby
626|lambda
626|proc
630|stackoverflow
630|belongs-on-uservoice
630|meta-question
634|stackoverflow
643|linux
643|compiz
643|metacity
644|sql
644|database
650|c#
650|visual-studio
650|versioning
651|asp.net
651|iis
651|authentication
651|active-directory
657|php
657|encryption
657|passwords
659|linux
659|open-source
659|operating-system
664|open-source
672|java
672|build-process
677|stackoverflow
683|python
683|arrays
683|iteration
687|keyboard
687|hardware
687|productivity
687|peripherals
696|php
696|database
696|odbc
696|db2
696|ibm-midrange
698|python
698|ide
698|code-completion
698|wing-ide
705|.net
705|database
705|embedded-database
709|c#
709|.net
709|visual-studio
709|unit-testing
717|.net
717|sql-server-2005
717|oledb
717|legacy
717|visual-foxpro
721|stackoverflow
728|asp.net
728|mapping
728|gis
729|stackoverflow
736|stackoverflow
742|python
742|django
742|views
742|oop
746|string
746|language-agnostic
746|format
746|title-case
752|c#
752|.net
752|performance
752|reflection
760|language-agnostic
760|algorithm
760|simulation
760|poker
760|montecarlo
761|.net
761|internationalization
761|date
761|globalization
766|python
766|mysql
766|postgresql
766|bpgsql
769|math
769|linear-algebra
769|system
769|linear-equation
773|python
773|iteration
779|stackoverflow
800|database
800|oop
800|object-database
805|asp-classic
805|sftp
810|windows
810|visual-studio
810|registry
810|installation
826|algorithm
826|language-agnostic
832|c#
832|linq
832|left-join
833|sql-server
833|database
835|msbuild
835|cruisecontrol.net
842|php
842|unit-testing
845|javascript
845|html
845|css
845|fonts
854|keyboard
854|dvorak
854|qwerty
854|colemak
855|visual-studio
855|xslt
855|documentation
855|sandcastle
855|xml-comments
871|svn
871|git
879|php
879|variables
879|pass-by-reference
879|pass-by-value
888|php
888|eclipse
888|debugging
888|phpstorm
888|xdebug
898|language-agnostic
898|unicode
898|localization
898|internationalization
899|svn
899|osx
904|html
904|css
904|text
905|sql-server
905|sql-server-2005
905|windows-server-2003
913|javascript
913|frameworks
913|polls
918|python
930|c#
930|database
930|loops
930|connection
935|string
935|postgresql
935|escaping
941|stackoverflow
941|social
941|irc
944|c#
944|.net
944|exception
944|exception-handling
947|vb6
954|stackoverflow
959|conferences
969|social
969|twitter
972|python
972|oop
972|methods
972|monkeypatching
987|stackoverflow
987|openid
987|cookies
987|yahoo
999|stackoverflow
1005|linux
1005|unix
1005|vi
1010|c#
1010|asp.net
1013|math
1024|ruby-on-rails
1024|ruby
1024|exception
1024|plugins
1033|ip
1033|lookup
1033|country
1035|stackoverflow
1035|gravatar
1035|belongs-on-uservoice
1037|c#
1037|winforms
1037|flash
1037|adobe
1037|macromedia
1040|c#
1040|file-locking
1041|c++
1041|regex
1042|sql
1042|sql-server
1042|sql-server-2005
1042|indexing
1042|full-text-search
1053|math
1053|language-agnostic
1053|floating-point
1064|language-agnostic
1064|opengl
1064|3d
1064|directx
1068|stackoverflow
1068|sofaq
1068|tags
1068|folksonomy
1068|tagclouds
1069|c++
1069|windows
1069|multithreading
1069|debugging
1069|memory
1070|unix
1070|size
1075|stackoverflow
1075|hacking
1075|abuse
1083|artificial-intelligence
1083|email-spam
1083|bayesian
1085|.net
1085|free
1085|ocr
1094|stackoverflow
1099|stackoverflow
1104|c++
1104|exception
1104|try-catch
1108|sql
1108|database
1108|performance
1108|indexing
1108|database-indexes
1122|stackoverflow
1122|openid
1122|account
1131|windows
1131|language-agnostic
1131|chm
1131|winhelp
1145|c
1145|malloc
1156|sql
1156|database
1156|indexing
1160|svn
1160|msbuild
1160|cruisecontrol.net
1171|python
1171|data-structures
1171|performance
1171|graph
1176|ruby
1176|open-source
1180|web-applications
1180|dns
1180|subdomain
1180|account
1189|c#
1189|.net
1189|safari
1189|viewstate
1196|stackoverflow
1205|stackoverflow
1209|stackoverflow
1211|stackoverflow
1211|hacks
1229|hyperlink
1229|powerpoint
1234|csla
1234|training-events
1237|regex
1237|parsing
1241|c#
1241|c++
1241|sockets
1245|stackoverflow
1261|svn
1261|version-control
1261|cvs
1276|mysql
1276|database
1276|database-performance
1280|stackoverflow
1280|etiquette
1280|meta
1284|sql
1284|xss
1284|sql-injection
1292|.net
1292|collections
1292|queue
1300|.net
1300|.net-3.5
1300|msbuild
1300|nant
1304|c#
1304|.net
1304|io
1304|filelock
1306|ruby
1306|unix
1306|curses
1311|c
1311|audio
1311|rockbox
1313|language-agnostic
1313|colors
1314|msbuild
1314|build-process
1314|cruisecontrol.net
1323|algorithm
1323|language-agnostic
1323|colors
1329|windows
1329|file
1329|filesystems
1329|utilities
1352|gtd
1365|stackoverflow
1376|flex
1376|air
1383|unit-testing
1383|glossary
1384|.net
1384|nhibernate
1384|orm
1384|subsonic
1387|.net
1387|parallel-processing
1390|sql-server
1390|windows-server-2008
1401|asp.net
1401|javascript
1401|validation
1406|stackoverflow
1406|iphone
1406|ipodtouch
1408|php
1408|apache
1408|xampp
1408|server-configuration
1409|asp.net
1409|iis
1417|php
1417|apache
1417|authentication
1417|http-authentication
1439|stackoverflow
1439|reputation
1451|sql
1451|permissions
1453|php
1453|parameters
1453|error-handling
1457|ajax
1457|url
1457|rest
1457|address-bar
1469|stackoverflow
1476|python
1476|syntax
1476|binary
1476|integer
1476|literals
1496|osx
1496|vim
1496|emacs
1496|editor
1503|visual-studio
1503|unit-testing
1503|continuous-integration
1503|cruisecontrol.net
1505|iphone
1505|html
1505|favicon
1505|apple-touch-icon
1508|version-control
1508|dvcs
1510|stackoverflow
1510|openid
1528|c#
1528|wpf
1528|silverlight
1528|polymorphism
1528|dependency-properties
1535|c#
1535|exception
1535|error-handling
1537|software-engineering
1541|php
1541|html
1541|wordpress
1541|tools
1541|blogs
1542|code-review
1551|oop
1551|class
1551|education
1569|asp.net
1569|visual-studio
1569|books
1574|linux
1574|gui
1574|ssh
1574|gtk
1576|linux
1576|bash
1576|unix
1576|shell
1584|windows
1584|iis
1584|shell
1584|command-line
1584|terminal
1598|iphone
1598|favicon
1598|apple-touch-icon
1600|sql-server
1600|sql-server-2008
1607|php
1607|mysql
1607|database
1607|svn
1607|migration
1610|sql-server
1612|hardware
1612|usb
1612|sata
1615|ruby
1615|language-agnostic
1615|xfdl
1623|visual-studio
1623|design
1623|projects-and-solutions
1625|windows
1625|xml
1625|linux
1626|stackoverflow
1626|http-status-code-404
1631|stackoverflow
1631|jeff-atwood
1637|stackoverflow
1637|badge
1637|reputation
1644|podcast
1668|removed
1669|compiler-construction
1669|language-agnostic
1679|statistics
1679|spss
1680|duplicate
1683|asp.net
1683|profile
1685|stackoverflow
1705|security
1705|xss
1708|shockwave
1708|lingo
1709|web-services
1709|application-integration
1711|resources
1714|stackoverflow
1714|security
1714|passwords
1734|python
1734|xml
1734|database
1734|protocol-buffers
1740|arrays
1744|.net
1744|alt.net
1746|php
1746|regex
1746|html-parsing
1746|preg-replace
1757|outsourcing
1760|c#
1760|.net
1760|unit-testing
1760|testing
1762|php
1762|ternary-operator
1763|stackoverflow
1763|reputation
1763|community
1766|html
1766|css
1766|editor
1790|svn
1790|version-control
1791|stackoverflow
1800|free
1802|stackoverflow
1802|meta
1823|gui
1823|language-agnostic
1823|simulation
1823|conways-game-of-life
1829|python
1831|development-environment
1831|scheduling
1831|organizing
1836|c#
1836|winapi
1836|mouse
1839|search
1848|c#
1848|image
1848|image-processing
1848|artificial-intelligence
1854|python
1855|stackoverflow
1855|meta
1869|sql-server
1869|database
1869|documentation
1869|data-dictionary
1873|asp.net
1873|javascript
1873|anchor
1873|quotes
1882|music
1882|trolling
1882|random
1898|c#
1898|vb.net
1898|file
1898|csv
1898|import
1908|math
1908|maps
1908|mapping
1908|latitude-longitude
1915|ergonomics
1915|health
1915|rsi
1915|carpal-tunnel
1916|stackoverflow
1929|keyboard
1929|ergonomics
1933|productivity
1933|self-improvement
1935|flex
1935|flash
1936|c#
1936|asp.net-mvc
1939|iphone
1939|objective-c
1939|ios
1939|osx
1946|stackoverflow
1949|asp.net
1949|.net
1949|linq-to-sql
1949|datacontext
1965|stackoverflow
1965|reputation
1970|sql
1970|database
1970|postgresql
1970|stored-procedures
1970|triggers
1973|python
1973|sql
1973|database
1973|security
1973|sql-injection
1982|c++
1982|performance
1982|cpu
1982|throttle
1983|python
1983|list
1983|tuples
1988|macros
1988|lisp
1994|c#
1994|data-binding
1995|c#
1995|.net
1995|double
1995|int
1999|svn
1999|language-agnostic
1999|cvs
1999|project-hosting
2018|sql
2018|sql-server
2018|training
2027|language-agnostic
2027|oop
2027|parameters
2027|pass-by-reference
2027|pass-by-value
2034|svn
2041|svn
2041|version-control
2041|branch
2041|branching-and-merging
2043|windows
2043|delphi
2043|winapi
2043|dll
2046|sql-server
2046|unit-testing
2046|tdd
2048|rss
2056|design-patterns
2056|model-view-controller
2056|user-interface
2056|mvp
2056|glossary
2084|css
2092|java
2092|testing
2092|coldfusion
2092|code-coverage
2097|.net
2097|unit-testing
2101|c#
2101|unit-testing
2106|c#
2106|for-loop
2120|sql
2120|sql-server
2121|stackoverflow
2121|beta
2123|html
2123|checkbox
2125|asp.net
2125|sql
2125|sql-server
2125|asp.net-mvc
2131|icons
2131|freeware
2134|.net
2134|optimization
2134|frameworks
2134|performance
2138|.net
2138|linq
2138|.net-3.5
2138|.net-2.0
2138|clr
2154|c#
2154|asp.net-mvc
2154|visual-studio
2155|asp.net
2158|java
2158|swing
2158|jbutton
2160|stackoverflow
2163|stackoverflow
2169|stackoverflow
2169|beta
2187|tools
2187|polls
2196|asp.net
2196|ajax
2196|web-controls
2198|stackoverflow
2209|c#
2209|asp.net
2209|.net
2209|master-pages
2214|c#
2214|.net
2214|testing
2214|tdd
2214|bdd
2217|c#
2217|if-statement
2222|flex
2222|eclipse
2222|unit-testing
2222|build-automation
2222|cairngorm
2232|ruby
2232|shell
2232|interop
2247|raid5
2250|c#
2250|dataset
2250|datatable
2253|c#
2253|resharper
2256|c#
2256|c++
2256|data-structures
2260|language-agnostic
2260|tdd
2260|software-engineering
2261|stackoverflow
2262|asp.net
2262|url
2262|url-rewriting
2262|url-routing
2262|rewrite
2267|c#
2267|.net
2279|visual-studio
2282|backup
2282|amazon
2282|amazon-s3
2282|mozy
2282|wuala
2284|language-agnostic
2284|open-source
2284|contribute
2290|stackoverflow
2290|mvc
2290|url
2300|asp-classic
2300|vbscript
2307|powerbuilder
2308|asp.net
2308|svn
2311|php
2311|python
2311|ftp
2311|webserver
2318|stackoverflow
2328|asp.net
2328|ajax
2328|asp.net-ajax
2328|viewstate
2332|osx
2332|textwrangler
2337|traveling-salesman
2337|cs101
2345|language-agnostic
2348|arrays
2348|asp-classic
2348|vbscript
2349|osx
2349|mouse
2349|keyboard-shortcuts
2364|unit-testing
2364|tdd
2364|software-engineering
2364|sqa
2366|haskell
2366|functional-programming
2366|monads
2366|glossary
2381|osx
2381|controls
2381|tabs
2384|c#
2384|struct
2384|io
2384|binaryfiles
2392|stackoverflow
2399|functional-programming
2402|design
2402|graphics
2405|language-agnostic
2405|data-structures
2405|file
2405|binary
2406|winforms
2406|user-interface
2406|design-patterns
2411|hardware
2411|overclocking
2425|stackoverflow
2432|sql-server
2432|database
2432|sql-server-2005
2432|sql-server-2000
2447|security
2447|agile
2465|svn
2472|browser
2472|analytics
2480|not-tagged
2481|data-structures
2481|language-agnostic
2481|binary-search-tree
2482|multithreading
2482|language-agnostic
2482|concurrency
2483|c#
2483|.net
2486|ajax
2486|progressive-enhancement
2488|mysql
2488|database
2488|database-design
2488|diagram
2509|unit-testing
2509|tdd
2509|bdd
2518|actionscript-3
2518|flex
2518|sqlite
2518|air
2518|adobe
2524|asp.net
2524|visual-studio
2524|visual-studio-2008
2524|debugging
2524|iis
2525|.net
2525|security
2525|obfuscation
2527|c#
2527|treeview
2527|contextmenu
2530|html
2530|autocomplete
2540|c
2540|architecture
2540|data-structures
2543|flash
2543|graph
2549|ruby-on-rails
2549|ruby
2549|forum
2550|asp.net
2550|flash
2550|video
2550|embed
2556|payment
2563|excel
2563|csv
2563|grid
2563|clipboard
2572|etiquette
2573|vim
2573|ide
2573|text-editor
2588|sql-server
2588|windows
2613|stackoverflow
2630|powershell
2630|cmdlets
2632|iis
2632|server
2632|installation
2632|windows-server-2003
2639|language-agnostic
2647|sql
2647|sql-server-2005
2647|split
2648|php
2648|web-development
2648|scripting
2648|frameworks
2648|server-side
2649|sql-server
2650|c++
2650|apihooking
2650|binaryrewriting
2650|codepatching
2650|iat
2658|git
2658|svn
2658|version-control
2658|language-agnostic
2658|dvcs
2679|stackoverflow
2688|mysql
2688|oracle
2688|security
2702|sql
2702|sql-server
2702|group-by
2709|language-agnostic
2711|css
2711|templates
2714|sql-server
2717|pdf
2717|chm
2729|python
2729|django
2729|hosting
2729|web-applications
2732|linux
2732|bash
2732|shell
2732|ksh
2732|dash
2742|ide
2742|erlang
2750|optimization
2750|setter
2750|getter
2750|verification
2756|php
2756|c++
2756|linux
2756|ide
2756|freeware
2765|visual-studio
2765|keyboard
2765|shortcuts
2767|visual-studio
2767|plugins
2770|winforms
2770|error-handling
2770|user-controls
2773|ubuntu
2773|virtualization
2773|xen
2775|sql-server
2775|datetime
2775|date-conversion
2778|database
2778|asp.net-mvc
2778|ado.net
2780|c#
2780|colors
2785|c#
2785|.net
2785|vb.net
2785|memory
2785|memory-management
2786|windows
2786|mono
2798|google-maps
2798|google-maps-api-3
2798|mapping
2798|gis
2804|c#
2804|winforms
2804|picturebox
2809|sql-server
2811|sql
2811|xml
2811|sql-server-2005
2811|formatting
2811|for-xml
2815|http
2815|curl
2824|stackoverflow
2826|eclipse
2826|eclipse-plugin
2840|sql
2840|sql-server-2005
2840|paging
2844|c
2844|syntax
2844|printf
2844|format-specifiers
2844|long-long
2861|html
2861|screen-scraping
2861|html-parsing
2861|web-scraping
2861|html-content-extraction
2871|c#
2871|.net
2871|data-structures
2871|marshalling
2872|c#
2872|.net
2872|winforms
2873|c
2873|unix
2873|testing
2874|c#
2874|.net
2874|winforms
2896|projects
2898|linux
2898|editor
2900|php
2900|mysql
2913|database
2913|testing
2914|popup
2931|java
2931|p2p
2931|jxta
2933|python
2933|user-interface
2933|deployment
2933|tkinter
2933|release-management
2942|.net
2942|colors
2942|rgb
2942|hsl
2946|search
2946|internationalization
2954|stackoverflow
2959|ms-office
2959|ocr
2959|modi
2959|indexing-service
2963|windows-server-2008
2968|java
2968|string
2968|parsing
2970|security
2970|cracking
2970|hijacked
2987|c#
2987|winapi
2988|algorithm
2988|data-structures
2988|tree
2988|graph
2988|computer-science
2993|ruby
2993|sockets
2993|dns
2993|nslookup
3004|asp.net
3004|dynamic-data
3017|c#
3017|visual-studio
3017|setter
3017|getter
3021|recursion
3021|computer-science
3027|security
3027|usability
3027|captcha
3033|perl
3033|hash
3033|iteration
3033|each
3036|linux
3036|architecture
3036|boot
3045|office-2007
3045|office-2003
3049|java
3049|c++
3049|windows
3049|unix
3057|performance
3057|oop
3057|maintainability
3057|procedural
3057|interpreted
3058|inversion-of-control
3058|design-patterns
3061|python
3067|visual-studio
3067|plugins
3075|ajax
3075|sharepoint
3080|stackoverflow
3085|mono
3085|crossplatform
3085|windows
3085|visual-studio
3088|python
3088|language-agnostic
3101|stackoverflow
3101|php
3101|windows
3106|windows
3106|visual-studio
3106|mono
3106|cross-platform
3112|perl
3112|arrays
3112|reference
3112|scalar
3121|performance
3121|vmware
3136|cron
3136|settings
3136|crontab
3143|mono
3143|nant
3143|teamcity
3143|mbunit
3144|vb.net
3144|diff
3147|.net
3148|c#
3148|vb.net
3148|.net
3150|c++
3150|visual-studio
3150|unit-testing
3150|testing
3157|apache
3157|.htaccess
3157|mod-rewrite
3163|flex
3163|actionscript-3
3164|asp.net
3164|path
3164|mappath
3165|stackoverflow
3165|questions
3166|stackoverflow
3166|support
3175|c#
3175|patterns
3175|repository-pattern
3176|unit-testing
3179|fogbugz
3180|fogbugz
3190|stackoverflow
3190|asp.net-mvc
3190|beta
3196|sql
3206|stackoverflow
3206|rss
3213|c#
3213|integer
3224|javascript
3224|css
3224|http
3224|caching
3230|c++
3230|visual-studio
3231|c++
3231|c
3231|midi
3231|signal-processing
3232|regex
3232|validation
3232|user-interface
3234|c#
3247|interview-questions
3248|c#
3248|documentation
3248|conventions
3255|algorithm
3255|optimization
3255|complexity-theory
3255|big-o
3255|performance
3260|algorithm
3260|language-agnostic
3272|sql
3272|web-services
3272|service
3272|triggers
3272|timer
3281|ruby
3281|maps
3281|reduce
3284|c#
3284|.net
3284|language-design
3295|stackoverflow
3305|asp.net
3305|hosting
3315|c#
3315|foreach
3315|ienumerable
3315|ienumerator
3319|javascript
3319|css
3332|pornography
3337|language-agnostic
3337|polls
3340|stackoverflow
3362|javascript
3362|user-interface
3374|windows
3374|vpn
3374|openvpn
3376|tools
3376|environment
3382|stackoverflow
3382|meta
3385|javascript
3385|mac-address
3392|php
3392|tools
3392|ide
3396|rhostmush
3396|softcode
3396|mush
3400|sql-server
3400|full-text-search
3404|javascript
3404|internet-explorer
3404|debugging
3408|ruby-on-rails
3408|windows
3408|ruby
3408|ide
3432|mysql
3432|sql
3432|sql-update
3437|google-maps
3437|iframe
3437|ssl
3437|https
3447|xhtml
3447|markup
3448|xhtml
3448|markup
3452|sql-server
3452|osx
3470|sql-server
3470|sql-server-2005
3472|stackoverflow
3472|api
3477|stackoverflow
3486|security
3486|apache
3486|mod-rewrite
3486|http-referer
3490|stackoverflow
3490|badge
3505|.net
3505|database
3505|orm
3505|devforce
3510|math
3512|c#
3512|directory
3512|file-management
3530|ruby
3530|rake
3530|command-line-interface
3544|vb.net
3544|visual-studio
3544|installer
3544|clickonce
3553|self-improvement
3553|education
3553|career-development
3567|sql
3567|sql-server
3568|interview-questions
3585|mysql
3585|ruby-on-rails
3585|ruby
3589|sql
3589|sql-server
3589|oracle
3589|sql-server-2005
3589|backup
3594|sap
3594|social
3607|svn
3607|tortoisesvn
3607|integration
3607|fogbugz
3611|php
3611|windows
3611|iis
3611|upload
3615|.net
3615|silverlight
3615|sqlite
3619|project-management
3625|devexpress
3626|issue-tracking
3630|mysql
3630|database
3630|sqlite
3630|comparison
3636|software-engineering
3654|html
3654|xml
3654|xhtml
3666|flex
3666|actionscript-3
3666|air
3667|svn
3667|deployment
3670|coding-style
3670|diplomacy
3682|sql
3682|mysql
3684|stackoverflow
3684|abuse
3685|stackoverflow
3707|osx
3707|hardware
3707|ram
3708|stackoverflow
3708|best-answer
3713|javascript
3713|c#
3713|asp.net
3713|onclick
3725|c#
3725|user-interface
3727|stackoverflow
3739|sharepoint
3739|timer
3739|privileges
3739|stsadm
3739|event-viewer
3743|stackoverflow
3743|markdown
3746|linux
3746|bash
3746|configuration
3746|settings
3746|profile
3748|database
3748|image
3748|theory
3748|storage
3748|blob
3757|asp.net
3757|controls
3757|propertygrid
3767|installer
3767|installation
3767|windows-installer
3767|setup
3781|user-interface
3781|prototyping
3787|stackoverflow
3789|sql-server
3789|microsoft
3790|windows
3790|64bit
3790|wmi
3793|.net
3793|xml
3793|xelement
3793|innerxml
3798|mysql
3798|oracle
3798|replication
3801|asp.net
3801|windows
3801|iis
3801|hardware
3802|language-agnostic
3802|format
3809|visual-studio
3809|visual-studio-2005
3809|line-numbers
3813|stackoverflow
3823|sql
3823|sql-server
3823|database
3823|audit
3830|productivity
3831|asp.net
3831|http
3831|session
3839|mysql
3839|sql
3839|oracle
3839|union
3856|flex
3856|actionscript-3
3859|version-control
3867|visual-studio
3867|msbuild
3867|wix
3867|build-automation
3867|vdproj
3868|javascript
3868|firefox
3868|dom
3879|stackoverflow
3879|openid
3879|votes
3881|java
3881|exception
3881|null
3881|nullpointerexception
3881|illegalargumentexception
3894|sql-server
3894|tsql
3894|sql-server-2005
3903|c#
3903|windows
3903|registry
3927|c#
3927|.net
3927|profiling
3927|profiler
3942|.net
3942|vb.net
3947|productivity
3947|music
3962|.net
3962|mysql
3962|sql-server
3962|vb.net
3962|lamp
3975|sql-server
3975|sql-server-2005
3976|python
3976|linux
3976|osx
3976|serial-port
3978|php
3978|oop
3978|paradigms
3978|procedural
3984|.net
3984|visual-studio
3984|tdd
3984|mbunit
3984|testdriven.net
3992|testing
3992|asynchronous
3992|multithreading
3996|osx
3996|windows-vista
3996|smb
3999|c#
3999|.net
3999|sql-server
4000|stackoverflow
4000|productivity
4000|michael-stum
4002|self-improvement
4002|homework
4004|.net
4004|authentication
4004|encryption
4004|ssl
4034|asp.net-mvc
4034|internationalization
4034|multilingual
4046|java-ee
4046|deployment
4046|ant
4046|websphere
4046|ear
4051|c
4052|sql-server
4052|sql-server-2005
4052|full-text-search
4062|language-agnostic
4062|caching
4072|svn
4072|merge
4077|stackoverflow
4077|legal
4077|policy
4080|java
4080|code-coverage
4080|static-analysis
4101|code-snippets
4108|stackoverflow
4108|comparison
4108|evaluation
4108|benchmarking
4110|sql
4110|sql-server
4110|database
4110|diagram
4116|stackoverflow
4121|coding-style
4138|vb.net
4138|svn
4138|tortoisesvn
4141|stackoverflow
4141|reputation
4149|java
4149|file
4149|file-io
4151|.net
4151|caching
4157|c#
4157|.net
4157|performance
4157|configuration
4157|properties
4163|stackoverflow
4163|offensive
4163|abuse
4163|user
4164|frameworks
4164|content-management-system
4167|streaming
4167|webcam
4168|algorithm
4168|sorting
4168|graph
4168|directed-graph
4170|ado.net
4176|ruby
4191|hardware
4191|harddrive
4191|ssd
4199|stackoverflow
4199|textbox
4199|cursor
4199|search
4208|windows
4208|unix
4208|process-management
4219|svn
4219|tfs
4221|c#
4221|asp.net
4221|database
4221|linq
4221|linq-to-sql
4224|game-development
4224|language-agnostic
4224|maps
4225|language-agnostic
4225|maps
4225|voronoi
4227|c#
4227|.net
4227|dictionary
4230|asp.net
4234|c#
4234|messaging
4234|activemq
4240|stackoverflow
4240|knowledge
4240|popularity
4240|formula
4240|rating
4242|java
4242|autoboxing
4246|sql-server
4246|ftp
4269|mobile
4269|sms
4287|erlang
4303|testing
4303|tdd
4305|.net
4305|hosting
4306|c++
4306|oop
4306|data-structures
4306|hash
4306|maps
4314|testing
4314|mocking
4320|asp.net
4320|business-logic-layer
4320|objectdatasource
4321|stackoverflow
4321|badge
4333|unit-testing
4333|tdd
4335|c#
4335|.net
4335|wcf
4335|soa
4339|stackoverflow
4347|winapi
4347|qt
4347|mfc
4349|stackoverflow
4349|reputation
4363|c#
4363|asp.net
4363|visual-studio
4363|unit-testing
4369|php
4371|mysql
4387|documentation
4387|generator
4392|javascript
4392|debugging
4392|ide
4392|xul
4392|xulrunner
4393|sql
4393|sql-server
4393|scripting
4393|dynamic-sql
4409|untagged
4416|.net-3.5
4417|stackoverflow
4418|ruby
4418|proxy
4418|rubygems
4418|ironruby
4423|stackoverflow
4430|php
4430|web-services
4430|visual-studio
4430|wsdl
4432|c#
4432|csv
4433|operating-system
4433|windows-xp
4433|windows-vista
4434|.net
4434|visual-studio
4434|ide
4442|.net
4442|unit-testing
4442|code-review
4442|rhino-mocks
4442|mocking
4452|ergonomics
4458|t4
4458|dsl
4458|vsx
4463|stackoverflow
4463|badge
4463|enhancements
4478|fun
4478|webcomic
4478|xkcd
4494|language-agnostic
4494|seo
4506|language-agnostic
4506|http
4508|.net
4508|email
4508|pinvoke
4508|mapi
4510|productivity
4510|ergonomics
4511|sql
4511|sql-server
4511|database
4511|sql-server-2008
4511|intellisense
4519|unix
4519|vpn
4519|xming
4529|sql-server-2005
4529|sql-server-2008
4529|installation
4530|stackoverflow
4530|openid
4530|account
4533|language-agnostic
4533|http
4533|webserver
4533|header
4533|etag
4541|database
4541|logging
4541|text-files
4541|olap
4543|performance
4543|file
4543|csv
4543|filehelpers
4544|javascript
4544|firefox
4544|delicious-api
4545|html
4545|tags
4556|c#
4556|performance
4556|loops
4565|networking
4565|modem
4565|qos
4565|adsl
4581|stackoverflow
4581|welcome
4582|video
4582|compression
4582|dct
4604|language-agnostic
4610|c#
4610|.net
4612|c#
4612|performance
4612|compiler-construction
4617|version-control
4617|mercurial
4617|dvcs
4622|sql
4622|sql-server
4622|database
4622|oracle
4622|syntax
4627|asp.net
4627|.net-3.5
4629|c#
4629|reflection
4629|properties
4629|c#-2.0
4630|java
4630|jni
4630|java-web-start
4630|nativelibrary
4638|windows
4638|winapi
4638|moniker
4648|javascript
4648|stackoverflow
4648|markdown
4648|hacking
4651|books
4651|readinglist
4661|openid
4664|c#
4664|.net
4664|namespaces
4665|windows
4665|testing
4670|version-control
4670|dvcs
4677|ruby
4677|design-patterns
4677|singleton
4684|vmware
4684|virtualization
4689|fonts
4689|development-environment
4724|functional-programming
4724|lisp
4726|web-applications
4726|software-engineering
4726|configuration-management
4736|regex
4738|asp.net
4738|configuration
4738|asp-classic
4745|asp.net-mvc
4745|webforms
4749|stackoverflow
4752|sql-server
4752|database
4752|sharepoint
4752|search
4752|ssp
4766|microcontroller
4767|microcontroller
4769|programming-languages
4773|stackoverflow
4782|sql-server
4782|linq
4782|performance
4782|linq-to-sql
4783|c#
4783|asp.net
4783|jquery
4783|interview-questions
4785|deployment
4785|websphere
4785|cluster-computing
4791|stackoverflow
4794|flex
4794|actionscript-3
4794|air
4794|obfuscation
4816|c#
4816|.net
4816|dns
4816|reverse-dns
4822|intervention
4824|c
4824|string
4839|zend-studio
4839|code-completion
4845|books
4845|x86
4845|recommendation
4845|assembly
4849|c#
4849|browser
4850|c#
4850|user-interface
4850|directx
4859|stackoverflow
4860|xml
4860|xml-signature
4864|stackoverflow
4864|css
4864|xhtml
4870|regex
4870|ansi
4880|html
4880|email
4880|forms
4880|confirm
4884|javascript
4884|events
4884|dom
4884|keyboard
4891|sql
4891|database
4894|stackoverflow
4894|grid
4901|stackoverflow
4911|asp.net
4911|authentication
4913|c#
4913|.net
4913|winforms
4913|user-interface
4913|button
4922|java
4922|primitive
4922|autoboxing
4923|javascript
4923|jquery
4923|html
4923|css
4923|cfml
4930|c#
4930|.net
4930|sharepoint
4930|assemblies
4939|linq-to-sql
4941|hardware
4941|virtual
4941|monitor
4941|environment
4942|php
4942|python
4942|ruby-on-rails
4942|ruby
4943|language-agnostic
4949|php
4949|svn
4949|version-control
4949|cvs
4952|database
4952|svn
4952|version-control
4954|regex
4973|html
4973|css
4977|stackoverflow
4986|web-applications
4994|sql
4994|sql-server
4994|schema
4994|ddl
4995|websphere
4995|ibm
4998|testing
5002|.net
5002|remoting
5002|performance
5002|vpn
5002|wireless
5003|productivity
5010|conferences
5013|deployment
5013|websphere
5017|flex
5017|actionscript-3
5017|air
5024|perl
5025|php
5025|sql-server
5025|database
5025|sql-server-2005
5027|asp.net
5027|size
5027|menu
5033|dependency-injection
5033|inversion-of-control
5043|culture
5060|cms
5060|joomla
5060|asp.net
5061|asp.net
5061|content-management-system
5061|joomla
5071|cvs
5075|mysql
5075|database
5078|linux
5078|security
5078|webserver
5084|osx
5084|firefox
5084|upload
5087|ruby-on-rails
5087|ruby
5087|grails
5087|groovy
5100|software-tools
5102|python
5102|apache
5102|apache2
5118|javascript
5118|html
5118|asp.net
5118|css
5119|language-agnostic
5119|resources
5134|svn
5134|hook
5134|svn-hooks
5136|python
5136|c
5136|matlab
5138|polls
5138|webcomic
5138|programming-culture
5142|sql
5142|firebird
5142|interbase
5152|stackoverflow
5152|knowledge
5170|sql-server
5179|javascript
5179|c#
5179|asp.net
5179|forms
5179|postback
5188|asmx
5191|stackoverflow
5194|c#
5194|linq
5194|.net-3.5
5194|lambda
5196|resources
5196|jobs
5196|job-boards
5198|stackoverflow
5198|beta
5198|google
5214|php
5214|layout
5214|standards
5222|java
5222|http
5222|servlets
5223|javascript
5223|javascript-objects
5226|html
5226|semantic-markup
5237|asp.net
5237|iis
5237|virtual-directory
5242|user-interface
5242|usability
5251|gwt
5251|charts
5260|vb.net
5260|date
5263|.net
5263|database
5263|ado.net
5264|reporting-services
5269|c#
5269|language-agnostic
5269|compiler-construction
5269|logic
5294|music
5307|c#
5307|winforms
5313|python
5313|user-interface
5313|markup
5323|css
5326|documentation
5326|software-engineering
5328|java
5328|exception
5328|mocking
5328|try-catch
5329|tfs
5329|workflow
5329|lifecycle
5329|cmmi
5329|msf
5349|membership
5358|stackoverflow
5358|culture
5367|stackoverflow
5373|seo
5373|social
5373|social-networking
5373|permalink
5374|xslt
5377|stackoverflow
5377|culture
5383|tools
5383|compression
5383|zip
5383|application
5396|sql-server
5396|sql-server-2008
5396|iis
5397|asp.net
5397|web-applications
5397|e-commerce
5415|python
5415|floating-point
5419|python
5419|unicode
5425|html
5425|xml
5425|comments
5425|sgml
5428|conventions
5428|hungarian-notation
5428|self-documenting-code
5446|projects
5446|project-planning
5446|teamwork
5446|leader
5459|php
5459|oop
5460|community-server
5463|stackoverflow
5463|reputation
5463|votes
5473|git
5473|version-control
5473|git-reset
5478|stackoverflow
5478|badge
5482|asp.net
5482|javascript
5482|asp.net-ajax
5494|sharepoint
5494|iis
5494|moss
5494|wss
5507|windows
5507|winapi
5509|memory-leaks
5509|rational
5509|purify
5511|wpf
5514|java
5514|mvc
5514|jsf
5514|frameworks
5516|c#
5516|.net
5516|java
5516|crossplatform
5526|web2.0
5526|microformats
5527|java
5527|j#
5529|stackoverflow
5529|clickfraud
5529|hitcounter
5529|popular
5544|asp.net-mvc
5562|desktop
5562|laptop
5564|stackoverflow
5564|reputation
5564|votes
5594|sql-server-2008
5597|python
5598|web-services
5598|rest
5598|wsdl
5600|sql-server
5600|indexing
5605|http
5605|emacs
5606|licensing
5606|product-management
5611|php
5611|security
5611|random
5618|.net
5618|ajax
5618|sharepoint
5619|ajax
5619|debugging
5619|internet-explorer
5619|ssl
5619|internet-explorer-6
5628|asp.net-mvc
5629|html
5629|html5
5629|doctype
5648|stackoverflow
5648|podcast
5649|xcode
5649|osx
5649|x86
5649|assembly
5651|java
5651|c++
5667|informix
5667|spl
5672|design
5672|gui
5674|wiki
5674|fogbugz
5682|unicode
5682|utf-8
5682|fonts
5690|asp.net-mvc
5690|asp.net-mvc-routing
5694|c#
5694|visual-studio
5704|.net
5706|c#
5706|asp.net
5706|request
5710|community-server
5710|home-server
5724|windows
5724|shell
5724|cmd
5727|c++
5727|c
5727|pointers
5729|stackoverflow
5741|firefox
5741|firebug
5743|.net
5743|windows
5743|graphing
5759|vb.net
5759|loops
5759|vb6
5759|exit
5773|stackoverflow
5773|search
5773|pagerank
5773|spidering
5787|c#
5791|vb.net
5791|nothing
5793|stackoverflow
5793|youtube
5794|browser
5795|c#
5802|sql
5802|database
5802|inheritance
5802|sql-server-2005
5821|sql-server
5831|c#
5831|file
5831|patch
5833|html
5833|open-source
5833|editor
5833|free
5833|wysiwyg
5842|mysql
5842|database
5842|ms-access
5846|php
5846|mysql
5855|java
5855|build-automation
5855|rcp
5855|jnlp
5857|mailto
5863|c#
5863|.net
5863|wcf
5863|web-services
5863|backwards-compatibility
5864|language-agnostic
5864|code-review
5864|collaboration
5872|php
5872|svn
5872|scripting
5872|tortoisesvn
5872|build-process
5874|upload
5874|ftp
5876|dns
5876|dnsmasq
5880|architecture
5880|n-tier
5881|firefox
5892|c++
5892|visual-c++
5892|linker
5892|vc6
5894|c#
5894|controls
5894|tree
5894|genealogy
5905|interview-questions
5905|resume
5905|cv
5908|sql-server
5908|logging
5908|statistics
5909|python
5909|urllib
5913|javascript
5913|dom
5913|browser
5913|client-scripting
5916|visual-studio
5916|folding
5918|yahoo-api
5918|yahoo-maps
5948|svn
5949|database
5949|web-applications
5949|uuid
5966|python
5966|data-structures
5982|flex
5982|actionscript-3
5982|air
5989|career-development
5997|.net
5997|winforms
6007|log4net
6009|svn
6009|git
6009|version-control
6009|cvs
6021|tools
6021|project-planning
6021|product-management
6023|html
6023|chm
6023|helpfile
6047|gltail
6067|career-development
6067|jobs
6068|svn
6068|osx
6068|version-control
6076|asp.net
6076|vb.net
6080|authentication
6080|web-applications
6080|account
6085|build-automation
6085|versions
6085|archive
6110|database
6113|.net
6113|sql-server
6113|connection-string
6126|language-agnostic
6126|if-statement
6130|svn
6130|subclipse
6134|linux
6134|bash
6134|unix
6134|process
6151|windows
6151|visual-studio
6151|tfs
6155|svn
6155|version-control
6155|scripting
6155|svn-hooks
6166|php
6166|ide
6173|.net
6173|html
6173|regex
6184|c#
6184|.net
6184|winforms
6184|multithreading
6184|events
6207|.net
6207|scsf
6207|software-factory
6208|css
6208|firefox
6208|ubuntu
6209|language-agnostic
6209|parsing
6209|csv
6210|.net
6210|email
6222|java
6222|eclipse
6222|eclipse-3.4
6222|ganymede
6231|hardware
6231|monitor
6231|environment
6231|multiple-monitors
6245|untagged
6267|windows
6267|internet-explorer
6267|plugins
6267|customization
6267|hacking
6281|hr
6281|spying
6281|legal
6284|.net
6284|visual-studio
6284|tfs
6298|stackoverflow
6298|markdown
6301|c#
6301|.net
6301|int
6301|uint
6325|c#
6325|.net
6325|unsigned-integer
6325|cls-compliant
6326|css
6326|ruby-on-rails
6326|haml
6327|exercise
6329|hardware
6329|ergonomics
6329|mouse
6329|rsi
6339|osx
6339|webkit
6340|sql
6340|mysql
6340|foreign-keys
6361|c++
6365|visual-studio
6365|msdnsubscriptions
6369|sql
6369|sybase-ase
6371|mysql
6371|svn
6373|javascript
6378|outlook
6378|gmail
6378|icalendar
6378|recurrence
6392|java
6392|linux
6392|timezone
6396|programming-languages
6396|self-improvement
6396|education
6406|c#
6406|.net
6414|c#
6414|loops
6414|enumeration
6426|javascript
6426|ajax
6426|google-app-engine
6426|web-applications
6426|graph
6430|winforms
6440|.net
6440|redistributable
6441|javascript
6441|html
6441|radio-button
6459|new-project
6467|unix
6467|shell
6467|date
6467|math
6467|scripting
6475|performance
6475|unix
6475|awk
6475|aix
6484|unit-testing
6484|language-agnostic
6484|tdd
6484|mocking
6485|mocking
6485|tdd
6485|language-agnostic
6485|howto
6498|stackoverflow
6498|tags
6498|filter
6499|javascript
6512|c
6512|lisp
6512|scheme
6512|continuations
6519|sql
6520|books
6530|asp.net
6530|logging
6530|permissions
6532|stackoverflow
6547|algorithm
6547|puzzle
6557|c#
6557|.net
6557|generics
6557|covariance
6557|type-safety
6578|iphone
6578|objective-c
6578|cocoa
6578|memory
6579|methods
6579|software-engineering
6579|agile
6594|php
6594|migration
6599|stackoverflow
6599|notifications
6607|windows
6607|registry
6607|settings
6607|configuration-files
6607|ini
6611|internet-explorer
6611|browser
6611|internet-explorer-6
6611|compatibility
6612|java
6612|plot
6612|configuration
6612|freeware
6613|language-agnostic
6613|rule-engine
6623|c#
6623|visual-studio
6623|msbuild
6628|php
6628|syntax
6633|php
6633|register-globals
6639|java
6639|file
6639|loading
6642|browser
6642|compatibility
6658|java
6658|testing
6658|junit
6658|testng
6661|javascript
6661|browser
6661|client-scripting
6663|stackoverflow
6666|.net
6666|wcf
6666|web-services
6666|visual-studio
6666|asmx
6681|c#
6681|asp.net
6681|web-services
6682|java
6682|tutorials
6682|aop
6703|oop
6706|windows
6706|career-development
6719|asp.net
6719|.net
6719|master-pages
6719|asp.net-2.0
6729|user-interface
6729|design
6729|icons
6732|firefox
6732|ubuntu
6732|favicon
6743|untagged
6753|linux
6753|java-7
6753|openjdk
6753|icedtea
6759|authentication
6759|openid
6759|recommendation
6765|java
6765|sql-server
6778|flash
6778|firefox
6778|safari
6785|c#
6785|vb.net
6785|performance
6785|stringbuilder
6785|string.format
6798|untagged
6806|ruby
6811|unix
6811|compression
6811|gzip
6811|base64
6812|linux
6812|keyboard
6812|debian
6816|java
6816|eclipse
6816|search
6817|performance
6817|multithreading
6817|scalability
6817|malloc
6818|stackoverflow
6834|recreational-programming
6847|security
6847|defensive-programming
6859|plugins
6859|lua
6859|add-on
6859|world-of-warcraft
6890|c#
6890|multithreading
6890|compact-framework
6891|.net
6891|exception
6891|optimization
6891|performance
6892|stackoverflow
6892|polls
6899|sql
6899|sql-server
6904|c#
6904|visual-studio
6904|windows-mobile
6904|compact-framework
6904|corecon
6909|productivity
6913|forms
6913|vb6
6913|code-reuse
6915|c++
6915|multithreading
6915|singleton
6915|construction
6915|lazy-initialization
6918|jeff
6926|shader
6932|audio
6932|video
6932|mp3
6932|flv
6932|mp4
6936|python
6936|stackoverflow
6936|screen-scraping
6936|so-tool
6937|visual-studio
6937|monitor
6937|multiple-monitors
6957|performance
6957|multithreading
6957|malloc
6957|google-perftools
6964|stackoverflow
6964|upvote
6973|c#
6973|visual-studio
6973|resources
6979|linux
6979|repair
6988|non-technical
7002|javascript
7002|design-patterns
7015|c#
7015|multithreading
7017|xna
7017|button
7017|skins
7031|php
7031|javascript
7031|design
7034|javascript
7034|jquery
7034|data-structures
7034|graph-layout
7035|linux
7035|bash
7035|scripting
7035|ubuntu
7035|gtk
7047|software-engineering
7050|project-management
7051|team
7051|passion
7053|team
7053|passion
7061|stackoverflow
7061|academia
7074|c#
7074|string
7074|types
7084|c
7084|embedded
7089|css
7089|cross-browser
7089|rounded-corners
7089|css3
7095|c#
7095|multithreading
7095|singleton
7113|certification
7113|mcts
7113|mcpd
7114|.net
7114|usersgroup
7115|.net
7115|usersgroup
7118|javascript
7118|internet-explorer
7118|safari
7121|untagged
7136|ignoreme
7137|productivity
7137|filenames
7138|networking
7138|vpn
7139|release
7139|beta
7139|versions
7170|python
7170|web-applications
7170|frameworks
7170|lamp
7173|svn
7174|sharepoint
7174|workflow
7180|.net
7180|animation
7190|svn
7190|continuous-integration
7209|c++
7209|c
7209|nintendo-ds
7211|sql
7211|mysql
7211|database
7211|sqlite
7212|flex
7212|actionscript-3
7212|extension-methods
7214|apache
7214|configuration
7214|webserver
7214|resin
7214|caucho
7224|vb.net
7224|scrollbar
7229|mental-health
7231|.net
7231|email
7231|pop3
7231|bouncedemail
7237|sql-server
7237|database
7244|c#
7244|.net
7244|enums
7244|flags
7245|algorithm
7245|language-agnostic
7245|math
7245|geometry
7251|career-development
7252|unit-testing
7252|testing
7260|linux
7260|ssh
7269|java
7269|swing
7269|applet
7272|language-agnostic
7272|primes
7277|xml
7277|xslt
7277|xhtml
7277|whitespace
7277|line-breaks
7284|theory
7284|turing-machines
7284|turing-complete
7287|unit-testing
7287|refactoring
7287|legacy
7291|java
7291|static-analysis
7301|career-development
7301|education
7304|stackoverflow
7304|profit
7308|hacking
7308|buffer-overflow
7321|questions
7321|answer
7321|clarification
7326|stackoverflow
7326|licensing
7326|creative-commons
7329|stackoverflow
7329|tags
7329|favorites
7335|stackoverflow
7335|source-code
7335|open-source
7348|windows-mobile
7348|compact-framework
7348|zip
7348|components
7364|php
7364|pdf
7366|pdf
7367|c#
7367|.net
7367|vb.net
7367|visual-studio
7388|language-agnostic
7388|ide
7398|c
7398|linux
7398|unix
7398|autoconf
7398|automake
7428|stackoverflow
7430|stackoverflow
7430|etiquette
7440|unit-testing
7440|user-interface
7440|selenium
7470|php
7470|web-applications
7472|wpf
7472|data-binding
7477|javascript
7477|html
7477|css
7477|prototypejs
7489|c++
7489|user-interface
7492|web-applications
7492|stress-testing
7492|performance
7492|webapplicationstresstool
7492|pylot
7503|c#
7503|linq
7503|linq-to-objects
7517|sql
7517|sql-server
7517|database
7525|c++
7525|memory
7525|stack
7525|heap
7526|programming-languages
7535|sql-server
7535|sql-server-2008
7535|sql-server-2005
7539|java
7539|math
7539|bigdecimal
7539|mathcontext
7540|javascript
7540|firefox
7540|memory
7540|cpu
7541|codinghorror
7541|jeff
7551|wcf
7551|security
7551|rest
7551|authorization
7551|rest-security
7558|events
7558|tree
7558|sap
7558|abap
7565|stackoverflow
7565|uservoice
7571|objective-c
7571|osx
7571|cocoa
7579|sql-server
7579|rebuild
7579|maintenance-plan
7579|reorganize
7586|c#
7586|.net
7586|wpf
7586|xaml
7592|javascript
7592|email
7596|java
7596|architecture
7603|web-services
7603|ws-security
7614|unit-testing
7621|stackoverflow
7621|localization
7622|c
7622|binary
7622|bit-manipulation
7622|bit-shift
7630|monitor
7642|vb.net
7642|convention
7651|perl
7651|arrays
7651|unique
7651|duplicates
7652|database
7652|linq
7652|orm
7655|stackoverflow
7655|jobs
7661|java
7661|google-maps
7661|mapping
7661|wgs84
7662|database
7662|database-design
7662|language-agnostic
7662|naming-conventions
7664|c++
7664|windows
7664|redirect
7665|bash
7665|shell
7665|scripting
7665|symlink
7674|flash
7674|video
7676|sql-server
7681|java
7681|xml
7681|string
7681|serialization
7681|encoding
7685|algorithm
7685|sorting
7685|linked-list
7685|mergesort
7693|career-development
7693|contracting
7694|sql-server
7694|msdtc
7702|powerpoint
7707|internet-explorer-8
7707|overflow
7707|css
7709|asp.net
7709|vb.net
7709|datatable
7709|dataview
7719|c#
7719|.net
7719|events
7719|windows-mobile
7720|java
7720|windows
7720|swt
7720|executable
7720|software-distribution
7726|flash
7726|video
7737|windows
7737|opengl
7737|unicode
7743|career-development
7758|.net
7758|wpf
7758|silverlight
7758|xaml
7758|binding
7773|asp.net
7773|javascript
7779|java
7779|eclipse
7779|rcp
7779|myeclipse
7804|stackoverflow
7804|openid
7820|database
7820|postgresql
7837|.net
7837|wpf
7846|xml
7851|php
7851|unix
7864|ruby-on-rails
7864|design-patterns
7864|oop
7864|activerecord
7867|performance
7867|iis
7867|stress-testing
7868|.net
7868|design-patterns
7868|model-view-controller
7873|asp.net
7873|webforms
7880|c++
7880|file
7880|io
7884|tsql
7884|indexing
7884|inequality
7885|perl
7885|oop
7885|syntax
7889|stackoverflow
7889|questions
7889|offensive
7899|stackoverflow
7899|beta
7909|stackoverflow
7909|belongs-on-uservoice
7913|svn
7913|hook
7913|post-commit
7913|post-commit-hook
7917|mysql
7917|regex
7917|string
7933|tsql
7933|sysobjects
7937|html
7937|css
7937|internet-explorer-6
7937|html-select
7940|css
7940|validation
7940|xhtml
7940|cross-browser
7940|w3c
7954|sql-server
7954|backup
7963|jobs
7973|user-interface
7975|css
7975|design
7975|browser
7981|c
7981|qt
7981|printf
7981|qstring
7990|c#
7990|.net
7990|windows-services
7990|printing
7991|c#
7991|graphics
7991|compact-framework
7992|version
7992|control
7992|versioncontrol
7992|git
7992|svn
8002|stackoverflow
8004|windows
8004|user-interface
8004|rsync
8008|itunes
8008|iphone
8021|unix
8021|ssh
8027|user-interface
8027|colors
8033|.net
8033|migration
8042|c#
8042|.net-3.5
8042|extension-methods
8044|business
8050|linq
8050|.net-3.5
8066|.net
8066|user-controls
8066|interface
8087|database
8087|design-patterns
8106|.net
8106|linq
8106|performance
8106|.net-3.5
8106|benchmarking
8107|mysql
8107|replication
8107|fallback
8107|binary-log
8127|visual-studio
8127|continuous-integration
8127|cruisecontrol.net
8127|visualsvn-server
8128|.net
8128|crc32
8140|plugins
8140|extensibility
8142|.net
8142|linq-to-sql
8145|sql
8145|oracle
8145|session
8147|asp.net-mvc
8147|html-helper
8154|python
8154|mysql
8154|pylons
8166|mysql
8166|replication
8170|resources
8175|stackoverflow
8175|url
8175|tabs
8198|stackoverflow
8198|cooperation
8202|sofaq
8213|sql
8213|csv
8213|insert
8213|firebird
8214|wpf
8214|user-interface
8214|instrumentation
8219|java
8219|testing
8219|enterprise
8223|c#
8223|.net
8223|sql-server
8223|connection-pooling
8228|email
8228|dll
8228|exchange-server
8228|entourage
8236|c
8236|file
8236|io
8236|filesize
8263|c++
8263|visual-studio
8263|debugging
8263|visual-studio-2003
8263|first-chance-exception
8265|.net
8265|design-patterns
8265|unit-of-work
8276|php
8276|perl
8276|orm
8284|design
8284|icons
8284|favicon
8293|grammar
8293|character
8306|svn
8306|repository
8306|redundancy
8318|java
8318|security
8318|jboss
8323|stackoverflow
8323|podcast
8348|c#
8348|.net
8348|error-handling
8351|debugging
8351|internet-explorer
8351|firebug
8355|apache
8355|mod-rewrite
8355|https
8365|mysql
8365|backup
8370|stackoverflow
8371|apache
8371|ssl
8371|redirect
8371|https
8383|sql-server
8383|reporting-services
8383|visual-studio-2005
8398|javascript
8398|visual-studio
8398|visual-studio-2005
8398|debugging
8407|stackoverflow
8418|sofaq
8422|sql-server
8422|sql-server-2005
8422|reporting-services
8422|reportingservices-2005
8435|windows
8435|icons
8439|sql-server-2005
8439|reporting-services
8440|.net
8440|visual-studio
8440|ide
8441|.htaccess
8441|mod-rewrite
8443|c++
8443|windows
8443|debugging
8443|visual-c++
8443|vc6
8447|c#
8447|enums
8447|flags
8448|f#
8448|functional-programming
8448|currying
8451|c++
8451|security
8451|memory
8451|ram-scraping
8452|wpf
8452|design-patterns
8452|command
8472|security
8472|language-agnostic
8472|captcha
8485|asp.net-mvc
8485|forms
8485|asp.net-mvc-routing
8493|email
8493|unix
8493|procmail
8496|svn
8496|tortoisesvn
8506|practice
8508|monitor
8508|alert
8517|lucene
8527|stackoverflow
8527|questions
8527|answer
8527|best-answer
8532|exception
8532|lucene
8545|hardware
8545|storage
8546|c#
8546|multithreading
8546|locking
8549|visual-studio
8549|refactoring
8549|methods
8566|c#
8566|winforms
8566|controls
8569|java
8569|spring
8569|java-ee
8569|aop
8578|stackoverflow
8578|blogs
8585|.net
8585|windows
8599|java
8599|xml
8599|java-me
8599|mobile
8604|c#
8604|.net
8604|vb.net
8604|winforms
8604|controls
8607|c#
8607|emacs
8609|mysql
8609|sql
8609|database
8609|seeding
8612|visual-studio-2005
8622|c
8622|sdk
8624|render
8625|c#
8625|generics
8625|primitive
8625|type-safety
8626|linux
8626|virtual-machine
8626|globus-toolkit
8648|c#
8648|recycle-bin
8651|asp.net
8651|linq
8653|.net
8653|formatting
8653|numeric
8669|asp.net
8669|crystal-reports
8669|dataset
8676|.net
8676|entity-framework
8676|linq-to-sql
8681|jquery
8681|validation
8681|opera
8685|php
8685|date
8685|strtotime
8688|visual-studio
8688|visual-studio-2008
8688|visual-studio-2008-sp1
8691|c#
8691|user-controls
8691|windows-mobile
8692|python
8692|xml
8692|dom
8692|xpath
8692|nodes
8702|ide
8702|asp-classic
8702|vbscript
8704|exception
8704|executable
8704|mixed
8704|unhandled
8715|database
8715|logging
8715|instrumentation
8722|.net
8722|powershell
8722|command-line
8722|scripting
8726|php
8726|http
8726|ftp
8726|pear
8726|server-response
8728|delphi
8728|forms
8728|mdi
8742|.net
8742|timer
8747|svn
8747|version-control
8748|c++
8748|python
8748|linux
8749|.net
8749|pdf
8749|printing
8749|service
8756|iphone
8756|web-applications
8756|dashcode
8761|colors
8761|mfc-feature-pack
8763|c#
8763|.net
8763|midi
8785|stackoverflow
8790|ant
8790|build-process
8795|mysql
8795|stored-procedures
8800|c#
8800|data-structures
8800|collections
8807|activereports
8830|osx
8830|adobe
8830|applescript
8830|acrobat
8832|apache
8832|mod-rewrite
8832|seo
8836|language-agnostic
8842|ajax
8842|projects
8849|sharepoint
8849|connection-string
8864|php
8864|null
8876|fogbugz
8880|winapi
8885|asp.net
8885|security
8885|asp-classic
8885|reference
8893|c#
8893|database
8894|php
8894|database
8894|postgresql
8894|phppgadmin
8896|c#
8896|c++
8896|windows
8896|64bit
8896|memcached
8919|c#
8919|.net-1.1
8921|language-agnostic
8921|self-improvement
8939|flash
8939|actionscript-3
8939|sockets
8939|xmlsocket
8940|linux
8940|vmware
8940|sysadmin
8940|nic
8941|c#
8941|generics
8941|primitive
8941|type-safety
8948|python
8948|mp3
8948|metadata
8950|sharepoint
8950|osx
8950|wss
8952|sql-server
8952|database
8952|filesystems
8952|storage
8966|c#
8966|.net
8966|.net-3.5
8966|wia
8966|image-scanner
8968|java
8968|spring
8968|workflow
8970|objective-c
8970|osx
8970|webcam
8970|isight
8985|stackoverflow
8985|meta-question
8986|stackoverflow
8986|badge
8987|c#
8987|.net
8987|sql
9002|sql-server
9009|perl
9009|conditional-operator
9009|operator-precedence
9014|stackoverflow
9018|visual-studio
9018|windows-mobile
9018|emulator
9018|device
9019|tsql
9019|validation
9019|datetime
9019|varchar
9019|sybase-ase
9022|asp.net
9022|html
9022|encoding
9024|iis
9024|ssl
9033|c#
9033|tips-and-tricks
9033|hidden-features
9044|java
9044|testng
9051|wordpress
9051|formatting
9051|syntax-highlighting
9051|blogs
9052|ms-access
9052|active-directory
9072|javascript
9072|drag-and-drop
9072|yui
9081|search
9081|logging
9081|grep
9081|command-line-interface
9091|.net
9091|video
9091|audio
9091|mp3
9097|java
9097|c
9097|guide
9104|javascript
9104|bookmarklet
9104|bookmarks
9122|mysql
9122|select
9136|c#
9136|configuration
9136|enterprise-library
9141|windows-xp
9141|language
9143|bug-tracking
9143|fogbugz
9143|ontime
9157|hardware
9157|laptop
9157|developer-machine
9161|vb.net
9161|file-extension
9173|c#
9173|.net
9173|dependencies
9185|mysql
9185|windows
9191|windows
9191|multithreading
9191|file-io
9204|.net
9204|debugging
9204|il
9228|sql-server
9228|performance
9228|ado.net
9231|backup
9231|offsite
9237|c#
9237|ienumerable
9237|ienumerator
9240|architecture
9256|flex
9256|actionscript-3
9256|firefox
9272|version-control
9272|perforce
9275|sql-server
9275|visual-studio
9275|sql-server-2008
9275|reporting-services
9275|odbc
9279|linux
9279|osx
9279|ssh
9279|sftp
9289|javascript
9289|functional-programming
9289|data-manipulation
9289|client-scripting
9301|javascript
9301|internet-explorer
9301|events
9301|internet-explorer-7
9303|c#
9303|regex
9303|perl
9304|c#
9304|.net
9304|automatic-properties
9314|c#
9314|.net
9314|winforms
9314|visual-studio-2008
9314|visual-studio-2005
9321|c++
9321|oop
9321|class
9321|syntax
9321|static
9331|php
9331|e-commerce
9331|quickbooks
9331|accounting
9332|career-development
9336|.net
9336|asp.net
9336|sitemap
9338|monitoring
9338|logging
9341|asp.net
9341|javascript
9347|language-agnostic
9355|windows
9355|explorer
9355|windows-shell
9361|java
9361|ajax
9361|jsf
9361|icefaces
9372|http
9372|iis
9372|iis-7
9372|cookies
9372|windows-vista
9376|c#
9376|.net
9376|deployment
9376|ilmerge
9383|sql-server
9383|sql-server-2005-express
9388|monitor
9388|environment
9389|stackoverflow
9389|belongs-on-uservoice
9399|language-agnostic
9399|web2.0
9409|asp.net
9409|vb.net
9409|datagrid
9409|report
9410|c
9410|function
9410|pointers
9410|syntax
9410|parameters
9433|user-interface
9433|oop
9433|coding-style
9434|javascript
9434|events
9434|listener
9435|html
9435|mobile
9435|responsive-design
9435|wap
9435|wml
9439|polls
9455|php
9455|continuous-integration
9455|openbsd
9455|xinc
9467|.net
9467|web-services
9467|rest
9472|c#
9472|.net
9472|wcf
9473|asp.net
9473|postback
9484|stackoverflow
9484|tags
9484|belongs-on-uservoice
9486|c#
9486|visual-studio
9498|stackoverflow
9498|uservoice
9501|asp.net
9501|performance
9501|memory
9501|crash
9501|cpu
9508|c#
9508|.net
9508|.net-3.5
9517|stackoverflow
9517|spellchecking
9517|belongs-on-uservoice
9538|stackoverflow
9538|sofaq
9543|sharepoint
9543|deployment
9543|production
9545|history
9545|inspiration
9551|stackoverflow
9551|blogs
9551|review
9570|linker
9570|c++-cli
9570|mixed-mode
9574|language-agnostic
9589|c++
9589|c
9589|cross-platform
9589|makefile
9591|wpf
9598|sql-server
9599|javascript
9599|firefox
9600|sofaq
9600|etiquette
9601|visual-studio
9603|language-agnostic
9612|vb.net
9612|active-directory
9612|directoryservices
9612|distribution-list
9614|sql
9614|mysql
9615|cross-browser
9615|svg
9615|vector-graphics
9615|vml
9629|c++
9629|windows
9629|waveout
9632|wpf
9632|xaml
9632|.net-3.5
9650|lisp
9650|scheme
9662|.net-3.5
9664|language
9664|technologies
9664|paradigms
9664|manager
9666|c#
9666|multithreading
9667|c++
9667|windows
9667|winapi
9673|c#
9673|arrays
9675|concurrency
9675|locking
9675|versioning
9687|sql
9687|database-design
9687|design-patterns
9687|dynamic-sql
9687|table-structure
9693|visual-studio
9693|visual-studio-2008
9693|ide
9693|visual-studio-2005
9693|macros
9702|database
9704|mfc
9704|mouse
9704|visibility
9704|ccombobox
9705|intellectual-property
9729|visual-studio
9729|visual-studio-2008
9729|vsx
9729|extensibility
9734|c#
9734|.net
9745|open-source
9745|windows-mobile
9745|ocr
9749|virtualization
9750|language-agnostic
9751|asp.net
9751|email
9761|untagged
9769|eclipse
9769|flexbuilder
9769|textmate
9773|jobs
9773|union
9773|rights
9783|sql-server
9783|database
9783|oracle-xe
9800|stackoverflow
9800|security
9800|hacking
9800|stresstesting
9800|security
9805|c#
9805|asp.net
9820|project-management
9825|apache
9831|javascript
9831|drag-and-drop
9831|mootools
9836|c#
9836|erp
9841|iphone
9841|exchange
9843|mvc
9843|templates
9843|tag-soup
9846|.net
9846|windows
9846|linux
9846|user-interface
9856|security
9856|networking
9856|vpn
9866|algorithm
9866|classic
9866|backtracking
9876|dynamics
9876|erp
9876|microsoft
9877|content-management-system
9882|algorithm
9882|parsing
9882|logging
9882|printf
9882|normalizing
9885|language
9905|language-agnostic
9905|ms-office
9905|office-automation
9908|language-agnostic
9908|project-management
9908|project-management-tools
9913|java
9913|file-io
9926|multithreading
9926|concurrency
9928|eclipse
9928|groovy
9928|junit
9932|sql-server
9932|database
9932|oracle
9938|c++
9938|generics
9938|iteration
9938|containers
9942|queue
9942|email
9942|highavailability
9951|visual-studio
9951|editor
9951|themes
9951|colors
9951|color-scheme
9953|vmware
9953|clipboard
9973|fonts
9974|sql
9974|sql-server
9974|sql-server-2005
9977|.net
9977|user
9978|stackoverflow
9978|beta
9978|releasing
9978|features
9984|forum
9984|questions
9984|emoticons
9984|smilies
10000|stackoverflow
10006|wcf
10006|silverlight
10006|compression
10006|gzip
10015|stackoverflow
10015|education
10038|javascript
10038|animation
10042|java
10042|data-structures
10042|linked-list
10043|.net
10059|c++
10059|windows
10059|user-interface
10059|mfc
10061|api
10061|gps
10066|database
10066|sql-server-2005
10066|documentation
10071|c#
10071|winforms
10071|multithreading
10071|compact-framework
10072|design
10082|iphone
10082|exchange
10083|windows
10083|osx
10083|command-line
10083|terminal
10088|visual-studio
10088|tfs
10098|c#
10098|asp.net
10098|asp.net-mvc
10098|testing
10100|stackoverflow
10118|code-golf
10118|user-agent
10123|python
10127|visual-studio
10147|duplicate
10149|regex
10149|emacs
10149|lisp
10158|regex
10158|xpath
10169|stackoverflow
10190|.net
10190|sql
10190|linq
10190|pagination
10198|stackoverflow
10198|sad
10199|programming-languages
10205|c#
10205|text-parsing
10205|delimited-text
10215|ruby
10216|design
10216|compiler
10228|php
10228|unit-testing
10228|phpunit
10229|.net
10229|multithreading
10230|string
10230|optimization
10230|language-agnostic
10230|compiler-construction
10238|ide
10238|environment
10238|text-editor
10243|browser
10243|png
10243|transparency
10256|android
10256|linux
10256|eclipse
10260|asp.net
10274|c#
10274|.net
10274|multithreading
10274|design
10274|design-decisions
10293|performance
10293|aptana
10293|jaxer
10300|asp.net-mvc
10300|validation
10303|database
10303|foxpro
10308|svn
10309|compact-framework
10309|windows-ce
10313|powershell
10313|scripting
10313|command-line
10313|moss
10313|wss
10314|objective-c
10314|cocoa
10323|ruby
10323|string
10323|io
10323|buffer
10324|c
10324|performance
10324|hex
10324|strtol
10349|winforms
10349|multithreading
10351|stackoverflow
10366|javascript
10366|html
10366|css
10394|stackoverflow
10394|belongs-on-uservoice
10412|c#
10412|.net
10412|ms-word
10412|openxml
10425|asp.net-mvc
10425|model-view-controller
10426|windows
10426|editor
10426|hex
10426|endianness
10426|hex-editors
10435|configuration
10435|iis-7
10435|impersonation
10443|c
10443|architecture
10443|command-line
10443|io
10456|c#
10456|.net
10456|winforms
10458|c#
10458|data-structures
10458|set
10475|editor
10475|touch-typing
10477|graphics
10477|interpolation
10477|bezier
10477|curve
10478|javascript
10478|browser
10486|unit-testing
10486|performance
10490|open-source
10490|polls
10490|project-hosting
10490|free-software
10499|oracle
10499|connection
10499|tnsnames
10499|tns
10506|java
10506|db2
10506|dbunit
10506|db2-luw
10515|php
10515|windows
10515|iis
10515|portability
10515|lamp
10524|.net
10524|linq
10524|entity-framework
10524|linq-to-entities
10531|c#
10531|reflection
10532|php
10532|postgresql
10533|regex
10533|perl
10553|hackernews
10553|rss
10564|windows
10564|git
10564|cygwin
10564|editor
10568|stackoverflow
10568|tags
10575|voip
10575|voice
10575|telephony
10575|ivr
10580|binding
10580|dynamic-binding
10580|static-binding
10583|language-agnostic
10586|java
10586|xml
10586|stax
10595|ruby
10599|webpage
10600|database
10600|hardware
10600|storage
10600|raid
10600|disk
10601|untagged
10604|sql-server
10604|optimization
10610|regex
10615|stackoverflow
10615|tags
10615|questions
10616|mysql
10616|sql-server
10616|tsql
10634|msbuild
10634|build-process
10634|build-automation
10634|nant
10635|powershell
10642|stackoverflow
10642|javascript
10642|greasemonkey
10644|c#
10644|.net
10644|profiling
10644|profiler
10658|c#
10658|asp.net
10658|icalendar
10661|c#
10661|asp.net
10661|asp.net-mvc
10661|outputcache
10666|language-agnostic
10666|language-features
10668|c
10668|osx
10668|memory
10668|ptrace
10670|c#
10670|.net-3.5
10670|.net-2.0
10670|remoting
10670|rpc
10680|c
10680|linux
10688|sql
10688|sql-server
10688|database
10688|diff
10690|stackoverflow
10690|badge
10690|organizer
10699|stackoverflow
10699|editing
10703|storage
10703|nas
10715|testing
10715|qa
10727|sql
10727|cursors
10731|sql-server
10731|security
10731|passwords
10735|stackoverflow
10735|offensive
10743|stackoverflow
10743|questions
10752|unit-testing
10752|integration-testing
10782|asp.net
10782|iis-7
10782|.net-2.0
10793|asp.net
10793|exception
10793|user-controls
10798|asp.net
10798|visual-studio
10798|web-site-project
10798|web-application-project
10808|ruby-on-rails
10808|ruby
10810|c#
10810|winforms
10810|authorization
10810|adam
10810|azman
10819|sql
10819|sql-server
10822|.net
10822|database
10822|connection
10822|connection-string
10825|sql-server
10825|database
10825|tsql
10825|datetime
10836|.net
10836|content-management-system
10848|ios
10848|objective-c
10848|cocoa-touch
10848|sms
10855|c#
10855|.net
10855|linq
10855|datatable
10855|.net-3.5
10860|.net
10860|n-tier
10870|actionscript-3
10870|flex
10870|drag-and-drop
10872|language-agnostic
10877|html
10877|css
10877|html-lists
10877|roman-numerals
10880|c++
10880|emacs
10891|sql-server
10891|mfc
10898|sql-server
10898|db2
10901|c#
10901|c++
10901|winforms
10901|mfc
10901|user-interface
10905|c#
10905|.net
10905|winforms
10915|c#
10915|nhibernate
10919|sql-server
10919|fillfactor
10925|language-agnostic
10925|input-validation
10926|flex
10926|actionscript-3
10926|e4x
10930|language
10930|platform
10930|technologies
10933|.net
10933|asp.net
10933|svn
10935|exception
10935|com
10935|dll
10935|trace
10936|education
10942|stackoverflow
10949|c#
10949|.net
10949|unit-testing
10953|untagged
10961|sharepoint
10961|project-management
10961|wiki
10961|mediawiki
10961|knowledge-management
10980|java
10980|.net
10980|ikvm
10980|gnu-classpath
10985|c++
10985|stack
10985|heap
10990|php
10990|apache
10990|upload
10999|visual-studio
10999|tfs
11016|stackoverflow
11016|algorithm
11016|theory
11028|sql
11043|sql
11043|alias
11045|excel
11045|excel-vba
11045|user-defined-functions
11046|.net
11046|forum
11055|database
11055|oracle
11060|c++
11060|python
11060|unit-testing
11060|code-generation
11060|swig
11070|books
11070|reference
11085|perl
11085|reference
11085|types
11088|java
11088|byte
11088|unsigned
11088|signed
11099|language-agnostic
11099|documentation
11099|language-features
11099|readability
11112|iphone
11112|wiki
11112|mobile-website
11127|c++
11127|windows-xp
11127|networking
11127|windows-nt
11135|asp-classic
11135|vbscript
11141|asp.net
11141|sql
11141|caching
11145|ruby
11145|graphics
11145|drawing
11147|php
11147|charts
11152|.net
11152|workflow
11152|workflow-foundation
11156|keyboard
11156|mouse
11156|desktop
11158|maththeorems
11158|php
11158|language-agnostic
11174|php
11174|mysql
11194|c#
11194|linq
11194|linq-to-sql
11194|.net-3.5
11199|.net
11199|frameworks
11199|dependencies
11200|tsql
11200|sqlite
11200|date
11219|web-services
11219|rest
11219|asp-classic
11246|javascript
11248|licensing
11248|trialware
11263|user-interface
11263|design-patterns
11267|c#
11267|asp.net
11267|user-controls
11267|attributes
11275|outlook
11275|exchange-server
11279|vb.net
11279|visual-studio
11288|c#
11288|.net
11288|wpf
11288|data-binding
11288|collections
11291|objective-c
11291|cocoa
11291|events
11294|stackoverflow
11294|markdown
11305|xml
11305|vba
11311|winforms
11311|text
11311|formatting
11311|label
11313|career-development
11318|.net
11318|winforms
11318|animation
11330|c
11330|architecture
11330|pointers
11333|asp.net-mvc
11333|open-source
11333|subsonic
11333|licensing
11333|argotic
11338|java
11338|jni
11338|twain
11338|image-scanner
11341|java
11341|pdf
11341|webobjects
11345|c#
11345|xml
11345|xpath
11345|namespaces
11350|untagged
11359|windows
11359|performance
11359|sysadmin
11362|security
11362|project-management
11362|passwords
11368|polls
11368|interview-questions
11381|algorithm
11381|numbers
11405|c++
11405|templates
11405|base-class
11405|class-members
11405|name-lookup
11420|development-practice
11420|development-environment
11423|c#
11423|wpf
11423|mfc
11426|wiki
11430|sql-server
11430|sql-server-2008
11439|.net
11439|visual-studio
11439|windows-installer
11439|installation
11439|projects
11459|linux
11459|power-management
11459|laptop
11460|.net
11460|asp.net
11460|iis
11462|sharepoint
11462|automation
11462|sharepoint-wiki
11464|interview-questions
11477|visual-studio
11477|reporting-services
11489|windows
11489|power-management
11489|laptop
11491|c++
11491|string
11491|unicode
11500|asp.net
11500|ajax
11500|optimization
11500|performance
11514|keyboard
11514|dvorak
